[
  {
    "login": ["tylersco"],
    "id": [10506821],
    "node_id": ["MDQ6VXNlcjEwNTA2ODIx"],
    "avatar_url": ["https://avatars0.githubusercontent.com/u/10506821?v=4"],
    "gravatar_id": [""],
    "url": ["https://api.github.com/users/tylersco"],
    "html_url": ["https://github.com/tylersco"],
    "followers_url": ["https://api.github.com/users/tylersco/followers"],
    "following_url": ["https://api.github.com/users/tylersco/following{/other_user}"],
    "gists_url": ["https://api.github.com/users/tylersco/gists{/gist_id}"],
    "starred_url": ["https://api.github.com/users/tylersco/starred{/owner}{/repo}"],
    "subscriptions_url": ["https://api.github.com/users/tylersco/subscriptions"],
    "organizations_url": ["https://api.github.com/users/tylersco/orgs"],
    "repos_url": ["https://api.github.com/users/tylersco/repos"],
    "events_url": ["https://api.github.com/users/tylersco/events{/privacy}"],
    "received_events_url": ["https://api.github.com/users/tylersco/received_events"],
    "type": ["User"],
    "site_admin": [false]
  }
]
