[
  {
    "login": ["BryanBo-Cao"],
    "id": [14010288],
    "node_id": ["MDQ6VXNlcjE0MDEwMjg4"],
    "avatar_url": ["https://avatars3.githubusercontent.com/u/14010288?v=4"],
    "gravatar_id": [""],
    "url": ["https://api.github.com/users/BryanBo-Cao"],
    "html_url": ["https://github.com/BryanBo-Cao"],
    "followers_url": ["https://api.github.com/users/BryanBo-Cao/followers"],
    "following_url": ["https://api.github.com/users/BryanBo-Cao/following{/other_user}"],
    "gists_url": ["https://api.github.com/users/BryanBo-Cao/gists{/gist_id}"],
    "starred_url": ["https://api.github.com/users/BryanBo-Cao/starred{/owner}{/repo}"],
    "subscriptions_url": ["https://api.github.com/users/BryanBo-Cao/subscriptions"],
    "organizations_url": ["https://api.github.com/users/BryanBo-Cao/orgs"],
    "repos_url": ["https://api.github.com/users/BryanBo-Cao/repos"],
    "events_url": ["https://api.github.com/users/BryanBo-Cao/events{/privacy}"],
    "received_events_url": ["https://api.github.com/users/BryanBo-Cao/received_events"],
    "type": ["User"],
    "site_admin": [false]
  }
]
