[
  {
    "login": ["aroraakshit"],
    "id": [30349184],
    "node_id": ["MDQ6VXNlcjMwMzQ5MTg0"],
    "avatar_url": ["https://avatars1.githubusercontent.com/u/30349184?v=4"],
    "gravatar_id": [""],
    "url": ["https://api.github.com/users/aroraakshit"],
    "html_url": ["https://github.com/aroraakshit"],
    "followers_url": ["https://api.github.com/users/aroraakshit/followers"],
    "following_url": ["https://api.github.com/users/aroraakshit/following{/other_user}"],
    "gists_url": ["https://api.github.com/users/aroraakshit/gists{/gist_id}"],
    "starred_url": ["https://api.github.com/users/aroraakshit/starred{/owner}{/repo}"],
    "subscriptions_url": ["https://api.github.com/users/aroraakshit/subscriptions"],
    "organizations_url": ["https://api.github.com/users/aroraakshit/orgs"],
    "repos_url": ["https://api.github.com/users/aroraakshit/repos"],
    "events_url": ["https://api.github.com/users/aroraakshit/events{/privacy}"],
    "received_events_url": ["https://api.github.com/users/aroraakshit/received_events"],
    "type": ["User"],
    "site_admin": [false]
  }
]
