[
  {
    "login": ["rc1208"],
    "id": [8766427],
    "node_id": ["MDQ6VXNlcjg3NjY0Mjc="],
    "avatar_url": ["https://avatars2.githubusercontent.com/u/8766427?v=4"],
    "gravatar_id": [""],
    "url": ["https://api.github.com/users/rc1208"],
    "html_url": ["https://github.com/rc1208"],
    "followers_url": ["https://api.github.com/users/rc1208/followers"],
    "following_url": ["https://api.github.com/users/rc1208/following{/other_user}"],
    "gists_url": ["https://api.github.com/users/rc1208/gists{/gist_id}"],
    "starred_url": ["https://api.github.com/users/rc1208/starred{/owner}{/repo}"],
    "subscriptions_url": ["https://api.github.com/users/rc1208/subscriptions"],
    "organizations_url": ["https://api.github.com/users/rc1208/orgs"],
    "repos_url": ["https://api.github.com/users/rc1208/repos"],
    "events_url": ["https://api.github.com/users/rc1208/events{/privacy}"],
    "received_events_url": ["https://api.github.com/users/rc1208/received_events"],
    "type": ["User"],
    "site_admin": [false]
  }
]
