[
  {
    "login": ["CodeReclaimers"],
    "id": [12574428],
    "node_id": ["MDQ6VXNlcjEyNTc0NDI4"],
    "avatar_url": ["https://avatars0.githubusercontent.com/u/12574428?v=4"],
    "gravatar_id": [""],
    "url": ["https://api.github.com/users/CodeReclaimers"],
    "html_url": ["https://github.com/CodeReclaimers"],
    "followers_url": ["https://api.github.com/users/CodeReclaimers/followers"],
    "following_url": ["https://api.github.com/users/CodeReclaimers/following{/other_user}"],
    "gists_url": ["https://api.github.com/users/CodeReclaimers/gists{/gist_id}"],
    "starred_url": ["https://api.github.com/users/CodeReclaimers/starred{/owner}{/repo}"],
    "subscriptions_url": ["https://api.github.com/users/CodeReclaimers/subscriptions"],
    "organizations_url": ["https://api.github.com/users/CodeReclaimers/orgs"],
    "repos_url": ["https://api.github.com/users/CodeReclaimers/repos"],
    "events_url": ["https://api.github.com/users/CodeReclaimers/events{/privacy}"],
    "received_events_url": ["https://api.github.com/users/CodeReclaimers/received_events"],
    "type": ["User"],
    "site_admin": [false]
  }
]
