[
  {
    "login": ["TetsumichiUmada"],
    "id": [28750625],
    "node_id": ["MDQ6VXNlcjI4NzUwNjI1"],
    "avatar_url": ["https://avatars1.githubusercontent.com/u/28750625?v=4"],
    "gravatar_id": [""],
    "url": ["https://api.github.com/users/TetsumichiUmada"],
    "html_url": ["https://github.com/TetsumichiUmada"],
    "followers_url": ["https://api.github.com/users/TetsumichiUmada/followers"],
    "following_url": ["https://api.github.com/users/TetsumichiUmada/following{/other_user}"],
    "gists_url": ["https://api.github.com/users/TetsumichiUmada/gists{/gist_id}"],
    "starred_url": ["https://api.github.com/users/TetsumichiUmada/starred{/owner}{/repo}"],
    "subscriptions_url": ["https://api.github.com/users/TetsumichiUmada/subscriptions"],
    "organizations_url": ["https://api.github.com/users/TetsumichiUmada/orgs"],
    "repos_url": ["https://api.github.com/users/TetsumichiUmada/repos"],
    "events_url": ["https://api.github.com/users/TetsumichiUmada/events{/privacy}"],
    "received_events_url": ["https://api.github.com/users/TetsumichiUmada/received_events"],
    "type": ["User"],
    "site_admin": [false]
  }
]
