[
  {
    "login": ["mstraughan86"],
    "id": [14251570],
    "node_id": ["MDQ6VXNlcjE0MjUxNTcw"],
    "avatar_url": ["https://avatars2.githubusercontent.com/u/14251570?v=4"],
    "gravatar_id": [""],
    "url": ["https://api.github.com/users/mstraughan86"],
    "html_url": ["https://github.com/mstraughan86"],
    "followers_url": ["https://api.github.com/users/mstraughan86/followers"],
    "following_url": ["https://api.github.com/users/mstraughan86/following{/other_user}"],
    "gists_url": ["https://api.github.com/users/mstraughan86/gists{/gist_id}"],
    "starred_url": ["https://api.github.com/users/mstraughan86/starred{/owner}{/repo}"],
    "subscriptions_url": ["https://api.github.com/users/mstraughan86/subscriptions"],
    "organizations_url": ["https://api.github.com/users/mstraughan86/orgs"],
    "repos_url": ["https://api.github.com/users/mstraughan86/repos"],
    "events_url": ["https://api.github.com/users/mstraughan86/events{/privacy}"],
    "received_events_url": ["https://api.github.com/users/mstraughan86/received_events"],
    "type": ["User"],
    "site_admin": [false]
  }
]
