[
  {
    "login": ["wuyuzaizai"],
    "id": [8765548],
    "node_id": ["MDQ6VXNlcjg3NjU1NDg="],
    "avatar_url": ["https://avatars1.githubusercontent.com/u/8765548?v=4"],
    "gravatar_id": [""],
    "url": ["https://api.github.com/users/wuyuzaizai"],
    "html_url": ["https://github.com/wuyuzaizai"],
    "followers_url": ["https://api.github.com/users/wuyuzaizai/followers"],
    "following_url": ["https://api.github.com/users/wuyuzaizai/following{/other_user}"],
    "gists_url": ["https://api.github.com/users/wuyuzaizai/gists{/gist_id}"],
    "starred_url": ["https://api.github.com/users/wuyuzaizai/starred{/owner}{/repo}"],
    "subscriptions_url": ["https://api.github.com/users/wuyuzaizai/subscriptions"],
    "organizations_url": ["https://api.github.com/users/wuyuzaizai/orgs"],
    "repos_url": ["https://api.github.com/users/wuyuzaizai/repos"],
    "events_url": ["https://api.github.com/users/wuyuzaizai/events{/privacy}"],
    "received_events_url": ["https://api.github.com/users/wuyuzaizai/received_events"],
    "type": ["User"],
    "site_admin": [false]
  }
]
