[
  {
    "login": ["ashwinroot"],
    "id": [13176112],
    "node_id": ["MDQ6VXNlcjEzMTc2MTEy"],
    "avatar_url": ["https://avatars3.githubusercontent.com/u/13176112?v=4"],
    "gravatar_id": [""],
    "url": ["https://api.github.com/users/ashwinroot"],
    "html_url": ["https://github.com/ashwinroot"],
    "followers_url": ["https://api.github.com/users/ashwinroot/followers"],
    "following_url": ["https://api.github.com/users/ashwinroot/following{/other_user}"],
    "gists_url": ["https://api.github.com/users/ashwinroot/gists{/gist_id}"],
    "starred_url": ["https://api.github.com/users/ashwinroot/starred{/owner}{/repo}"],
    "subscriptions_url": ["https://api.github.com/users/ashwinroot/subscriptions"],
    "organizations_url": ["https://api.github.com/users/ashwinroot/orgs"],
    "repos_url": ["https://api.github.com/users/ashwinroot/repos"],
    "events_url": ["https://api.github.com/users/ashwinroot/events{/privacy}"],
    "received_events_url": ["https://api.github.com/users/ashwinroot/received_events"],
    "type": ["User"],
    "site_admin": [false]
  }
]
