[
  {
    "login": ["miwalker"],
    "id": [11722319],
    "node_id": ["MDQ6VXNlcjExNzIyMzE5"],
    "avatar_url": ["https://avatars0.githubusercontent.com/u/11722319?v=4"],
    "gravatar_id": [""],
    "url": ["https://api.github.com/users/miwalker"],
    "html_url": ["https://github.com/miwalker"],
    "followers_url": ["https://api.github.com/users/miwalker/followers"],
    "following_url": ["https://api.github.com/users/miwalker/following{/other_user}"],
    "gists_url": ["https://api.github.com/users/miwalker/gists{/gist_id}"],
    "starred_url": ["https://api.github.com/users/miwalker/starred{/owner}{/repo}"],
    "subscriptions_url": ["https://api.github.com/users/miwalker/subscriptions"],
    "organizations_url": ["https://api.github.com/users/miwalker/orgs"],
    "repos_url": ["https://api.github.com/users/miwalker/repos"],
    "events_url": ["https://api.github.com/users/miwalker/events{/privacy}"],
    "received_events_url": ["https://api.github.com/users/miwalker/received_events"],
    "type": ["User"],
    "site_admin": [false]
  }
]
