[
  {
    "login": ["TetsumichiUmada-zz"],
    "id": [17627054],
    "node_id": ["MDQ6VXNlcjE3NjI3MDU0"],
    "avatar_url": ["https://avatars3.githubusercontent.com/u/17627054?v=4"],
    "gravatar_id": [""],
    "url": ["https://api.github.com/users/TetsumichiUmada-zz"],
    "html_url": ["https://github.com/TetsumichiUmada-zz"],
    "followers_url": ["https://api.github.com/users/TetsumichiUmada-zz/followers"],
    "following_url": ["https://api.github.com/users/TetsumichiUmada-zz/following{/other_user}"],
    "gists_url": ["https://api.github.com/users/TetsumichiUmada-zz/gists{/gist_id}"],
    "starred_url": ["https://api.github.com/users/TetsumichiUmada-zz/starred{/owner}{/repo}"],
    "subscriptions_url": ["https://api.github.com/users/TetsumichiUmada-zz/subscriptions"],
    "organizations_url": ["https://api.github.com/users/TetsumichiUmada-zz/orgs"],
    "repos_url": ["https://api.github.com/users/TetsumichiUmada-zz/repos"],
    "events_url": ["https://api.github.com/users/TetsumichiUmada-zz/events{/privacy}"],
    "received_events_url": ["https://api.github.com/users/TetsumichiUmada-zz/received_events"],
    "type": ["User"],
    "site_admin": [false]
  }
]
