[
  {
    "login": ["iamloved"],
    "id": [10097652],
    "node_id": ["MDQ6VXNlcjEwMDk3NjUy"],
    "avatar_url": ["https://avatars0.githubusercontent.com/u/10097652?v=4"],
    "gravatar_id": [""],
    "url": ["https://api.github.com/users/iamloved"],
    "html_url": ["https://github.com/iamloved"],
    "followers_url": ["https://api.github.com/users/iamloved/followers"],
    "following_url": ["https://api.github.com/users/iamloved/following{/other_user}"],
    "gists_url": ["https://api.github.com/users/iamloved/gists{/gist_id}"],
    "starred_url": ["https://api.github.com/users/iamloved/starred{/owner}{/repo}"],
    "subscriptions_url": ["https://api.github.com/users/iamloved/subscriptions"],
    "organizations_url": ["https://api.github.com/users/iamloved/orgs"],
    "repos_url": ["https://api.github.com/users/iamloved/repos"],
    "events_url": ["https://api.github.com/users/iamloved/events{/privacy}"],
    "received_events_url": ["https://api.github.com/users/iamloved/received_events"],
    "type": ["User"],
    "site_admin": [false]
  }
]
