[
  {
    "login": ["hotgarlic"],
    "id": [23513058],
    "node_id": ["MDQ6VXNlcjIzNTEzMDU4"],
    "avatar_url": ["https://avatars0.githubusercontent.com/u/23513058?v=4"],
    "gravatar_id": [""],
    "url": ["https://api.github.com/users/hotgarlic"],
    "html_url": ["https://github.com/hotgarlic"],
    "followers_url": ["https://api.github.com/users/hotgarlic/followers"],
    "following_url": ["https://api.github.com/users/hotgarlic/following{/other_user}"],
    "gists_url": ["https://api.github.com/users/hotgarlic/gists{/gist_id}"],
    "starred_url": ["https://api.github.com/users/hotgarlic/starred{/owner}{/repo}"],
    "subscriptions_url": ["https://api.github.com/users/hotgarlic/subscriptions"],
    "organizations_url": ["https://api.github.com/users/hotgarlic/orgs"],
    "repos_url": ["https://api.github.com/users/hotgarlic/repos"],
    "events_url": ["https://api.github.com/users/hotgarlic/events{/privacy}"],
    "received_events_url": ["https://api.github.com/users/hotgarlic/received_events"],
    "type": ["User"],
    "site_admin": [false]
  }
]
