[
  {
    "login": ["debanjan97"],
    "id": [15685948],
    "node_id": ["MDQ6VXNlcjE1Njg1OTQ4"],
    "avatar_url": ["https://avatars2.githubusercontent.com/u/15685948?v=4"],
    "gravatar_id": [""],
    "url": ["https://api.github.com/users/debanjan97"],
    "html_url": ["https://github.com/debanjan97"],
    "followers_url": ["https://api.github.com/users/debanjan97/followers"],
    "following_url": ["https://api.github.com/users/debanjan97/following{/other_user}"],
    "gists_url": ["https://api.github.com/users/debanjan97/gists{/gist_id}"],
    "starred_url": ["https://api.github.com/users/debanjan97/starred{/owner}{/repo}"],
    "subscriptions_url": ["https://api.github.com/users/debanjan97/subscriptions"],
    "organizations_url": ["https://api.github.com/users/debanjan97/orgs"],
    "repos_url": ["https://api.github.com/users/debanjan97/repos"],
    "events_url": ["https://api.github.com/users/debanjan97/events{/privacy}"],
    "received_events_url": ["https://api.github.com/users/debanjan97/received_events"],
    "type": ["User"],
    "site_admin": [false]
  }
]
