[
  {
    "login": ["jgdodson"],
    "id": [6977724],
    "node_id": ["MDQ6VXNlcjY5Nzc3MjQ="],
    "avatar_url": ["https://avatars3.githubusercontent.com/u/6977724?v=4"],
    "gravatar_id": [""],
    "url": ["https://api.github.com/users/jgdodson"],
    "html_url": ["https://github.com/jgdodson"],
    "followers_url": ["https://api.github.com/users/jgdodson/followers"],
    "following_url": ["https://api.github.com/users/jgdodson/following{/other_user}"],
    "gists_url": ["https://api.github.com/users/jgdodson/gists{/gist_id}"],
    "starred_url": ["https://api.github.com/users/jgdodson/starred{/owner}{/repo}"],
    "subscriptions_url": ["https://api.github.com/users/jgdodson/subscriptions"],
    "organizations_url": ["https://api.github.com/users/jgdodson/orgs"],
    "repos_url": ["https://api.github.com/users/jgdodson/repos"],
    "events_url": ["https://api.github.com/users/jgdodson/events{/privacy}"],
    "received_events_url": ["https://api.github.com/users/jgdodson/received_events"],
    "type": ["User"],
    "site_admin": [false]
  }
]
