[
  {
    "login": ["TermanEmil"],
    "id": [17416611],
    "node_id": ["MDQ6VXNlcjE3NDE2NjEx"],
    "avatar_url": ["https://avatars1.githubusercontent.com/u/17416611?v=4"],
    "gravatar_id": [""],
    "url": ["https://api.github.com/users/TermanEmil"],
    "html_url": ["https://github.com/TermanEmil"],
    "followers_url": ["https://api.github.com/users/TermanEmil/followers"],
    "following_url": ["https://api.github.com/users/TermanEmil/following{/other_user}"],
    "gists_url": ["https://api.github.com/users/TermanEmil/gists{/gist_id}"],
    "starred_url": ["https://api.github.com/users/TermanEmil/starred{/owner}{/repo}"],
    "subscriptions_url": ["https://api.github.com/users/TermanEmil/subscriptions"],
    "organizations_url": ["https://api.github.com/users/TermanEmil/orgs"],
    "repos_url": ["https://api.github.com/users/TermanEmil/repos"],
    "events_url": ["https://api.github.com/users/TermanEmil/events{/privacy}"],
    "received_events_url": ["https://api.github.com/users/TermanEmil/received_events"],
    "type": ["User"],
    "site_admin": [false]
  }
]
