[
  {
    "login": ["jazdev"],
    "id": [3956807],
    "node_id": ["MDQ6VXNlcjM5NTY4MDc="],
    "avatar_url": ["https://avatars3.githubusercontent.com/u/3956807?v=4"],
    "gravatar_id": [""],
    "url": ["https://api.github.com/users/jazdev"],
    "html_url": ["https://github.com/jazdev"],
    "followers_url": ["https://api.github.com/users/jazdev/followers"],
    "following_url": ["https://api.github.com/users/jazdev/following{/other_user}"],
    "gists_url": ["https://api.github.com/users/jazdev/gists{/gist_id}"],
    "starred_url": ["https://api.github.com/users/jazdev/starred{/owner}{/repo}"],
    "subscriptions_url": ["https://api.github.com/users/jazdev/subscriptions"],
    "organizations_url": ["https://api.github.com/users/jazdev/orgs"],
    "repos_url": ["https://api.github.com/users/jazdev/repos"],
    "events_url": ["https://api.github.com/users/jazdev/events{/privacy}"],
    "received_events_url": ["https://api.github.com/users/jazdev/received_events"],
    "type": ["User"],
    "site_admin": [false]
  }
]
