[
  {
    "login": ["naveenkrify"],
    "id": [46560524],
    "node_id": ["MDQ6VXNlcjQ2NTYwNTI0"],
    "avatar_url": ["https://avatars2.githubusercontent.com/u/46560524?v=4"],
    "gravatar_id": [""],
    "url": ["https://api.github.com/users/naveenkrify"],
    "html_url": ["https://github.com/naveenkrify"],
    "followers_url": ["https://api.github.com/users/naveenkrify/followers"],
    "following_url": ["https://api.github.com/users/naveenkrify/following{/other_user}"],
    "gists_url": ["https://api.github.com/users/naveenkrify/gists{/gist_id}"],
    "starred_url": ["https://api.github.com/users/naveenkrify/starred{/owner}{/repo}"],
    "subscriptions_url": ["https://api.github.com/users/naveenkrify/subscriptions"],
    "organizations_url": ["https://api.github.com/users/naveenkrify/orgs"],
    "repos_url": ["https://api.github.com/users/naveenkrify/repos"],
    "events_url": ["https://api.github.com/users/naveenkrify/events{/privacy}"],
    "received_events_url": ["https://api.github.com/users/naveenkrify/received_events"],
    "type": ["User"],
    "site_admin": [false]
  }
]
