[
  {
    "login": ["zclfly"],
    "id": [652544],
    "node_id": ["MDQ6VXNlcjY1MjU0NA=="],
    "avatar_url": ["https://avatars3.githubusercontent.com/u/652544?v=4"],
    "gravatar_id": [""],
    "url": ["https://api.github.com/users/zclfly"],
    "html_url": ["https://github.com/zclfly"],
    "followers_url": ["https://api.github.com/users/zclfly/followers"],
    "following_url": ["https://api.github.com/users/zclfly/following{/other_user}"],
    "gists_url": ["https://api.github.com/users/zclfly/gists{/gist_id}"],
    "starred_url": ["https://api.github.com/users/zclfly/starred{/owner}{/repo}"],
    "subscriptions_url": ["https://api.github.com/users/zclfly/subscriptions"],
    "organizations_url": ["https://api.github.com/users/zclfly/orgs"],
    "repos_url": ["https://api.github.com/users/zclfly/repos"],
    "events_url": ["https://api.github.com/users/zclfly/events{/privacy}"],
    "received_events_url": ["https://api.github.com/users/zclfly/received_events"],
    "type": ["User"],
    "site_admin": [false]
  }
]
