[
  {
    "login": ["Joannahuang100"],
    "id": [44732343],
    "node_id": ["MDQ6VXNlcjQ0NzMyMzQz"],
    "avatar_url": ["https://avatars3.githubusercontent.com/u/44732343?v=4"],
    "gravatar_id": [""],
    "url": ["https://api.github.com/users/Joannahuang100"],
    "html_url": ["https://github.com/Joannahuang100"],
    "followers_url": ["https://api.github.com/users/Joannahuang100/followers"],
    "following_url": ["https://api.github.com/users/Joannahuang100/following{/other_user}"],
    "gists_url": ["https://api.github.com/users/Joannahuang100/gists{/gist_id}"],
    "starred_url": ["https://api.github.com/users/Joannahuang100/starred{/owner}{/repo}"],
    "subscriptions_url": ["https://api.github.com/users/Joannahuang100/subscriptions"],
    "organizations_url": ["https://api.github.com/users/Joannahuang100/orgs"],
    "repos_url": ["https://api.github.com/users/Joannahuang100/repos"],
    "events_url": ["https://api.github.com/users/Joannahuang100/events{/privacy}"],
    "received_events_url": ["https://api.github.com/users/Joannahuang100/received_events"],
    "type": ["User"],
    "site_admin": [false]
  }
]
