[
  {
    "login": ["WaylandGod"],
    "id": [6711913],
    "node_id": ["MDQ6VXNlcjY3MTE5MTM="],
    "avatar_url": ["https://avatars2.githubusercontent.com/u/6711913?v=4"],
    "gravatar_id": [""],
    "url": ["https://api.github.com/users/WaylandGod"],
    "html_url": ["https://github.com/WaylandGod"],
    "followers_url": ["https://api.github.com/users/WaylandGod/followers"],
    "following_url": ["https://api.github.com/users/WaylandGod/following{/other_user}"],
    "gists_url": ["https://api.github.com/users/WaylandGod/gists{/gist_id}"],
    "starred_url": ["https://api.github.com/users/WaylandGod/starred{/owner}{/repo}"],
    "subscriptions_url": ["https://api.github.com/users/WaylandGod/subscriptions"],
    "organizations_url": ["https://api.github.com/users/WaylandGod/orgs"],
    "repos_url": ["https://api.github.com/users/WaylandGod/repos"],
    "events_url": ["https://api.github.com/users/WaylandGod/events{/privacy}"],
    "received_events_url": ["https://api.github.com/users/WaylandGod/received_events"],
    "type": ["User"],
    "site_admin": [false]
  }
]
