[
  {
    "login": ["dahai229"],
    "id": [14248338],
    "node_id": ["MDQ6VXNlcjE0MjQ4MzM4"],
    "avatar_url": ["https://avatars3.githubusercontent.com/u/14248338?v=4"],
    "gravatar_id": [""],
    "url": ["https://api.github.com/users/dahai229"],
    "html_url": ["https://github.com/dahai229"],
    "followers_url": ["https://api.github.com/users/dahai229/followers"],
    "following_url": ["https://api.github.com/users/dahai229/following{/other_user}"],
    "gists_url": ["https://api.github.com/users/dahai229/gists{/gist_id}"],
    "starred_url": ["https://api.github.com/users/dahai229/starred{/owner}{/repo}"],
    "subscriptions_url": ["https://api.github.com/users/dahai229/subscriptions"],
    "organizations_url": ["https://api.github.com/users/dahai229/orgs"],
    "repos_url": ["https://api.github.com/users/dahai229/repos"],
    "events_url": ["https://api.github.com/users/dahai229/events{/privacy}"],
    "received_events_url": ["https://api.github.com/users/dahai229/received_events"],
    "type": ["User"],
    "site_admin": [false]
  }
]
