[
  {
    "login": ["bdotu"],
    "id": [7852848],
    "node_id": ["MDQ6VXNlcjc4NTI4NDg="],
    "avatar_url": ["https://avatars2.githubusercontent.com/u/7852848?v=4"],
    "gravatar_id": [""],
    "url": ["https://api.github.com/users/bdotu"],
    "html_url": ["https://github.com/bdotu"],
    "followers_url": ["https://api.github.com/users/bdotu/followers"],
    "following_url": ["https://api.github.com/users/bdotu/following{/other_user}"],
    "gists_url": ["https://api.github.com/users/bdotu/gists{/gist_id}"],
    "starred_url": ["https://api.github.com/users/bdotu/starred{/owner}{/repo}"],
    "subscriptions_url": ["https://api.github.com/users/bdotu/subscriptions"],
    "organizations_url": ["https://api.github.com/users/bdotu/orgs"],
    "repos_url": ["https://api.github.com/users/bdotu/repos"],
    "events_url": ["https://api.github.com/users/bdotu/events{/privacy}"],
    "received_events_url": ["https://api.github.com/users/bdotu/received_events"],
    "type": ["User"],
    "site_admin": [false]
  }
]
