[
  {
    "login": ["paba"],
    "id": [1038418],
    "node_id": ["MDQ6VXNlcjEwMzg0MTg="],
    "avatar_url": ["https://avatars0.githubusercontent.com/u/1038418?v=4"],
    "gravatar_id": [""],
    "url": ["https://api.github.com/users/paba"],
    "html_url": ["https://github.com/paba"],
    "followers_url": ["https://api.github.com/users/paba/followers"],
    "following_url": ["https://api.github.com/users/paba/following{/other_user}"],
    "gists_url": ["https://api.github.com/users/paba/gists{/gist_id}"],
    "starred_url": ["https://api.github.com/users/paba/starred{/owner}{/repo}"],
    "subscriptions_url": ["https://api.github.com/users/paba/subscriptions"],
    "organizations_url": ["https://api.github.com/users/paba/orgs"],
    "repos_url": ["https://api.github.com/users/paba/repos"],
    "events_url": ["https://api.github.com/users/paba/events{/privacy}"],
    "received_events_url": ["https://api.github.com/users/paba/received_events"],
    "type": ["User"],
    "site_admin": [false]
  }
]
