[
  {
    "login": ["bharathvu"],
    "id": [2588504],
    "node_id": ["MDQ6VXNlcjI1ODg1MDQ="],
    "avatar_url": ["https://avatars0.githubusercontent.com/u/2588504?v=4"],
    "gravatar_id": [""],
    "url": ["https://api.github.com/users/bharathvu"],
    "html_url": ["https://github.com/bharathvu"],
    "followers_url": ["https://api.github.com/users/bharathvu/followers"],
    "following_url": ["https://api.github.com/users/bharathvu/following{/other_user}"],
    "gists_url": ["https://api.github.com/users/bharathvu/gists{/gist_id}"],
    "starred_url": ["https://api.github.com/users/bharathvu/starred{/owner}{/repo}"],
    "subscriptions_url": ["https://api.github.com/users/bharathvu/subscriptions"],
    "organizations_url": ["https://api.github.com/users/bharathvu/orgs"],
    "repos_url": ["https://api.github.com/users/bharathvu/repos"],
    "events_url": ["https://api.github.com/users/bharathvu/events{/privacy}"],
    "received_events_url": ["https://api.github.com/users/bharathvu/received_events"],
    "type": ["User"],
    "site_admin": [false]
  }
]
