[
  {
    "login": ["rismalrv"],
    "id": [691740],
    "node_id": ["MDQ6VXNlcjY5MTc0MA=="],
    "avatar_url": ["https://avatars1.githubusercontent.com/u/691740?v=4"],
    "gravatar_id": [""],
    "url": ["https://api.github.com/users/rismalrv"],
    "html_url": ["https://github.com/rismalrv"],
    "followers_url": ["https://api.github.com/users/rismalrv/followers"],
    "following_url": ["https://api.github.com/users/rismalrv/following{/other_user}"],
    "gists_url": ["https://api.github.com/users/rismalrv/gists{/gist_id}"],
    "starred_url": ["https://api.github.com/users/rismalrv/starred{/owner}{/repo}"],
    "subscriptions_url": ["https://api.github.com/users/rismalrv/subscriptions"],
    "organizations_url": ["https://api.github.com/users/rismalrv/orgs"],
    "repos_url": ["https://api.github.com/users/rismalrv/repos"],
    "events_url": ["https://api.github.com/users/rismalrv/events{/privacy}"],
    "received_events_url": ["https://api.github.com/users/rismalrv/received_events"],
    "type": ["User"],
    "site_admin": [false]
  }
]
