[
  {
    "login": ["AreYouQQ"],
    "id": [37007704],
    "node_id": ["MDQ6VXNlcjM3MDA3NzA0"],
    "avatar_url": ["https://avatars0.githubusercontent.com/u/37007704?v=4"],
    "gravatar_id": [""],
    "url": ["https://api.github.com/users/AreYouQQ"],
    "html_url": ["https://github.com/AreYouQQ"],
    "followers_url": ["https://api.github.com/users/AreYouQQ/followers"],
    "following_url": ["https://api.github.com/users/AreYouQQ/following{/other_user}"],
    "gists_url": ["https://api.github.com/users/AreYouQQ/gists{/gist_id}"],
    "starred_url": ["https://api.github.com/users/AreYouQQ/starred{/owner}{/repo}"],
    "subscriptions_url": ["https://api.github.com/users/AreYouQQ/subscriptions"],
    "organizations_url": ["https://api.github.com/users/AreYouQQ/orgs"],
    "repos_url": ["https://api.github.com/users/AreYouQQ/repos"],
    "events_url": ["https://api.github.com/users/AreYouQQ/events{/privacy}"],
    "received_events_url": ["https://api.github.com/users/AreYouQQ/received_events"],
    "type": ["User"],
    "site_admin": [false]
  }
]
