[
  {
    "login": ["nanfengpo"],
    "id": [4978844],
    "node_id": ["MDQ6VXNlcjQ5Nzg4NDQ="],
    "avatar_url": ["https://avatars2.githubusercontent.com/u/4978844?v=4"],
    "gravatar_id": [""],
    "url": ["https://api.github.com/users/nanfengpo"],
    "html_url": ["https://github.com/nanfengpo"],
    "followers_url": ["https://api.github.com/users/nanfengpo/followers"],
    "following_url": ["https://api.github.com/users/nanfengpo/following{/other_user}"],
    "gists_url": ["https://api.github.com/users/nanfengpo/gists{/gist_id}"],
    "starred_url": ["https://api.github.com/users/nanfengpo/starred{/owner}{/repo}"],
    "subscriptions_url": ["https://api.github.com/users/nanfengpo/subscriptions"],
    "organizations_url": ["https://api.github.com/users/nanfengpo/orgs"],
    "repos_url": ["https://api.github.com/users/nanfengpo/repos"],
    "events_url": ["https://api.github.com/users/nanfengpo/events{/privacy}"],
    "received_events_url": ["https://api.github.com/users/nanfengpo/received_events"],
    "type": ["User"],
    "site_admin": [false]
  }
]
