[
  {
    "login": ["lin-wish"],
    "id": [8881622],
    "node_id": ["MDQ6VXNlcjg4ODE2MjI="],
    "avatar_url": ["https://avatars1.githubusercontent.com/u/8881622?v=4"],
    "gravatar_id": [""],
    "url": ["https://api.github.com/users/lin-wish"],
    "html_url": ["https://github.com/lin-wish"],
    "followers_url": ["https://api.github.com/users/lin-wish/followers"],
    "following_url": ["https://api.github.com/users/lin-wish/following{/other_user}"],
    "gists_url": ["https://api.github.com/users/lin-wish/gists{/gist_id}"],
    "starred_url": ["https://api.github.com/users/lin-wish/starred{/owner}{/repo}"],
    "subscriptions_url": ["https://api.github.com/users/lin-wish/subscriptions"],
    "organizations_url": ["https://api.github.com/users/lin-wish/orgs"],
    "repos_url": ["https://api.github.com/users/lin-wish/repos"],
    "events_url": ["https://api.github.com/users/lin-wish/events{/privacy}"],
    "received_events_url": ["https://api.github.com/users/lin-wish/received_events"],
    "type": ["User"],
    "site_admin": [false]
  }
]
