[
  {
    "login": ["mshoaib54"],
    "id": [26198901],
    "node_id": ["MDQ6VXNlcjI2MTk4OTAx"],
    "avatar_url": ["https://avatars3.githubusercontent.com/u/26198901?v=4"],
    "gravatar_id": [""],
    "url": ["https://api.github.com/users/mshoaib54"],
    "html_url": ["https://github.com/mshoaib54"],
    "followers_url": ["https://api.github.com/users/mshoaib54/followers"],
    "following_url": ["https://api.github.com/users/mshoaib54/following{/other_user}"],
    "gists_url": ["https://api.github.com/users/mshoaib54/gists{/gist_id}"],
    "starred_url": ["https://api.github.com/users/mshoaib54/starred{/owner}{/repo}"],
    "subscriptions_url": ["https://api.github.com/users/mshoaib54/subscriptions"],
    "organizations_url": ["https://api.github.com/users/mshoaib54/orgs"],
    "repos_url": ["https://api.github.com/users/mshoaib54/repos"],
    "events_url": ["https://api.github.com/users/mshoaib54/events{/privacy}"],
    "received_events_url": ["https://api.github.com/users/mshoaib54/received_events"],
    "type": ["User"],
    "site_admin": [false]
  }
]
