[
  {
    "login": ["vdt"],
    "id": [1792491],
    "node_id": ["MDQ6VXNlcjE3OTI0OTE="],
    "avatar_url": ["https://avatars3.githubusercontent.com/u/1792491?v=4"],
    "gravatar_id": [""],
    "url": ["https://api.github.com/users/vdt"],
    "html_url": ["https://github.com/vdt"],
    "followers_url": ["https://api.github.com/users/vdt/followers"],
    "following_url": ["https://api.github.com/users/vdt/following{/other_user}"],
    "gists_url": ["https://api.github.com/users/vdt/gists{/gist_id}"],
    "starred_url": ["https://api.github.com/users/vdt/starred{/owner}{/repo}"],
    "subscriptions_url": ["https://api.github.com/users/vdt/subscriptions"],
    "organizations_url": ["https://api.github.com/users/vdt/orgs"],
    "repos_url": ["https://api.github.com/users/vdt/repos"],
    "events_url": ["https://api.github.com/users/vdt/events{/privacy}"],
    "received_events_url": ["https://api.github.com/users/vdt/received_events"],
    "type": ["User"],
    "site_admin": [false]
  }
]
