[
  {
    "login": ["abdoghareeb46"],
    "id": [42522647],
    "node_id": ["MDQ6VXNlcjQyNTIyNjQ3"],
    "avatar_url": ["https://avatars1.githubusercontent.com/u/42522647?v=4"],
    "gravatar_id": [""],
    "url": ["https://api.github.com/users/abdoghareeb46"],
    "html_url": ["https://github.com/abdoghareeb46"],
    "followers_url": ["https://api.github.com/users/abdoghareeb46/followers"],
    "following_url": ["https://api.github.com/users/abdoghareeb46/following{/other_user}"],
    "gists_url": ["https://api.github.com/users/abdoghareeb46/gists{/gist_id}"],
    "starred_url": ["https://api.github.com/users/abdoghareeb46/starred{/owner}{/repo}"],
    "subscriptions_url": ["https://api.github.com/users/abdoghareeb46/subscriptions"],
    "organizations_url": ["https://api.github.com/users/abdoghareeb46/orgs"],
    "repos_url": ["https://api.github.com/users/abdoghareeb46/repos"],
    "events_url": ["https://api.github.com/users/abdoghareeb46/events{/privacy}"],
    "received_events_url": ["https://api.github.com/users/abdoghareeb46/received_events"],
    "type": ["User"],
    "site_admin": [false]
  }
]
