[
  {
    "login": ["sheldonshen"],
    "id": [9124518],
    "node_id": ["MDQ6VXNlcjkxMjQ1MTg="],
    "avatar_url": ["https://avatars3.githubusercontent.com/u/9124518?v=4"],
    "gravatar_id": [""],
    "url": ["https://api.github.com/users/sheldonshen"],
    "html_url": ["https://github.com/sheldonshen"],
    "followers_url": ["https://api.github.com/users/sheldonshen/followers"],
    "following_url": ["https://api.github.com/users/sheldonshen/following{/other_user}"],
    "gists_url": ["https://api.github.com/users/sheldonshen/gists{/gist_id}"],
    "starred_url": ["https://api.github.com/users/sheldonshen/starred{/owner}{/repo}"],
    "subscriptions_url": ["https://api.github.com/users/sheldonshen/subscriptions"],
    "organizations_url": ["https://api.github.com/users/sheldonshen/orgs"],
    "repos_url": ["https://api.github.com/users/sheldonshen/repos"],
    "events_url": ["https://api.github.com/users/sheldonshen/events{/privacy}"],
    "received_events_url": ["https://api.github.com/users/sheldonshen/received_events"],
    "type": ["User"],
    "site_admin": [false]
  }
]
