[
  {
    "login": ["nlassaux"],
    "id": [1917120],
    "node_id": ["MDQ6VXNlcjE5MTcxMjA="],
    "avatar_url": ["https://avatars0.githubusercontent.com/u/1917120?v=4"],
    "gravatar_id": [""],
    "url": ["https://api.github.com/users/nlassaux"],
    "html_url": ["https://github.com/nlassaux"],
    "followers_url": ["https://api.github.com/users/nlassaux/followers"],
    "following_url": ["https://api.github.com/users/nlassaux/following{/other_user}"],
    "gists_url": ["https://api.github.com/users/nlassaux/gists{/gist_id}"],
    "starred_url": ["https://api.github.com/users/nlassaux/starred{/owner}{/repo}"],
    "subscriptions_url": ["https://api.github.com/users/nlassaux/subscriptions"],
    "organizations_url": ["https://api.github.com/users/nlassaux/orgs"],
    "repos_url": ["https://api.github.com/users/nlassaux/repos"],
    "events_url": ["https://api.github.com/users/nlassaux/events{/privacy}"],
    "received_events_url": ["https://api.github.com/users/nlassaux/received_events"],
    "type": ["User"],
    "site_admin": [false]
  }
]
