[
  {
    "login": ["MikkoF"],
    "id": [11612976],
    "node_id": ["MDQ6VXNlcjExNjEyOTc2"],
    "avatar_url": ["https://avatars1.githubusercontent.com/u/11612976?v=4"],
    "gravatar_id": [""],
    "url": ["https://api.github.com/users/MikkoF"],
    "html_url": ["https://github.com/MikkoF"],
    "followers_url": ["https://api.github.com/users/MikkoF/followers"],
    "following_url": ["https://api.github.com/users/MikkoF/following{/other_user}"],
    "gists_url": ["https://api.github.com/users/MikkoF/gists{/gist_id}"],
    "starred_url": ["https://api.github.com/users/MikkoF/starred{/owner}{/repo}"],
    "subscriptions_url": ["https://api.github.com/users/MikkoF/subscriptions"],
    "organizations_url": ["https://api.github.com/users/MikkoF/orgs"],
    "repos_url": ["https://api.github.com/users/MikkoF/repos"],
    "events_url": ["https://api.github.com/users/MikkoF/events{/privacy}"],
    "received_events_url": ["https://api.github.com/users/MikkoF/received_events"],
    "type": ["User"],
    "site_admin": [false]
  }
]
