[
  {
    "login": ["allenroble"],
    "id": [9666715],
    "node_id": ["MDQ6VXNlcjk2NjY3MTU="],
    "avatar_url": ["https://avatars3.githubusercontent.com/u/9666715?v=4"],
    "gravatar_id": [""],
    "url": ["https://api.github.com/users/allenroble"],
    "html_url": ["https://github.com/allenroble"],
    "followers_url": ["https://api.github.com/users/allenroble/followers"],
    "following_url": ["https://api.github.com/users/allenroble/following{/other_user}"],
    "gists_url": ["https://api.github.com/users/allenroble/gists{/gist_id}"],
    "starred_url": ["https://api.github.com/users/allenroble/starred{/owner}{/repo}"],
    "subscriptions_url": ["https://api.github.com/users/allenroble/subscriptions"],
    "organizations_url": ["https://api.github.com/users/allenroble/orgs"],
    "repos_url": ["https://api.github.com/users/allenroble/repos"],
    "events_url": ["https://api.github.com/users/allenroble/events{/privacy}"],
    "received_events_url": ["https://api.github.com/users/allenroble/received_events"],
    "type": ["User"],
    "site_admin": [false]
  }
]
