[
  {
    "login": ["abdallahheidar"],
    "id": [8250818],
    "node_id": ["MDQ6VXNlcjgyNTA4MTg="],
    "avatar_url": ["https://avatars3.githubusercontent.com/u/8250818?v=4"],
    "gravatar_id": [""],
    "url": ["https://api.github.com/users/abdallahheidar"],
    "html_url": ["https://github.com/abdallahheidar"],
    "followers_url": ["https://api.github.com/users/abdallahheidar/followers"],
    "following_url": ["https://api.github.com/users/abdallahheidar/following{/other_user}"],
    "gists_url": ["https://api.github.com/users/abdallahheidar/gists{/gist_id}"],
    "starred_url": ["https://api.github.com/users/abdallahheidar/starred{/owner}{/repo}"],
    "subscriptions_url": ["https://api.github.com/users/abdallahheidar/subscriptions"],
    "organizations_url": ["https://api.github.com/users/abdallahheidar/orgs"],
    "repos_url": ["https://api.github.com/users/abdallahheidar/repos"],
    "events_url": ["https://api.github.com/users/abdallahheidar/events{/privacy}"],
    "received_events_url": ["https://api.github.com/users/abdallahheidar/received_events"],
    "type": ["User"],
    "site_admin": [false]
  }
]
