[
  {
    "login": ["zhoujian89"],
    "id": [8869482],
    "node_id": ["MDQ6VXNlcjg4Njk0ODI="],
    "avatar_url": ["https://avatars1.githubusercontent.com/u/8869482?v=4"],
    "gravatar_id": [""],
    "url": ["https://api.github.com/users/zhoujian89"],
    "html_url": ["https://github.com/zhoujian89"],
    "followers_url": ["https://api.github.com/users/zhoujian89/followers"],
    "following_url": ["https://api.github.com/users/zhoujian89/following{/other_user}"],
    "gists_url": ["https://api.github.com/users/zhoujian89/gists{/gist_id}"],
    "starred_url": ["https://api.github.com/users/zhoujian89/starred{/owner}{/repo}"],
    "subscriptions_url": ["https://api.github.com/users/zhoujian89/subscriptions"],
    "organizations_url": ["https://api.github.com/users/zhoujian89/orgs"],
    "repos_url": ["https://api.github.com/users/zhoujian89/repos"],
    "events_url": ["https://api.github.com/users/zhoujian89/events{/privacy}"],
    "received_events_url": ["https://api.github.com/users/zhoujian89/received_events"],
    "type": ["User"],
    "site_admin": [false]
  }
]
