[
  {
    "login": ["yunshuipiao"],
    "id": [10796970],
    "node_id": ["MDQ6VXNlcjEwNzk2OTcw"],
    "avatar_url": ["https://avatars1.githubusercontent.com/u/10796970?v=4"],
    "gravatar_id": [""],
    "url": ["https://api.github.com/users/yunshuipiao"],
    "html_url": ["https://github.com/yunshuipiao"],
    "followers_url": ["https://api.github.com/users/yunshuipiao/followers"],
    "following_url": ["https://api.github.com/users/yunshuipiao/following{/other_user}"],
    "gists_url": ["https://api.github.com/users/yunshuipiao/gists{/gist_id}"],
    "starred_url": ["https://api.github.com/users/yunshuipiao/starred{/owner}{/repo}"],
    "subscriptions_url": ["https://api.github.com/users/yunshuipiao/subscriptions"],
    "organizations_url": ["https://api.github.com/users/yunshuipiao/orgs"],
    "repos_url": ["https://api.github.com/users/yunshuipiao/repos"],
    "events_url": ["https://api.github.com/users/yunshuipiao/events{/privacy}"],
    "received_events_url": ["https://api.github.com/users/yunshuipiao/received_events"],
    "type": ["User"],
    "site_admin": [false]
  }
]
