[
  {
    "login": ["EquesLunlumo"],
    "id": [29209396],
    "node_id": ["MDQ6VXNlcjI5MjA5Mzk2"],
    "avatar_url": ["https://avatars1.githubusercontent.com/u/29209396?v=4"],
    "gravatar_id": [""],
    "url": ["https://api.github.com/users/EquesLunlumo"],
    "html_url": ["https://github.com/EquesLunlumo"],
    "followers_url": ["https://api.github.com/users/EquesLunlumo/followers"],
    "following_url": ["https://api.github.com/users/EquesLunlumo/following{/other_user}"],
    "gists_url": ["https://api.github.com/users/EquesLunlumo/gists{/gist_id}"],
    "starred_url": ["https://api.github.com/users/EquesLunlumo/starred{/owner}{/repo}"],
    "subscriptions_url": ["https://api.github.com/users/EquesLunlumo/subscriptions"],
    "organizations_url": ["https://api.github.com/users/EquesLunlumo/orgs"],
    "repos_url": ["https://api.github.com/users/EquesLunlumo/repos"],
    "events_url": ["https://api.github.com/users/EquesLunlumo/events{/privacy}"],
    "received_events_url": ["https://api.github.com/users/EquesLunlumo/received_events"],
    "type": ["User"],
    "site_admin": [false]
  }
]
