[
  {
    "login": ["sananand007"],
    "id": [13934022],
    "node_id": ["MDQ6VXNlcjEzOTM0MDIy"],
    "avatar_url": ["https://avatars0.githubusercontent.com/u/13934022?v=4"],
    "gravatar_id": [""],
    "url": ["https://api.github.com/users/sananand007"],
    "html_url": ["https://github.com/sananand007"],
    "followers_url": ["https://api.github.com/users/sananand007/followers"],
    "following_url": ["https://api.github.com/users/sananand007/following{/other_user}"],
    "gists_url": ["https://api.github.com/users/sananand007/gists{/gist_id}"],
    "starred_url": ["https://api.github.com/users/sananand007/starred{/owner}{/repo}"],
    "subscriptions_url": ["https://api.github.com/users/sananand007/subscriptions"],
    "organizations_url": ["https://api.github.com/users/sananand007/orgs"],
    "repos_url": ["https://api.github.com/users/sananand007/repos"],
    "events_url": ["https://api.github.com/users/sananand007/events{/privacy}"],
    "received_events_url": ["https://api.github.com/users/sananand007/received_events"],
    "type": ["User"],
    "site_admin": [false]
  }
]
