[
  {
    "login": ["rahulseetharaman"],
    "id": [25237595],
    "node_id": ["MDQ6VXNlcjI1MjM3NTk1"],
    "avatar_url": ["https://avatars3.githubusercontent.com/u/25237595?v=4"],
    "gravatar_id": [""],
    "url": ["https://api.github.com/users/rahulseetharaman"],
    "html_url": ["https://github.com/rahulseetharaman"],
    "followers_url": ["https://api.github.com/users/rahulseetharaman/followers"],
    "following_url": ["https://api.github.com/users/rahulseetharaman/following{/other_user}"],
    "gists_url": ["https://api.github.com/users/rahulseetharaman/gists{/gist_id}"],
    "starred_url": ["https://api.github.com/users/rahulseetharaman/starred{/owner}{/repo}"],
    "subscriptions_url": ["https://api.github.com/users/rahulseetharaman/subscriptions"],
    "organizations_url": ["https://api.github.com/users/rahulseetharaman/orgs"],
    "repos_url": ["https://api.github.com/users/rahulseetharaman/repos"],
    "events_url": ["https://api.github.com/users/rahulseetharaman/events{/privacy}"],
    "received_events_url": ["https://api.github.com/users/rahulseetharaman/received_events"],
    "type": ["User"],
    "site_admin": [false]
  }
]
