[
  {
    "login": ["rhasan"],
    "id": [1080478],
    "node_id": ["MDQ6VXNlcjEwODA0Nzg="],
    "avatar_url": ["https://avatars1.githubusercontent.com/u/1080478?v=4"],
    "gravatar_id": [""],
    "url": ["https://api.github.com/users/rhasan"],
    "html_url": ["https://github.com/rhasan"],
    "followers_url": ["https://api.github.com/users/rhasan/followers"],
    "following_url": ["https://api.github.com/users/rhasan/following{/other_user}"],
    "gists_url": ["https://api.github.com/users/rhasan/gists{/gist_id}"],
    "starred_url": ["https://api.github.com/users/rhasan/starred{/owner}{/repo}"],
    "subscriptions_url": ["https://api.github.com/users/rhasan/subscriptions"],
    "organizations_url": ["https://api.github.com/users/rhasan/orgs"],
    "repos_url": ["https://api.github.com/users/rhasan/repos"],
    "events_url": ["https://api.github.com/users/rhasan/events{/privacy}"],
    "received_events_url": ["https://api.github.com/users/rhasan/received_events"],
    "type": ["User"],
    "site_admin": [false]
  }
]
