[
  {
    "login": ["wsnpyo"],
    "id": [7137756],
    "node_id": ["MDQ6VXNlcjcxMzc3NTY="],
    "avatar_url": ["https://avatars3.githubusercontent.com/u/7137756?v=4"],
    "gravatar_id": [""],
    "url": ["https://api.github.com/users/wsnpyo"],
    "html_url": ["https://github.com/wsnpyo"],
    "followers_url": ["https://api.github.com/users/wsnpyo/followers"],
    "following_url": ["https://api.github.com/users/wsnpyo/following{/other_user}"],
    "gists_url": ["https://api.github.com/users/wsnpyo/gists{/gist_id}"],
    "starred_url": ["https://api.github.com/users/wsnpyo/starred{/owner}{/repo}"],
    "subscriptions_url": ["https://api.github.com/users/wsnpyo/subscriptions"],
    "organizations_url": ["https://api.github.com/users/wsnpyo/orgs"],
    "repos_url": ["https://api.github.com/users/wsnpyo/repos"],
    "events_url": ["https://api.github.com/users/wsnpyo/events{/privacy}"],
    "received_events_url": ["https://api.github.com/users/wsnpyo/received_events"],
    "type": ["User"],
    "site_admin": [false]
  }
]
