[
  {
    "login": ["sorinachirila"],
    "id": [4698690],
    "node_id": ["MDQ6VXNlcjQ2OTg2OTA="],
    "avatar_url": ["https://avatars2.githubusercontent.com/u/4698690?v=4"],
    "gravatar_id": [""],
    "url": ["https://api.github.com/users/sorinachirila"],
    "html_url": ["https://github.com/sorinachirila"],
    "followers_url": ["https://api.github.com/users/sorinachirila/followers"],
    "following_url": ["https://api.github.com/users/sorinachirila/following{/other_user}"],
    "gists_url": ["https://api.github.com/users/sorinachirila/gists{/gist_id}"],
    "starred_url": ["https://api.github.com/users/sorinachirila/starred{/owner}{/repo}"],
    "subscriptions_url": ["https://api.github.com/users/sorinachirila/subscriptions"],
    "organizations_url": ["https://api.github.com/users/sorinachirila/orgs"],
    "repos_url": ["https://api.github.com/users/sorinachirila/repos"],
    "events_url": ["https://api.github.com/users/sorinachirila/events{/privacy}"],
    "received_events_url": ["https://api.github.com/users/sorinachirila/received_events"],
    "type": ["User"],
    "site_admin": [false]
  }
]
