[
  {
    "login": ["terry2tan"],
    "id": [3782321],
    "node_id": ["MDQ6VXNlcjM3ODIzMjE="],
    "avatar_url": ["https://avatars0.githubusercontent.com/u/3782321?v=4"],
    "gravatar_id": [""],
    "url": ["https://api.github.com/users/terry2tan"],
    "html_url": ["https://github.com/terry2tan"],
    "followers_url": ["https://api.github.com/users/terry2tan/followers"],
    "following_url": ["https://api.github.com/users/terry2tan/following{/other_user}"],
    "gists_url": ["https://api.github.com/users/terry2tan/gists{/gist_id}"],
    "starred_url": ["https://api.github.com/users/terry2tan/starred{/owner}{/repo}"],
    "subscriptions_url": ["https://api.github.com/users/terry2tan/subscriptions"],
    "organizations_url": ["https://api.github.com/users/terry2tan/orgs"],
    "repos_url": ["https://api.github.com/users/terry2tan/repos"],
    "events_url": ["https://api.github.com/users/terry2tan/events{/privacy}"],
    "received_events_url": ["https://api.github.com/users/terry2tan/received_events"],
    "type": ["User"],
    "site_admin": [false]
  }
]
