[
  {
    "login": ["liorsprt"],
    "id": [14326589],
    "node_id": ["MDQ6VXNlcjE0MzI2NTg5"],
    "avatar_url": ["https://avatars0.githubusercontent.com/u/14326589?v=4"],
    "gravatar_id": [""],
    "url": ["https://api.github.com/users/liorsprt"],
    "html_url": ["https://github.com/liorsprt"],
    "followers_url": ["https://api.github.com/users/liorsprt/followers"],
    "following_url": ["https://api.github.com/users/liorsprt/following{/other_user}"],
    "gists_url": ["https://api.github.com/users/liorsprt/gists{/gist_id}"],
    "starred_url": ["https://api.github.com/users/liorsprt/starred{/owner}{/repo}"],
    "subscriptions_url": ["https://api.github.com/users/liorsprt/subscriptions"],
    "organizations_url": ["https://api.github.com/users/liorsprt/orgs"],
    "repos_url": ["https://api.github.com/users/liorsprt/repos"],
    "events_url": ["https://api.github.com/users/liorsprt/events{/privacy}"],
    "received_events_url": ["https://api.github.com/users/liorsprt/received_events"],
    "type": ["User"],
    "site_admin": [false]
  }
]
