[
  {
    "login": ["ypthno"],
    "id": [6801548],
    "node_id": ["MDQ6VXNlcjY4MDE1NDg="],
    "avatar_url": ["https://avatars2.githubusercontent.com/u/6801548?v=4"],
    "gravatar_id": [""],
    "url": ["https://api.github.com/users/ypthno"],
    "html_url": ["https://github.com/ypthno"],
    "followers_url": ["https://api.github.com/users/ypthno/followers"],
    "following_url": ["https://api.github.com/users/ypthno/following{/other_user}"],
    "gists_url": ["https://api.github.com/users/ypthno/gists{/gist_id}"],
    "starred_url": ["https://api.github.com/users/ypthno/starred{/owner}{/repo}"],
    "subscriptions_url": ["https://api.github.com/users/ypthno/subscriptions"],
    "organizations_url": ["https://api.github.com/users/ypthno/orgs"],
    "repos_url": ["https://api.github.com/users/ypthno/repos"],
    "events_url": ["https://api.github.com/users/ypthno/events{/privacy}"],
    "received_events_url": ["https://api.github.com/users/ypthno/received_events"],
    "type": ["User"],
    "site_admin": [false]
  }
]
