[
  {
    "login": ["xmvper"],
    "id": [13099833],
    "node_id": ["MDQ6VXNlcjEzMDk5ODMz"],
    "avatar_url": ["https://avatars3.githubusercontent.com/u/13099833?v=4"],
    "gravatar_id": [""],
    "url": ["https://api.github.com/users/xmvper"],
    "html_url": ["https://github.com/xmvper"],
    "followers_url": ["https://api.github.com/users/xmvper/followers"],
    "following_url": ["https://api.github.com/users/xmvper/following{/other_user}"],
    "gists_url": ["https://api.github.com/users/xmvper/gists{/gist_id}"],
    "starred_url": ["https://api.github.com/users/xmvper/starred{/owner}{/repo}"],
    "subscriptions_url": ["https://api.github.com/users/xmvper/subscriptions"],
    "organizations_url": ["https://api.github.com/users/xmvper/orgs"],
    "repos_url": ["https://api.github.com/users/xmvper/repos"],
    "events_url": ["https://api.github.com/users/xmvper/events{/privacy}"],
    "received_events_url": ["https://api.github.com/users/xmvper/received_events"],
    "type": ["User"],
    "site_admin": [false]
  }
]
