[
  {
    "login": ["LearningByGeek"],
    "id": [16851199],
    "node_id": ["MDQ6VXNlcjE2ODUxMTk5"],
    "avatar_url": ["https://avatars0.githubusercontent.com/u/16851199?v=4"],
    "gravatar_id": [""],
    "url": ["https://api.github.com/users/LearningByGeek"],
    "html_url": ["https://github.com/LearningByGeek"],
    "followers_url": ["https://api.github.com/users/LearningByGeek/followers"],
    "following_url": ["https://api.github.com/users/LearningByGeek/following{/other_user}"],
    "gists_url": ["https://api.github.com/users/LearningByGeek/gists{/gist_id}"],
    "starred_url": ["https://api.github.com/users/LearningByGeek/starred{/owner}{/repo}"],
    "subscriptions_url": ["https://api.github.com/users/LearningByGeek/subscriptions"],
    "organizations_url": ["https://api.github.com/users/LearningByGeek/orgs"],
    "repos_url": ["https://api.github.com/users/LearningByGeek/repos"],
    "events_url": ["https://api.github.com/users/LearningByGeek/events{/privacy}"],
    "received_events_url": ["https://api.github.com/users/LearningByGeek/received_events"],
    "type": ["User"],
    "site_admin": [false]
  }
]
