[
  {
    "login": ["prathapgullipilli"],
    "id": [20596351],
    "node_id": ["MDQ6VXNlcjIwNTk2MzUx"],
    "avatar_url": ["https://avatars1.githubusercontent.com/u/20596351?v=4"],
    "gravatar_id": [""],
    "url": ["https://api.github.com/users/prathapgullipilli"],
    "html_url": ["https://github.com/prathapgullipilli"],
    "followers_url": ["https://api.github.com/users/prathapgullipilli/followers"],
    "following_url": ["https://api.github.com/users/prathapgullipilli/following{/other_user}"],
    "gists_url": ["https://api.github.com/users/prathapgullipilli/gists{/gist_id}"],
    "starred_url": ["https://api.github.com/users/prathapgullipilli/starred{/owner}{/repo}"],
    "subscriptions_url": ["https://api.github.com/users/prathapgullipilli/subscriptions"],
    "organizations_url": ["https://api.github.com/users/prathapgullipilli/orgs"],
    "repos_url": ["https://api.github.com/users/prathapgullipilli/repos"],
    "events_url": ["https://api.github.com/users/prathapgullipilli/events{/privacy}"],
    "received_events_url": ["https://api.github.com/users/prathapgullipilli/received_events"],
    "type": ["User"],
    "site_admin": [false]
  }
]
