[
  {
    "login": ["ashikkapadiya"],
    "id": [10799998],
    "node_id": ["MDQ6VXNlcjEwNzk5OTk4"],
    "avatar_url": ["https://avatars0.githubusercontent.com/u/10799998?v=4"],
    "gravatar_id": [""],
    "url": ["https://api.github.com/users/ashikkapadiya"],
    "html_url": ["https://github.com/ashikkapadiya"],
    "followers_url": ["https://api.github.com/users/ashikkapadiya/followers"],
    "following_url": ["https://api.github.com/users/ashikkapadiya/following{/other_user}"],
    "gists_url": ["https://api.github.com/users/ashikkapadiya/gists{/gist_id}"],
    "starred_url": ["https://api.github.com/users/ashikkapadiya/starred{/owner}{/repo}"],
    "subscriptions_url": ["https://api.github.com/users/ashikkapadiya/subscriptions"],
    "organizations_url": ["https://api.github.com/users/ashikkapadiya/orgs"],
    "repos_url": ["https://api.github.com/users/ashikkapadiya/repos"],
    "events_url": ["https://api.github.com/users/ashikkapadiya/events{/privacy}"],
    "received_events_url": ["https://api.github.com/users/ashikkapadiya/received_events"],
    "type": ["User"],
    "site_admin": [false]
  }
]
