[
  {
    "login": ["mandar2812"],
    "id": [1389553],
    "node_id": ["MDQ6VXNlcjEzODk1NTM="],
    "avatar_url": ["https://avatars3.githubusercontent.com/u/1389553?v=4"],
    "gravatar_id": [""],
    "url": ["https://api.github.com/users/mandar2812"],
    "html_url": ["https://github.com/mandar2812"],
    "followers_url": ["https://api.github.com/users/mandar2812/followers"],
    "following_url": ["https://api.github.com/users/mandar2812/following{/other_user}"],
    "gists_url": ["https://api.github.com/users/mandar2812/gists{/gist_id}"],
    "starred_url": ["https://api.github.com/users/mandar2812/starred{/owner}{/repo}"],
    "subscriptions_url": ["https://api.github.com/users/mandar2812/subscriptions"],
    "organizations_url": ["https://api.github.com/users/mandar2812/orgs"],
    "repos_url": ["https://api.github.com/users/mandar2812/repos"],
    "events_url": ["https://api.github.com/users/mandar2812/events{/privacy}"],
    "received_events_url": ["https://api.github.com/users/mandar2812/received_events"],
    "type": ["User"],
    "site_admin": [false]
  }
]
