[
  {
    "login": ["vishalbelsare"],
    "id": [1388100],
    "node_id": ["MDQ6VXNlcjEzODgxMDA="],
    "avatar_url": ["https://avatars1.githubusercontent.com/u/1388100?v=4"],
    "gravatar_id": [""],
    "url": ["https://api.github.com/users/vishalbelsare"],
    "html_url": ["https://github.com/vishalbelsare"],
    "followers_url": ["https://api.github.com/users/vishalbelsare/followers"],
    "following_url": ["https://api.github.com/users/vishalbelsare/following{/other_user}"],
    "gists_url": ["https://api.github.com/users/vishalbelsare/gists{/gist_id}"],
    "starred_url": ["https://api.github.com/users/vishalbelsare/starred{/owner}{/repo}"],
    "subscriptions_url": ["https://api.github.com/users/vishalbelsare/subscriptions"],
    "organizations_url": ["https://api.github.com/users/vishalbelsare/orgs"],
    "repos_url": ["https://api.github.com/users/vishalbelsare/repos"],
    "events_url": ["https://api.github.com/users/vishalbelsare/events{/privacy}"],
    "received_events_url": ["https://api.github.com/users/vishalbelsare/received_events"],
    "type": ["User"],
    "site_admin": [false]
  }
]
