[
  {
    "login": ["MaxChen299"],
    "id": [41281078],
    "node_id": ["MDQ6VXNlcjQxMjgxMDc4"],
    "avatar_url": ["https://avatars1.githubusercontent.com/u/41281078?v=4"],
    "gravatar_id": [""],
    "url": ["https://api.github.com/users/MaxChen299"],
    "html_url": ["https://github.com/MaxChen299"],
    "followers_url": ["https://api.github.com/users/MaxChen299/followers"],
    "following_url": ["https://api.github.com/users/MaxChen299/following{/other_user}"],
    "gists_url": ["https://api.github.com/users/MaxChen299/gists{/gist_id}"],
    "starred_url": ["https://api.github.com/users/MaxChen299/starred{/owner}{/repo}"],
    "subscriptions_url": ["https://api.github.com/users/MaxChen299/subscriptions"],
    "organizations_url": ["https://api.github.com/users/MaxChen299/orgs"],
    "repos_url": ["https://api.github.com/users/MaxChen299/repos"],
    "events_url": ["https://api.github.com/users/MaxChen299/events{/privacy}"],
    "received_events_url": ["https://api.github.com/users/MaxChen299/received_events"],
    "type": ["User"],
    "site_admin": [false]
  }
]
