[
  {
    "login": ["pkafei"],
    "id": [1463964],
    "node_id": ["MDQ6VXNlcjE0NjM5NjQ="],
    "avatar_url": ["https://avatars2.githubusercontent.com/u/1463964?v=4"],
    "gravatar_id": [""],
    "url": ["https://api.github.com/users/pkafei"],
    "html_url": ["https://github.com/pkafei"],
    "followers_url": ["https://api.github.com/users/pkafei/followers"],
    "following_url": ["https://api.github.com/users/pkafei/following{/other_user}"],
    "gists_url": ["https://api.github.com/users/pkafei/gists{/gist_id}"],
    "starred_url": ["https://api.github.com/users/pkafei/starred{/owner}{/repo}"],
    "subscriptions_url": ["https://api.github.com/users/pkafei/subscriptions"],
    "organizations_url": ["https://api.github.com/users/pkafei/orgs"],
    "repos_url": ["https://api.github.com/users/pkafei/repos"],
    "events_url": ["https://api.github.com/users/pkafei/events{/privacy}"],
    "received_events_url": ["https://api.github.com/users/pkafei/received_events"],
    "type": ["User"],
    "site_admin": [false]
  }
]
