[
  {
    "login": ["Koooney"],
    "id": [9327628],
    "node_id": ["MDQ6VXNlcjkzMjc2Mjg="],
    "avatar_url": ["https://avatars2.githubusercontent.com/u/9327628?v=4"],
    "gravatar_id": [""],
    "url": ["https://api.github.com/users/Koooney"],
    "html_url": ["https://github.com/Koooney"],
    "followers_url": ["https://api.github.com/users/Koooney/followers"],
    "following_url": ["https://api.github.com/users/Koooney/following{/other_user}"],
    "gists_url": ["https://api.github.com/users/Koooney/gists{/gist_id}"],
    "starred_url": ["https://api.github.com/users/Koooney/starred{/owner}{/repo}"],
    "subscriptions_url": ["https://api.github.com/users/Koooney/subscriptions"],
    "organizations_url": ["https://api.github.com/users/Koooney/orgs"],
    "repos_url": ["https://api.github.com/users/Koooney/repos"],
    "events_url": ["https://api.github.com/users/Koooney/events{/privacy}"],
    "received_events_url": ["https://api.github.com/users/Koooney/received_events"],
    "type": ["User"],
    "site_admin": [false]
  }
]
