[
  {
    "login": ["LelandYan"],
    "id": [39163167],
    "node_id": ["MDQ6VXNlcjM5MTYzMTY3"],
    "avatar_url": ["https://avatars3.githubusercontent.com/u/39163167?v=4"],
    "gravatar_id": [""],
    "url": ["https://api.github.com/users/LelandYan"],
    "html_url": ["https://github.com/LelandYan"],
    "followers_url": ["https://api.github.com/users/LelandYan/followers"],
    "following_url": ["https://api.github.com/users/LelandYan/following{/other_user}"],
    "gists_url": ["https://api.github.com/users/LelandYan/gists{/gist_id}"],
    "starred_url": ["https://api.github.com/users/LelandYan/starred{/owner}{/repo}"],
    "subscriptions_url": ["https://api.github.com/users/LelandYan/subscriptions"],
    "organizations_url": ["https://api.github.com/users/LelandYan/orgs"],
    "repos_url": ["https://api.github.com/users/LelandYan/repos"],
    "events_url": ["https://api.github.com/users/LelandYan/events{/privacy}"],
    "received_events_url": ["https://api.github.com/users/LelandYan/received_events"],
    "type": ["User"],
    "site_admin": [false]
  }
]
