[
  {
    "login": ["data-catalysis"],
    "id": [6542942],
    "node_id": ["MDQ6VXNlcjY1NDI5NDI="],
    "avatar_url": ["https://avatars0.githubusercontent.com/u/6542942?v=4"],
    "gravatar_id": [""],
    "url": ["https://api.github.com/users/data-catalysis"],
    "html_url": ["https://github.com/data-catalysis"],
    "followers_url": ["https://api.github.com/users/data-catalysis/followers"],
    "following_url": ["https://api.github.com/users/data-catalysis/following{/other_user}"],
    "gists_url": ["https://api.github.com/users/data-catalysis/gists{/gist_id}"],
    "starred_url": ["https://api.github.com/users/data-catalysis/starred{/owner}{/repo}"],
    "subscriptions_url": ["https://api.github.com/users/data-catalysis/subscriptions"],
    "organizations_url": ["https://api.github.com/users/data-catalysis/orgs"],
    "repos_url": ["https://api.github.com/users/data-catalysis/repos"],
    "events_url": ["https://api.github.com/users/data-catalysis/events{/privacy}"],
    "received_events_url": ["https://api.github.com/users/data-catalysis/received_events"],
    "type": ["User"],
    "site_admin": [false]
  }
]
