[
  {
    "login": ["CharlesSantiago"],
    "id": [13453670],
    "node_id": ["MDQ6VXNlcjEzNDUzNjcw"],
    "avatar_url": ["https://avatars2.githubusercontent.com/u/13453670?v=4"],
    "gravatar_id": [""],
    "url": ["https://api.github.com/users/CharlesSantiago"],
    "html_url": ["https://github.com/CharlesSantiago"],
    "followers_url": ["https://api.github.com/users/CharlesSantiago/followers"],
    "following_url": ["https://api.github.com/users/CharlesSantiago/following{/other_user}"],
    "gists_url": ["https://api.github.com/users/CharlesSantiago/gists{/gist_id}"],
    "starred_url": ["https://api.github.com/users/CharlesSantiago/starred{/owner}{/repo}"],
    "subscriptions_url": ["https://api.github.com/users/CharlesSantiago/subscriptions"],
    "organizations_url": ["https://api.github.com/users/CharlesSantiago/orgs"],
    "repos_url": ["https://api.github.com/users/CharlesSantiago/repos"],
    "events_url": ["https://api.github.com/users/CharlesSantiago/events{/privacy}"],
    "received_events_url": ["https://api.github.com/users/CharlesSantiago/received_events"],
    "type": ["User"],
    "site_admin": [false]
  }
]
