[
  {
    "login": ["andyattwell"],
    "id": [2336650],
    "node_id": ["MDQ6VXNlcjIzMzY2NTA="],
    "avatar_url": ["https://avatars2.githubusercontent.com/u/2336650?v=4"],
    "gravatar_id": [""],
    "url": ["https://api.github.com/users/andyattwell"],
    "html_url": ["https://github.com/andyattwell"],
    "followers_url": ["https://api.github.com/users/andyattwell/followers"],
    "following_url": ["https://api.github.com/users/andyattwell/following{/other_user}"],
    "gists_url": ["https://api.github.com/users/andyattwell/gists{/gist_id}"],
    "starred_url": ["https://api.github.com/users/andyattwell/starred{/owner}{/repo}"],
    "subscriptions_url": ["https://api.github.com/users/andyattwell/subscriptions"],
    "organizations_url": ["https://api.github.com/users/andyattwell/orgs"],
    "repos_url": ["https://api.github.com/users/andyattwell/repos"],
    "events_url": ["https://api.github.com/users/andyattwell/events{/privacy}"],
    "received_events_url": ["https://api.github.com/users/andyattwell/received_events"],
    "type": ["User"],
    "site_admin": [false]
  }
]
