[
  {
    "login": ["pranshu28"],
    "id": [9971260],
    "node_id": ["MDQ6VXNlcjk5NzEyNjA="],
    "avatar_url": ["https://avatars3.githubusercontent.com/u/9971260?v=4"],
    "gravatar_id": [""],
    "url": ["https://api.github.com/users/pranshu28"],
    "html_url": ["https://github.com/pranshu28"],
    "followers_url": ["https://api.github.com/users/pranshu28/followers"],
    "following_url": ["https://api.github.com/users/pranshu28/following{/other_user}"],
    "gists_url": ["https://api.github.com/users/pranshu28/gists{/gist_id}"],
    "starred_url": ["https://api.github.com/users/pranshu28/starred{/owner}{/repo}"],
    "subscriptions_url": ["https://api.github.com/users/pranshu28/subscriptions"],
    "organizations_url": ["https://api.github.com/users/pranshu28/orgs"],
    "repos_url": ["https://api.github.com/users/pranshu28/repos"],
    "events_url": ["https://api.github.com/users/pranshu28/events{/privacy}"],
    "received_events_url": ["https://api.github.com/users/pranshu28/received_events"],
    "type": ["User"],
    "site_admin": [false]
  }
]
