[
  {
    "login": ["anirudhbedre"],
    "id": [10233276],
    "node_id": ["MDQ6VXNlcjEwMjMzMjc2"],
    "avatar_url": ["https://avatars1.githubusercontent.com/u/10233276?v=4"],
    "gravatar_id": [""],
    "url": ["https://api.github.com/users/anirudhbedre"],
    "html_url": ["https://github.com/anirudhbedre"],
    "followers_url": ["https://api.github.com/users/anirudhbedre/followers"],
    "following_url": ["https://api.github.com/users/anirudhbedre/following{/other_user}"],
    "gists_url": ["https://api.github.com/users/anirudhbedre/gists{/gist_id}"],
    "starred_url": ["https://api.github.com/users/anirudhbedre/starred{/owner}{/repo}"],
    "subscriptions_url": ["https://api.github.com/users/anirudhbedre/subscriptions"],
    "organizations_url": ["https://api.github.com/users/anirudhbedre/orgs"],
    "repos_url": ["https://api.github.com/users/anirudhbedre/repos"],
    "events_url": ["https://api.github.com/users/anirudhbedre/events{/privacy}"],
    "received_events_url": ["https://api.github.com/users/anirudhbedre/received_events"],
    "type": ["User"],
    "site_admin": [false]
  }
]
