[
  {
    "login": ["harryjd"],
    "id": [7386174],
    "node_id": ["MDQ6VXNlcjczODYxNzQ="],
    "avatar_url": ["https://avatars0.githubusercontent.com/u/7386174?v=4"],
    "gravatar_id": [""],
    "url": ["https://api.github.com/users/harryjd"],
    "html_url": ["https://github.com/harryjd"],
    "followers_url": ["https://api.github.com/users/harryjd/followers"],
    "following_url": ["https://api.github.com/users/harryjd/following{/other_user}"],
    "gists_url": ["https://api.github.com/users/harryjd/gists{/gist_id}"],
    "starred_url": ["https://api.github.com/users/harryjd/starred{/owner}{/repo}"],
    "subscriptions_url": ["https://api.github.com/users/harryjd/subscriptions"],
    "organizations_url": ["https://api.github.com/users/harryjd/orgs"],
    "repos_url": ["https://api.github.com/users/harryjd/repos"],
    "events_url": ["https://api.github.com/users/harryjd/events{/privacy}"],
    "received_events_url": ["https://api.github.com/users/harryjd/received_events"],
    "type": ["User"],
    "site_admin": [false]
  }
]
