[
  {
    "login": ["punit-sharma"],
    "id": [8633033],
    "node_id": ["MDQ6VXNlcjg2MzMwMzM="],
    "avatar_url": ["https://avatars1.githubusercontent.com/u/8633033?v=4"],
    "gravatar_id": [""],
    "url": ["https://api.github.com/users/punit-sharma"],
    "html_url": ["https://github.com/punit-sharma"],
    "followers_url": ["https://api.github.com/users/punit-sharma/followers"],
    "following_url": ["https://api.github.com/users/punit-sharma/following{/other_user}"],
    "gists_url": ["https://api.github.com/users/punit-sharma/gists{/gist_id}"],
    "starred_url": ["https://api.github.com/users/punit-sharma/starred{/owner}{/repo}"],
    "subscriptions_url": ["https://api.github.com/users/punit-sharma/subscriptions"],
    "organizations_url": ["https://api.github.com/users/punit-sharma/orgs"],
    "repos_url": ["https://api.github.com/users/punit-sharma/repos"],
    "events_url": ["https://api.github.com/users/punit-sharma/events{/privacy}"],
    "received_events_url": ["https://api.github.com/users/punit-sharma/received_events"],
    "type": ["User"],
    "site_admin": [false]
  }
]
