[
  {
    "login": ["dotarac"],
    "id": [21237472],
    "node_id": ["MDQ6VXNlcjIxMjM3NDcy"],
    "avatar_url": ["https://avatars1.githubusercontent.com/u/21237472?v=4"],
    "gravatar_id": [""],
    "url": ["https://api.github.com/users/dotarac"],
    "html_url": ["https://github.com/dotarac"],
    "followers_url": ["https://api.github.com/users/dotarac/followers"],
    "following_url": ["https://api.github.com/users/dotarac/following{/other_user}"],
    "gists_url": ["https://api.github.com/users/dotarac/gists{/gist_id}"],
    "starred_url": ["https://api.github.com/users/dotarac/starred{/owner}{/repo}"],
    "subscriptions_url": ["https://api.github.com/users/dotarac/subscriptions"],
    "organizations_url": ["https://api.github.com/users/dotarac/orgs"],
    "repos_url": ["https://api.github.com/users/dotarac/repos"],
    "events_url": ["https://api.github.com/users/dotarac/events{/privacy}"],
    "received_events_url": ["https://api.github.com/users/dotarac/received_events"],
    "type": ["User"],
    "site_admin": [false]
  }
]
