[
  {
    "login": ["DrewHans555"],
    "id": [10607431],
    "node_id": ["MDQ6VXNlcjEwNjA3NDMx"],
    "avatar_url": ["https://avatars0.githubusercontent.com/u/10607431?v=4"],
    "gravatar_id": [""],
    "url": ["https://api.github.com/users/DrewHans555"],
    "html_url": ["https://github.com/DrewHans555"],
    "followers_url": ["https://api.github.com/users/DrewHans555/followers"],
    "following_url": ["https://api.github.com/users/DrewHans555/following{/other_user}"],
    "gists_url": ["https://api.github.com/users/DrewHans555/gists{/gist_id}"],
    "starred_url": ["https://api.github.com/users/DrewHans555/starred{/owner}{/repo}"],
    "subscriptions_url": ["https://api.github.com/users/DrewHans555/subscriptions"],
    "organizations_url": ["https://api.github.com/users/DrewHans555/orgs"],
    "repos_url": ["https://api.github.com/users/DrewHans555/repos"],
    "events_url": ["https://api.github.com/users/DrewHans555/events{/privacy}"],
    "received_events_url": ["https://api.github.com/users/DrewHans555/received_events"],
    "type": ["User"],
    "site_admin": [false]
  }
]
