[
  {
    "login": ["yelenabel"],
    "id": [5758566],
    "node_id": ["MDQ6VXNlcjU3NTg1NjY="],
    "avatar_url": ["https://avatars0.githubusercontent.com/u/5758566?v=4"],
    "gravatar_id": [""],
    "url": ["https://api.github.com/users/yelenabel"],
    "html_url": ["https://github.com/yelenabel"],
    "followers_url": ["https://api.github.com/users/yelenabel/followers"],
    "following_url": ["https://api.github.com/users/yelenabel/following{/other_user}"],
    "gists_url": ["https://api.github.com/users/yelenabel/gists{/gist_id}"],
    "starred_url": ["https://api.github.com/users/yelenabel/starred{/owner}{/repo}"],
    "subscriptions_url": ["https://api.github.com/users/yelenabel/subscriptions"],
    "organizations_url": ["https://api.github.com/users/yelenabel/orgs"],
    "repos_url": ["https://api.github.com/users/yelenabel/repos"],
    "events_url": ["https://api.github.com/users/yelenabel/events{/privacy}"],
    "received_events_url": ["https://api.github.com/users/yelenabel/received_events"],
    "type": ["User"],
    "site_admin": [false]
  }
]
