[
  {
    "login": ["knvs97"],
    "id": [9269084],
    "node_id": ["MDQ6VXNlcjkyNjkwODQ="],
    "avatar_url": ["https://avatars3.githubusercontent.com/u/9269084?v=4"],
    "gravatar_id": [""],
    "url": ["https://api.github.com/users/knvs97"],
    "html_url": ["https://github.com/knvs97"],
    "followers_url": ["https://api.github.com/users/knvs97/followers"],
    "following_url": ["https://api.github.com/users/knvs97/following{/other_user}"],
    "gists_url": ["https://api.github.com/users/knvs97/gists{/gist_id}"],
    "starred_url": ["https://api.github.com/users/knvs97/starred{/owner}{/repo}"],
    "subscriptions_url": ["https://api.github.com/users/knvs97/subscriptions"],
    "organizations_url": ["https://api.github.com/users/knvs97/orgs"],
    "repos_url": ["https://api.github.com/users/knvs97/repos"],
    "events_url": ["https://api.github.com/users/knvs97/events{/privacy}"],
    "received_events_url": ["https://api.github.com/users/knvs97/received_events"],
    "type": ["User"],
    "site_admin": [false]
  }
]
