[
  {
    "login": ["rishabhgarg7"],
    "id": [29424577],
    "node_id": ["MDQ6VXNlcjI5NDI0NTc3"],
    "avatar_url": ["https://avatars3.githubusercontent.com/u/29424577?v=4"],
    "gravatar_id": [""],
    "url": ["https://api.github.com/users/rishabhgarg7"],
    "html_url": ["https://github.com/rishabhgarg7"],
    "followers_url": ["https://api.github.com/users/rishabhgarg7/followers"],
    "following_url": ["https://api.github.com/users/rishabhgarg7/following{/other_user}"],
    "gists_url": ["https://api.github.com/users/rishabhgarg7/gists{/gist_id}"],
    "starred_url": ["https://api.github.com/users/rishabhgarg7/starred{/owner}{/repo}"],
    "subscriptions_url": ["https://api.github.com/users/rishabhgarg7/subscriptions"],
    "organizations_url": ["https://api.github.com/users/rishabhgarg7/orgs"],
    "repos_url": ["https://api.github.com/users/rishabhgarg7/repos"],
    "events_url": ["https://api.github.com/users/rishabhgarg7/events{/privacy}"],
    "received_events_url": ["https://api.github.com/users/rishabhgarg7/received_events"],
    "type": ["User"],
    "site_admin": [false]
  }
]
