[
  {
    "login": ["ptsteadman"],
    "id": [4670717],
    "node_id": ["MDQ6VXNlcjQ2NzA3MTc="],
    "avatar_url": ["https://avatars0.githubusercontent.com/u/4670717?v=4"],
    "gravatar_id": [""],
    "url": ["https://api.github.com/users/ptsteadman"],
    "html_url": ["https://github.com/ptsteadman"],
    "followers_url": ["https://api.github.com/users/ptsteadman/followers"],
    "following_url": ["https://api.github.com/users/ptsteadman/following{/other_user}"],
    "gists_url": ["https://api.github.com/users/ptsteadman/gists{/gist_id}"],
    "starred_url": ["https://api.github.com/users/ptsteadman/starred{/owner}{/repo}"],
    "subscriptions_url": ["https://api.github.com/users/ptsteadman/subscriptions"],
    "organizations_url": ["https://api.github.com/users/ptsteadman/orgs"],
    "repos_url": ["https://api.github.com/users/ptsteadman/repos"],
    "events_url": ["https://api.github.com/users/ptsteadman/events{/privacy}"],
    "received_events_url": ["https://api.github.com/users/ptsteadman/received_events"],
    "type": ["User"],
    "site_admin": [false]
  }
]
