[
  {
    "login": ["Smile-shirley"],
    "id": [36403924],
    "node_id": ["MDQ6VXNlcjM2NDAzOTI0"],
    "avatar_url": ["https://avatars2.githubusercontent.com/u/36403924?v=4"],
    "gravatar_id": [""],
    "url": ["https://api.github.com/users/Smile-shirley"],
    "html_url": ["https://github.com/Smile-shirley"],
    "followers_url": ["https://api.github.com/users/Smile-shirley/followers"],
    "following_url": ["https://api.github.com/users/Smile-shirley/following{/other_user}"],
    "gists_url": ["https://api.github.com/users/Smile-shirley/gists{/gist_id}"],
    "starred_url": ["https://api.github.com/users/Smile-shirley/starred{/owner}{/repo}"],
    "subscriptions_url": ["https://api.github.com/users/Smile-shirley/subscriptions"],
    "organizations_url": ["https://api.github.com/users/Smile-shirley/orgs"],
    "repos_url": ["https://api.github.com/users/Smile-shirley/repos"],
    "events_url": ["https://api.github.com/users/Smile-shirley/events{/privacy}"],
    "received_events_url": ["https://api.github.com/users/Smile-shirley/received_events"],
    "type": ["User"],
    "site_admin": [false]
  }
]
