[
  {
    "login": ["mjhendrickson"],
    "id": [28969821],
    "node_id": ["MDQ6VXNlcjI4OTY5ODIx"],
    "avatar_url": ["https://avatars1.githubusercontent.com/u/28969821?v=4"],
    "gravatar_id": [""],
    "url": ["https://api.github.com/users/mjhendrickson"],
    "html_url": ["https://github.com/mjhendrickson"],
    "followers_url": ["https://api.github.com/users/mjhendrickson/followers"],
    "following_url": ["https://api.github.com/users/mjhendrickson/following{/other_user}"],
    "gists_url": ["https://api.github.com/users/mjhendrickson/gists{/gist_id}"],
    "starred_url": ["https://api.github.com/users/mjhendrickson/starred{/owner}{/repo}"],
    "subscriptions_url": ["https://api.github.com/users/mjhendrickson/subscriptions"],
    "organizations_url": ["https://api.github.com/users/mjhendrickson/orgs"],
    "repos_url": ["https://api.github.com/users/mjhendrickson/repos"],
    "events_url": ["https://api.github.com/users/mjhendrickson/events{/privacy}"],
    "received_events_url": ["https://api.github.com/users/mjhendrickson/received_events"],
    "type": ["User"],
    "site_admin": [false]
  }
]
