[
  {
    "login": ["htq310542"],
    "id": [16358981],
    "node_id": ["MDQ6VXNlcjE2MzU4OTgx"],
    "avatar_url": ["https://avatars3.githubusercontent.com/u/16358981?v=4"],
    "gravatar_id": [""],
    "url": ["https://api.github.com/users/htq310542"],
    "html_url": ["https://github.com/htq310542"],
    "followers_url": ["https://api.github.com/users/htq310542/followers"],
    "following_url": ["https://api.github.com/users/htq310542/following{/other_user}"],
    "gists_url": ["https://api.github.com/users/htq310542/gists{/gist_id}"],
    "starred_url": ["https://api.github.com/users/htq310542/starred{/owner}{/repo}"],
    "subscriptions_url": ["https://api.github.com/users/htq310542/subscriptions"],
    "organizations_url": ["https://api.github.com/users/htq310542/orgs"],
    "repos_url": ["https://api.github.com/users/htq310542/repos"],
    "events_url": ["https://api.github.com/users/htq310542/events{/privacy}"],
    "received_events_url": ["https://api.github.com/users/htq310542/received_events"],
    "type": ["User"],
    "site_admin": [false]
  }
]
