[
  {
    "login": ["filippoquaranta"],
    "id": [231948],
    "node_id": ["MDQ6VXNlcjIzMTk0OA=="],
    "avatar_url": ["https://avatars1.githubusercontent.com/u/231948?v=4"],
    "gravatar_id": [""],
    "url": ["https://api.github.com/users/filippoquaranta"],
    "html_url": ["https://github.com/filippoquaranta"],
    "followers_url": ["https://api.github.com/users/filippoquaranta/followers"],
    "following_url": ["https://api.github.com/users/filippoquaranta/following{/other_user}"],
    "gists_url": ["https://api.github.com/users/filippoquaranta/gists{/gist_id}"],
    "starred_url": ["https://api.github.com/users/filippoquaranta/starred{/owner}{/repo}"],
    "subscriptions_url": ["https://api.github.com/users/filippoquaranta/subscriptions"],
    "organizations_url": ["https://api.github.com/users/filippoquaranta/orgs"],
    "repos_url": ["https://api.github.com/users/filippoquaranta/repos"],
    "events_url": ["https://api.github.com/users/filippoquaranta/events{/privacy}"],
    "received_events_url": ["https://api.github.com/users/filippoquaranta/received_events"],
    "type": ["User"],
    "site_admin": [false]
  }
]
