[
  {
    "login": ["nikhilvanjani"],
    "id": [13117799],
    "node_id": ["MDQ6VXNlcjEzMTE3Nzk5"],
    "avatar_url": ["https://avatars1.githubusercontent.com/u/13117799?v=4"],
    "gravatar_id": [""],
    "url": ["https://api.github.com/users/nikhilvanjani"],
    "html_url": ["https://github.com/nikhilvanjani"],
    "followers_url": ["https://api.github.com/users/nikhilvanjani/followers"],
    "following_url": ["https://api.github.com/users/nikhilvanjani/following{/other_user}"],
    "gists_url": ["https://api.github.com/users/nikhilvanjani/gists{/gist_id}"],
    "starred_url": ["https://api.github.com/users/nikhilvanjani/starred{/owner}{/repo}"],
    "subscriptions_url": ["https://api.github.com/users/nikhilvanjani/subscriptions"],
    "organizations_url": ["https://api.github.com/users/nikhilvanjani/orgs"],
    "repos_url": ["https://api.github.com/users/nikhilvanjani/repos"],
    "events_url": ["https://api.github.com/users/nikhilvanjani/events{/privacy}"],
    "received_events_url": ["https://api.github.com/users/nikhilvanjani/received_events"],
    "type": ["User"],
    "site_admin": [false]
  }
]
