[
  {
    "login": ["kiselev"],
    "id": [343261],
    "node_id": ["MDQ6VXNlcjM0MzI2MQ=="],
    "avatar_url": ["https://avatars3.githubusercontent.com/u/343261?v=4"],
    "gravatar_id": [""],
    "url": ["https://api.github.com/users/kiselev"],
    "html_url": ["https://github.com/kiselev"],
    "followers_url": ["https://api.github.com/users/kiselev/followers"],
    "following_url": ["https://api.github.com/users/kiselev/following{/other_user}"],
    "gists_url": ["https://api.github.com/users/kiselev/gists{/gist_id}"],
    "starred_url": ["https://api.github.com/users/kiselev/starred{/owner}{/repo}"],
    "subscriptions_url": ["https://api.github.com/users/kiselev/subscriptions"],
    "organizations_url": ["https://api.github.com/users/kiselev/orgs"],
    "repos_url": ["https://api.github.com/users/kiselev/repos"],
    "events_url": ["https://api.github.com/users/kiselev/events{/privacy}"],
    "received_events_url": ["https://api.github.com/users/kiselev/received_events"],
    "type": ["User"],
    "site_admin": [false]
  }
]
