[
  {
    "login": ["bubuzzz"],
    "id": [571736],
    "node_id": ["MDQ6VXNlcjU3MTczNg=="],
    "avatar_url": ["https://avatars0.githubusercontent.com/u/571736?v=4"],
    "gravatar_id": [""],
    "url": ["https://api.github.com/users/bubuzzz"],
    "html_url": ["https://github.com/bubuzzz"],
    "followers_url": ["https://api.github.com/users/bubuzzz/followers"],
    "following_url": ["https://api.github.com/users/bubuzzz/following{/other_user}"],
    "gists_url": ["https://api.github.com/users/bubuzzz/gists{/gist_id}"],
    "starred_url": ["https://api.github.com/users/bubuzzz/starred{/owner}{/repo}"],
    "subscriptions_url": ["https://api.github.com/users/bubuzzz/subscriptions"],
    "organizations_url": ["https://api.github.com/users/bubuzzz/orgs"],
    "repos_url": ["https://api.github.com/users/bubuzzz/repos"],
    "events_url": ["https://api.github.com/users/bubuzzz/events{/privacy}"],
    "received_events_url": ["https://api.github.com/users/bubuzzz/received_events"],
    "type": ["User"],
    "site_admin": [false]
  }
]
