[
  {
    "login": ["tuannguyenftel"],
    "id": [21969982],
    "node_id": ["MDQ6VXNlcjIxOTY5OTgy"],
    "avatar_url": ["https://avatars2.githubusercontent.com/u/21969982?v=4"],
    "gravatar_id": [""],
    "url": ["https://api.github.com/users/tuannguyenftel"],
    "html_url": ["https://github.com/tuannguyenftel"],
    "followers_url": ["https://api.github.com/users/tuannguyenftel/followers"],
    "following_url": ["https://api.github.com/users/tuannguyenftel/following{/other_user}"],
    "gists_url": ["https://api.github.com/users/tuannguyenftel/gists{/gist_id}"],
    "starred_url": ["https://api.github.com/users/tuannguyenftel/starred{/owner}{/repo}"],
    "subscriptions_url": ["https://api.github.com/users/tuannguyenftel/subscriptions"],
    "organizations_url": ["https://api.github.com/users/tuannguyenftel/orgs"],
    "repos_url": ["https://api.github.com/users/tuannguyenftel/repos"],
    "events_url": ["https://api.github.com/users/tuannguyenftel/events{/privacy}"],
    "received_events_url": ["https://api.github.com/users/tuannguyenftel/received_events"],
    "type": ["User"],
    "site_admin": [false]
  }
]
