[
  {
    "login": ["twistedmove"],
    "id": [4006556],
    "node_id": ["MDQ6VXNlcjQwMDY1NTY="],
    "avatar_url": ["https://avatars2.githubusercontent.com/u/4006556?v=4"],
    "gravatar_id": [""],
    "url": ["https://api.github.com/users/twistedmove"],
    "html_url": ["https://github.com/twistedmove"],
    "followers_url": ["https://api.github.com/users/twistedmove/followers"],
    "following_url": ["https://api.github.com/users/twistedmove/following{/other_user}"],
    "gists_url": ["https://api.github.com/users/twistedmove/gists{/gist_id}"],
    "starred_url": ["https://api.github.com/users/twistedmove/starred{/owner}{/repo}"],
    "subscriptions_url": ["https://api.github.com/users/twistedmove/subscriptions"],
    "organizations_url": ["https://api.github.com/users/twistedmove/orgs"],
    "repos_url": ["https://api.github.com/users/twistedmove/repos"],
    "events_url": ["https://api.github.com/users/twistedmove/events{/privacy}"],
    "received_events_url": ["https://api.github.com/users/twistedmove/received_events"],
    "type": ["User"],
    "site_admin": [false]
  }
]
