[
  {
    "login": ["Seek9"],
    "id": [18069319],
    "node_id": ["MDQ6VXNlcjE4MDY5MzE5"],
    "avatar_url": ["https://avatars2.githubusercontent.com/u/18069319?v=4"],
    "gravatar_id": [""],
    "url": ["https://api.github.com/users/Seek9"],
    "html_url": ["https://github.com/Seek9"],
    "followers_url": ["https://api.github.com/users/Seek9/followers"],
    "following_url": ["https://api.github.com/users/Seek9/following{/other_user}"],
    "gists_url": ["https://api.github.com/users/Seek9/gists{/gist_id}"],
    "starred_url": ["https://api.github.com/users/Seek9/starred{/owner}{/repo}"],
    "subscriptions_url": ["https://api.github.com/users/Seek9/subscriptions"],
    "organizations_url": ["https://api.github.com/users/Seek9/orgs"],
    "repos_url": ["https://api.github.com/users/Seek9/repos"],
    "events_url": ["https://api.github.com/users/Seek9/events{/privacy}"],
    "received_events_url": ["https://api.github.com/users/Seek9/received_events"],
    "type": ["User"],
    "site_admin": [false]
  }
]
