[
  {
    "login": ["raghuchilukamari"],
    "id": [9505806],
    "node_id": ["MDQ6VXNlcjk1MDU4MDY="],
    "avatar_url": ["https://avatars1.githubusercontent.com/u/9505806?v=4"],
    "gravatar_id": [""],
    "url": ["https://api.github.com/users/raghuchilukamari"],
    "html_url": ["https://github.com/raghuchilukamari"],
    "followers_url": ["https://api.github.com/users/raghuchilukamari/followers"],
    "following_url": ["https://api.github.com/users/raghuchilukamari/following{/other_user}"],
    "gists_url": ["https://api.github.com/users/raghuchilukamari/gists{/gist_id}"],
    "starred_url": ["https://api.github.com/users/raghuchilukamari/starred{/owner}{/repo}"],
    "subscriptions_url": ["https://api.github.com/users/raghuchilukamari/subscriptions"],
    "organizations_url": ["https://api.github.com/users/raghuchilukamari/orgs"],
    "repos_url": ["https://api.github.com/users/raghuchilukamari/repos"],
    "events_url": ["https://api.github.com/users/raghuchilukamari/events{/privacy}"],
    "received_events_url": ["https://api.github.com/users/raghuchilukamari/received_events"],
    "type": ["User"],
    "site_admin": [false]
  }
]
