[
  {
    "login": ["morganwang010"],
    "id": [7390456],
    "node_id": ["MDQ6VXNlcjczOTA0NTY="],
    "avatar_url": ["https://avatars0.githubusercontent.com/u/7390456?v=4"],
    "gravatar_id": [""],
    "url": ["https://api.github.com/users/morganwang010"],
    "html_url": ["https://github.com/morganwang010"],
    "followers_url": ["https://api.github.com/users/morganwang010/followers"],
    "following_url": ["https://api.github.com/users/morganwang010/following{/other_user}"],
    "gists_url": ["https://api.github.com/users/morganwang010/gists{/gist_id}"],
    "starred_url": ["https://api.github.com/users/morganwang010/starred{/owner}{/repo}"],
    "subscriptions_url": ["https://api.github.com/users/morganwang010/subscriptions"],
    "organizations_url": ["https://api.github.com/users/morganwang010/orgs"],
    "repos_url": ["https://api.github.com/users/morganwang010/repos"],
    "events_url": ["https://api.github.com/users/morganwang010/events{/privacy}"],
    "received_events_url": ["https://api.github.com/users/morganwang010/received_events"],
    "type": ["User"],
    "site_admin": [false]
  }
]
