[
  {
    "login": ["shahincse98"],
    "id": [32039099],
    "node_id": ["MDQ6VXNlcjMyMDM5MDk5"],
    "avatar_url": ["https://avatars2.githubusercontent.com/u/32039099?v=4"],
    "gravatar_id": [""],
    "url": ["https://api.github.com/users/shahincse98"],
    "html_url": ["https://github.com/shahincse98"],
    "followers_url": ["https://api.github.com/users/shahincse98/followers"],
    "following_url": ["https://api.github.com/users/shahincse98/following{/other_user}"],
    "gists_url": ["https://api.github.com/users/shahincse98/gists{/gist_id}"],
    "starred_url": ["https://api.github.com/users/shahincse98/starred{/owner}{/repo}"],
    "subscriptions_url": ["https://api.github.com/users/shahincse98/subscriptions"],
    "organizations_url": ["https://api.github.com/users/shahincse98/orgs"],
    "repos_url": ["https://api.github.com/users/shahincse98/repos"],
    "events_url": ["https://api.github.com/users/shahincse98/events{/privacy}"],
    "received_events_url": ["https://api.github.com/users/shahincse98/received_events"],
    "type": ["User"],
    "site_admin": [false]
  }
]
