[
  {
    "login": ["themiurgo"],
    "id": [920728],
    "node_id": ["MDQ6VXNlcjkyMDcyOA=="],
    "avatar_url": ["https://avatars3.githubusercontent.com/u/920728?v=4"],
    "gravatar_id": [""],
    "url": ["https://api.github.com/users/themiurgo"],
    "html_url": ["https://github.com/themiurgo"],
    "followers_url": ["https://api.github.com/users/themiurgo/followers"],
    "following_url": ["https://api.github.com/users/themiurgo/following{/other_user}"],
    "gists_url": ["https://api.github.com/users/themiurgo/gists{/gist_id}"],
    "starred_url": ["https://api.github.com/users/themiurgo/starred{/owner}{/repo}"],
    "subscriptions_url": ["https://api.github.com/users/themiurgo/subscriptions"],
    "organizations_url": ["https://api.github.com/users/themiurgo/orgs"],
    "repos_url": ["https://api.github.com/users/themiurgo/repos"],
    "events_url": ["https://api.github.com/users/themiurgo/events{/privacy}"],
    "received_events_url": ["https://api.github.com/users/themiurgo/received_events"],
    "type": ["User"],
    "site_admin": [false]
  }
]
