[
  {
    "login": ["Deepthi05"],
    "id": [15472849],
    "node_id": ["MDQ6VXNlcjE1NDcyODQ5"],
    "avatar_url": ["https://avatars3.githubusercontent.com/u/15472849?v=4"],
    "gravatar_id": [""],
    "url": ["https://api.github.com/users/Deepthi05"],
    "html_url": ["https://github.com/Deepthi05"],
    "followers_url": ["https://api.github.com/users/Deepthi05/followers"],
    "following_url": ["https://api.github.com/users/Deepthi05/following{/other_user}"],
    "gists_url": ["https://api.github.com/users/Deepthi05/gists{/gist_id}"],
    "starred_url": ["https://api.github.com/users/Deepthi05/starred{/owner}{/repo}"],
    "subscriptions_url": ["https://api.github.com/users/Deepthi05/subscriptions"],
    "organizations_url": ["https://api.github.com/users/Deepthi05/orgs"],
    "repos_url": ["https://api.github.com/users/Deepthi05/repos"],
    "events_url": ["https://api.github.com/users/Deepthi05/events{/privacy}"],
    "received_events_url": ["https://api.github.com/users/Deepthi05/received_events"],
    "type": ["User"],
    "site_admin": [false]
  }
]
