[
  {
    "login": ["BishopJustice"],
    "id": [14799154],
    "node_id": ["MDQ6VXNlcjE0Nzk5MTU0"],
    "avatar_url": ["https://avatars3.githubusercontent.com/u/14799154?v=4"],
    "gravatar_id": [""],
    "url": ["https://api.github.com/users/BishopJustice"],
    "html_url": ["https://github.com/BishopJustice"],
    "followers_url": ["https://api.github.com/users/BishopJustice/followers"],
    "following_url": ["https://api.github.com/users/BishopJustice/following{/other_user}"],
    "gists_url": ["https://api.github.com/users/BishopJustice/gists{/gist_id}"],
    "starred_url": ["https://api.github.com/users/BishopJustice/starred{/owner}{/repo}"],
    "subscriptions_url": ["https://api.github.com/users/BishopJustice/subscriptions"],
    "organizations_url": ["https://api.github.com/users/BishopJustice/orgs"],
    "repos_url": ["https://api.github.com/users/BishopJustice/repos"],
    "events_url": ["https://api.github.com/users/BishopJustice/events{/privacy}"],
    "received_events_url": ["https://api.github.com/users/BishopJustice/received_events"],
    "type": ["User"],
    "site_admin": [false]
  }
]
