[
  {
    "login": ["ekta1007"],
    "id": [4171589],
    "node_id": ["MDQ6VXNlcjQxNzE1ODk="],
    "avatar_url": ["https://avatars3.githubusercontent.com/u/4171589?v=4"],
    "gravatar_id": [""],
    "url": ["https://api.github.com/users/ekta1007"],
    "html_url": ["https://github.com/ekta1007"],
    "followers_url": ["https://api.github.com/users/ekta1007/followers"],
    "following_url": ["https://api.github.com/users/ekta1007/following{/other_user}"],
    "gists_url": ["https://api.github.com/users/ekta1007/gists{/gist_id}"],
    "starred_url": ["https://api.github.com/users/ekta1007/starred{/owner}{/repo}"],
    "subscriptions_url": ["https://api.github.com/users/ekta1007/subscriptions"],
    "organizations_url": ["https://api.github.com/users/ekta1007/orgs"],
    "repos_url": ["https://api.github.com/users/ekta1007/repos"],
    "events_url": ["https://api.github.com/users/ekta1007/events{/privacy}"],
    "received_events_url": ["https://api.github.com/users/ekta1007/received_events"],
    "type": ["User"],
    "site_admin": [false]
  }
]
