[
  {
    "login": ["IngJuanMaSuarez"],
    "id": [9418267],
    "node_id": ["MDQ6VXNlcjk0MTgyNjc="],
    "avatar_url": ["https://avatars2.githubusercontent.com/u/9418267?v=4"],
    "gravatar_id": [""],
    "url": ["https://api.github.com/users/IngJuanMaSuarez"],
    "html_url": ["https://github.com/IngJuanMaSuarez"],
    "followers_url": ["https://api.github.com/users/IngJuanMaSuarez/followers"],
    "following_url": ["https://api.github.com/users/IngJuanMaSuarez/following{/other_user}"],
    "gists_url": ["https://api.github.com/users/IngJuanMaSuarez/gists{/gist_id}"],
    "starred_url": ["https://api.github.com/users/IngJuanMaSuarez/starred{/owner}{/repo}"],
    "subscriptions_url": ["https://api.github.com/users/IngJuanMaSuarez/subscriptions"],
    "organizations_url": ["https://api.github.com/users/IngJuanMaSuarez/orgs"],
    "repos_url": ["https://api.github.com/users/IngJuanMaSuarez/repos"],
    "events_url": ["https://api.github.com/users/IngJuanMaSuarez/events{/privacy}"],
    "received_events_url": ["https://api.github.com/users/IngJuanMaSuarez/received_events"],
    "type": ["User"],
    "site_admin": [false]
  }
]
