[
  {
    "login": ["zyds"],
    "id": [20520816],
    "node_id": ["MDQ6VXNlcjIwNTIwODE2"],
    "avatar_url": ["https://avatars3.githubusercontent.com/u/20520816?v=4"],
    "gravatar_id": [""],
    "url": ["https://api.github.com/users/zyds"],
    "html_url": ["https://github.com/zyds"],
    "followers_url": ["https://api.github.com/users/zyds/followers"],
    "following_url": ["https://api.github.com/users/zyds/following{/other_user}"],
    "gists_url": ["https://api.github.com/users/zyds/gists{/gist_id}"],
    "starred_url": ["https://api.github.com/users/zyds/starred{/owner}{/repo}"],
    "subscriptions_url": ["https://api.github.com/users/zyds/subscriptions"],
    "organizations_url": ["https://api.github.com/users/zyds/orgs"],
    "repos_url": ["https://api.github.com/users/zyds/repos"],
    "events_url": ["https://api.github.com/users/zyds/events{/privacy}"],
    "received_events_url": ["https://api.github.com/users/zyds/received_events"],
    "type": ["User"],
    "site_admin": [false]
  }
]
