[
  {
    "login": ["Nourdine2015"],
    "id": [13188030],
    "node_id": ["MDQ6VXNlcjEzMTg4MDMw"],
    "avatar_url": ["https://avatars3.githubusercontent.com/u/13188030?v=4"],
    "gravatar_id": [""],
    "url": ["https://api.github.com/users/Nourdine2015"],
    "html_url": ["https://github.com/Nourdine2015"],
    "followers_url": ["https://api.github.com/users/Nourdine2015/followers"],
    "following_url": ["https://api.github.com/users/Nourdine2015/following{/other_user}"],
    "gists_url": ["https://api.github.com/users/Nourdine2015/gists{/gist_id}"],
    "starred_url": ["https://api.github.com/users/Nourdine2015/starred{/owner}{/repo}"],
    "subscriptions_url": ["https://api.github.com/users/Nourdine2015/subscriptions"],
    "organizations_url": ["https://api.github.com/users/Nourdine2015/orgs"],
    "repos_url": ["https://api.github.com/users/Nourdine2015/repos"],
    "events_url": ["https://api.github.com/users/Nourdine2015/events{/privacy}"],
    "received_events_url": ["https://api.github.com/users/Nourdine2015/received_events"],
    "type": ["User"],
    "site_admin": [false]
  }
]
