[
  {
    "login": ["SoichiroOta"],
    "id": [11858961],
    "node_id": ["MDQ6VXNlcjExODU4OTYx"],
    "avatar_url": ["https://avatars3.githubusercontent.com/u/11858961?v=4"],
    "gravatar_id": [""],
    "url": ["https://api.github.com/users/SoichiroOta"],
    "html_url": ["https://github.com/SoichiroOta"],
    "followers_url": ["https://api.github.com/users/SoichiroOta/followers"],
    "following_url": ["https://api.github.com/users/SoichiroOta/following{/other_user}"],
    "gists_url": ["https://api.github.com/users/SoichiroOta/gists{/gist_id}"],
    "starred_url": ["https://api.github.com/users/SoichiroOta/starred{/owner}{/repo}"],
    "subscriptions_url": ["https://api.github.com/users/SoichiroOta/subscriptions"],
    "organizations_url": ["https://api.github.com/users/SoichiroOta/orgs"],
    "repos_url": ["https://api.github.com/users/SoichiroOta/repos"],
    "events_url": ["https://api.github.com/users/SoichiroOta/events{/privacy}"],
    "received_events_url": ["https://api.github.com/users/SoichiroOta/received_events"],
    "type": ["User"],
    "site_admin": [false]
  }
]
