[
  {
    "login": ["hutulaodao"],
    "id": [23047966],
    "node_id": ["MDQ6VXNlcjIzMDQ3OTY2"],
    "avatar_url": ["https://avatars1.githubusercontent.com/u/23047966?v=4"],
    "gravatar_id": [""],
    "url": ["https://api.github.com/users/hutulaodao"],
    "html_url": ["https://github.com/hutulaodao"],
    "followers_url": ["https://api.github.com/users/hutulaodao/followers"],
    "following_url": ["https://api.github.com/users/hutulaodao/following{/other_user}"],
    "gists_url": ["https://api.github.com/users/hutulaodao/gists{/gist_id}"],
    "starred_url": ["https://api.github.com/users/hutulaodao/starred{/owner}{/repo}"],
    "subscriptions_url": ["https://api.github.com/users/hutulaodao/subscriptions"],
    "organizations_url": ["https://api.github.com/users/hutulaodao/orgs"],
    "repos_url": ["https://api.github.com/users/hutulaodao/repos"],
    "events_url": ["https://api.github.com/users/hutulaodao/events{/privacy}"],
    "received_events_url": ["https://api.github.com/users/hutulaodao/received_events"],
    "type": ["User"],
    "site_admin": [false]
  }
]
