[
  {
    "login": ["ypenglyn"],
    "id": [786009],
    "node_id": ["MDQ6VXNlcjc4NjAwOQ=="],
    "avatar_url": ["https://avatars0.githubusercontent.com/u/786009?v=4"],
    "gravatar_id": [""],
    "url": ["https://api.github.com/users/ypenglyn"],
    "html_url": ["https://github.com/ypenglyn"],
    "followers_url": ["https://api.github.com/users/ypenglyn/followers"],
    "following_url": ["https://api.github.com/users/ypenglyn/following{/other_user}"],
    "gists_url": ["https://api.github.com/users/ypenglyn/gists{/gist_id}"],
    "starred_url": ["https://api.github.com/users/ypenglyn/starred{/owner}{/repo}"],
    "subscriptions_url": ["https://api.github.com/users/ypenglyn/subscriptions"],
    "organizations_url": ["https://api.github.com/users/ypenglyn/orgs"],
    "repos_url": ["https://api.github.com/users/ypenglyn/repos"],
    "events_url": ["https://api.github.com/users/ypenglyn/events{/privacy}"],
    "received_events_url": ["https://api.github.com/users/ypenglyn/received_events"],
    "type": ["User"],
    "site_admin": [false]
  }
]
