[
  {
    "login": ["mpeychev"],
    "id": [3826621],
    "node_id": ["MDQ6VXNlcjM4MjY2MjE="],
    "avatar_url": ["https://avatars2.githubusercontent.com/u/3826621?v=4"],
    "gravatar_id": [""],
    "url": ["https://api.github.com/users/mpeychev"],
    "html_url": ["https://github.com/mpeychev"],
    "followers_url": ["https://api.github.com/users/mpeychev/followers"],
    "following_url": ["https://api.github.com/users/mpeychev/following{/other_user}"],
    "gists_url": ["https://api.github.com/users/mpeychev/gists{/gist_id}"],
    "starred_url": ["https://api.github.com/users/mpeychev/starred{/owner}{/repo}"],
    "subscriptions_url": ["https://api.github.com/users/mpeychev/subscriptions"],
    "organizations_url": ["https://api.github.com/users/mpeychev/orgs"],
    "repos_url": ["https://api.github.com/users/mpeychev/repos"],
    "events_url": ["https://api.github.com/users/mpeychev/events{/privacy}"],
    "received_events_url": ["https://api.github.com/users/mpeychev/received_events"],
    "type": ["User"],
    "site_admin": [false]
  }
]
