[
  {
    "login": ["LeonHanml"],
    "id": [12620798],
    "node_id": ["MDQ6VXNlcjEyNjIwNzk4"],
    "avatar_url": ["https://avatars0.githubusercontent.com/u/12620798?v=4"],
    "gravatar_id": [""],
    "url": ["https://api.github.com/users/LeonHanml"],
    "html_url": ["https://github.com/LeonHanml"],
    "followers_url": ["https://api.github.com/users/LeonHanml/followers"],
    "following_url": ["https://api.github.com/users/LeonHanml/following{/other_user}"],
    "gists_url": ["https://api.github.com/users/LeonHanml/gists{/gist_id}"],
    "starred_url": ["https://api.github.com/users/LeonHanml/starred{/owner}{/repo}"],
    "subscriptions_url": ["https://api.github.com/users/LeonHanml/subscriptions"],
    "organizations_url": ["https://api.github.com/users/LeonHanml/orgs"],
    "repos_url": ["https://api.github.com/users/LeonHanml/repos"],
    "events_url": ["https://api.github.com/users/LeonHanml/events{/privacy}"],
    "received_events_url": ["https://api.github.com/users/LeonHanml/received_events"],
    "type": ["User"],
    "site_admin": [false]
  }
]
