[
  {
    "login": ["ShawnXiha"],
    "id": [18549807],
    "node_id": ["MDQ6VXNlcjE4NTQ5ODA3"],
    "avatar_url": ["https://avatars2.githubusercontent.com/u/18549807?v=4"],
    "gravatar_id": [""],
    "url": ["https://api.github.com/users/ShawnXiha"],
    "html_url": ["https://github.com/ShawnXiha"],
    "followers_url": ["https://api.github.com/users/ShawnXiha/followers"],
    "following_url": ["https://api.github.com/users/ShawnXiha/following{/other_user}"],
    "gists_url": ["https://api.github.com/users/ShawnXiha/gists{/gist_id}"],
    "starred_url": ["https://api.github.com/users/ShawnXiha/starred{/owner}{/repo}"],
    "subscriptions_url": ["https://api.github.com/users/ShawnXiha/subscriptions"],
    "organizations_url": ["https://api.github.com/users/ShawnXiha/orgs"],
    "repos_url": ["https://api.github.com/users/ShawnXiha/repos"],
    "events_url": ["https://api.github.com/users/ShawnXiha/events{/privacy}"],
    "received_events_url": ["https://api.github.com/users/ShawnXiha/received_events"],
    "type": ["User"],
    "site_admin": [false]
  }
]
