[
  {
    "login": ["sanjanakiran"],
    "id": [11526682],
    "node_id": ["MDQ6VXNlcjExNTI2Njgy"],
    "avatar_url": ["https://avatars1.githubusercontent.com/u/11526682?v=4"],
    "gravatar_id": [""],
    "url": ["https://api.github.com/users/sanjanakiran"],
    "html_url": ["https://github.com/sanjanakiran"],
    "followers_url": ["https://api.github.com/users/sanjanakiran/followers"],
    "following_url": ["https://api.github.com/users/sanjanakiran/following{/other_user}"],
    "gists_url": ["https://api.github.com/users/sanjanakiran/gists{/gist_id}"],
    "starred_url": ["https://api.github.com/users/sanjanakiran/starred{/owner}{/repo}"],
    "subscriptions_url": ["https://api.github.com/users/sanjanakiran/subscriptions"],
    "organizations_url": ["https://api.github.com/users/sanjanakiran/orgs"],
    "repos_url": ["https://api.github.com/users/sanjanakiran/repos"],
    "events_url": ["https://api.github.com/users/sanjanakiran/events{/privacy}"],
    "received_events_url": ["https://api.github.com/users/sanjanakiran/received_events"],
    "type": ["User"],
    "site_admin": [false]
  }
]
