[
  {
    "login": ["chenshanghao"],
    "id": [17865106],
    "node_id": ["MDQ6VXNlcjE3ODY1MTA2"],
    "avatar_url": ["https://avatars2.githubusercontent.com/u/17865106?v=4"],
    "gravatar_id": [""],
    "url": ["https://api.github.com/users/chenshanghao"],
    "html_url": ["https://github.com/chenshanghao"],
    "followers_url": ["https://api.github.com/users/chenshanghao/followers"],
    "following_url": ["https://api.github.com/users/chenshanghao/following{/other_user}"],
    "gists_url": ["https://api.github.com/users/chenshanghao/gists{/gist_id}"],
    "starred_url": ["https://api.github.com/users/chenshanghao/starred{/owner}{/repo}"],
    "subscriptions_url": ["https://api.github.com/users/chenshanghao/subscriptions"],
    "organizations_url": ["https://api.github.com/users/chenshanghao/orgs"],
    "repos_url": ["https://api.github.com/users/chenshanghao/repos"],
    "events_url": ["https://api.github.com/users/chenshanghao/events{/privacy}"],
    "received_events_url": ["https://api.github.com/users/chenshanghao/received_events"],
    "type": ["User"],
    "site_admin": [false]
  }
]
