[
  {
    "login": ["iChiragMandot"],
    "id": [5466863],
    "node_id": ["MDQ6VXNlcjU0NjY4NjM="],
    "avatar_url": ["https://avatars0.githubusercontent.com/u/5466863?v=4"],
    "gravatar_id": [""],
    "url": ["https://api.github.com/users/iChiragMandot"],
    "html_url": ["https://github.com/iChiragMandot"],
    "followers_url": ["https://api.github.com/users/iChiragMandot/followers"],
    "following_url": ["https://api.github.com/users/iChiragMandot/following{/other_user}"],
    "gists_url": ["https://api.github.com/users/iChiragMandot/gists{/gist_id}"],
    "starred_url": ["https://api.github.com/users/iChiragMandot/starred{/owner}{/repo}"],
    "subscriptions_url": ["https://api.github.com/users/iChiragMandot/subscriptions"],
    "organizations_url": ["https://api.github.com/users/iChiragMandot/orgs"],
    "repos_url": ["https://api.github.com/users/iChiragMandot/repos"],
    "events_url": ["https://api.github.com/users/iChiragMandot/events{/privacy}"],
    "received_events_url": ["https://api.github.com/users/iChiragMandot/received_events"],
    "type": ["User"],
    "site_admin": [false]
  }
]
