[
  {
    "login": ["cahyaong"],
    "id": [2726819],
    "node_id": ["MDQ6VXNlcjI3MjY4MTk="],
    "avatar_url": ["https://avatars1.githubusercontent.com/u/2726819?v=4"],
    "gravatar_id": [""],
    "url": ["https://api.github.com/users/cahyaong"],
    "html_url": ["https://github.com/cahyaong"],
    "followers_url": ["https://api.github.com/users/cahyaong/followers"],
    "following_url": ["https://api.github.com/users/cahyaong/following{/other_user}"],
    "gists_url": ["https://api.github.com/users/cahyaong/gists{/gist_id}"],
    "starred_url": ["https://api.github.com/users/cahyaong/starred{/owner}{/repo}"],
    "subscriptions_url": ["https://api.github.com/users/cahyaong/subscriptions"],
    "organizations_url": ["https://api.github.com/users/cahyaong/orgs"],
    "repos_url": ["https://api.github.com/users/cahyaong/repos"],
    "events_url": ["https://api.github.com/users/cahyaong/events{/privacy}"],
    "received_events_url": ["https://api.github.com/users/cahyaong/received_events"],
    "type": ["User"],
    "site_admin": [false]
  }
]
