[
  {
    "login": ["UaHaLiubolun"],
    "id": [20224470],
    "node_id": ["MDQ6VXNlcjIwMjI0NDcw"],
    "avatar_url": ["https://avatars1.githubusercontent.com/u/20224470?v=4"],
    "gravatar_id": [""],
    "url": ["https://api.github.com/users/UaHaLiubolun"],
    "html_url": ["https://github.com/UaHaLiubolun"],
    "followers_url": ["https://api.github.com/users/UaHaLiubolun/followers"],
    "following_url": ["https://api.github.com/users/UaHaLiubolun/following{/other_user}"],
    "gists_url": ["https://api.github.com/users/UaHaLiubolun/gists{/gist_id}"],
    "starred_url": ["https://api.github.com/users/UaHaLiubolun/starred{/owner}{/repo}"],
    "subscriptions_url": ["https://api.github.com/users/UaHaLiubolun/subscriptions"],
    "organizations_url": ["https://api.github.com/users/UaHaLiubolun/orgs"],
    "repos_url": ["https://api.github.com/users/UaHaLiubolun/repos"],
    "events_url": ["https://api.github.com/users/UaHaLiubolun/events{/privacy}"],
    "received_events_url": ["https://api.github.com/users/UaHaLiubolun/received_events"],
    "type": ["User"],
    "site_admin": [false]
  }
]
