[
  {
    "login": ["harendranathvegi9"],
    "id": [25895395],
    "node_id": ["MDQ6VXNlcjI1ODk1Mzk1"],
    "avatar_url": ["https://avatars3.githubusercontent.com/u/25895395?v=4"],
    "gravatar_id": [""],
    "url": ["https://api.github.com/users/harendranathvegi9"],
    "html_url": ["https://github.com/harendranathvegi9"],
    "followers_url": ["https://api.github.com/users/harendranathvegi9/followers"],
    "following_url": ["https://api.github.com/users/harendranathvegi9/following{/other_user}"],
    "gists_url": ["https://api.github.com/users/harendranathvegi9/gists{/gist_id}"],
    "starred_url": ["https://api.github.com/users/harendranathvegi9/starred{/owner}{/repo}"],
    "subscriptions_url": ["https://api.github.com/users/harendranathvegi9/subscriptions"],
    "organizations_url": ["https://api.github.com/users/harendranathvegi9/orgs"],
    "repos_url": ["https://api.github.com/users/harendranathvegi9/repos"],
    "events_url": ["https://api.github.com/users/harendranathvegi9/events{/privacy}"],
    "received_events_url": ["https://api.github.com/users/harendranathvegi9/received_events"],
    "type": ["User"],
    "site_admin": [false]
  }
]
