[
  {
    "login": ["yesxiaoyu"],
    "id": [16436464],
    "node_id": ["MDQ6VXNlcjE2NDM2NDY0"],
    "avatar_url": ["https://avatars2.githubusercontent.com/u/16436464?v=4"],
    "gravatar_id": [""],
    "url": ["https://api.github.com/users/yesxiaoyu"],
    "html_url": ["https://github.com/yesxiaoyu"],
    "followers_url": ["https://api.github.com/users/yesxiaoyu/followers"],
    "following_url": ["https://api.github.com/users/yesxiaoyu/following{/other_user}"],
    "gists_url": ["https://api.github.com/users/yesxiaoyu/gists{/gist_id}"],
    "starred_url": ["https://api.github.com/users/yesxiaoyu/starred{/owner}{/repo}"],
    "subscriptions_url": ["https://api.github.com/users/yesxiaoyu/subscriptions"],
    "organizations_url": ["https://api.github.com/users/yesxiaoyu/orgs"],
    "repos_url": ["https://api.github.com/users/yesxiaoyu/repos"],
    "events_url": ["https://api.github.com/users/yesxiaoyu/events{/privacy}"],
    "received_events_url": ["https://api.github.com/users/yesxiaoyu/received_events"],
    "type": ["User"],
    "site_admin": [false]
  }
]
