[
  {
    "login": ["abhinavbom"],
    "id": [232763],
    "node_id": ["MDQ6VXNlcjIzMjc2Mw=="],
    "avatar_url": ["https://avatars1.githubusercontent.com/u/232763?v=4"],
    "gravatar_id": [""],
    "url": ["https://api.github.com/users/abhinavbom"],
    "html_url": ["https://github.com/abhinavbom"],
    "followers_url": ["https://api.github.com/users/abhinavbom/followers"],
    "following_url": ["https://api.github.com/users/abhinavbom/following{/other_user}"],
    "gists_url": ["https://api.github.com/users/abhinavbom/gists{/gist_id}"],
    "starred_url": ["https://api.github.com/users/abhinavbom/starred{/owner}{/repo}"],
    "subscriptions_url": ["https://api.github.com/users/abhinavbom/subscriptions"],
    "organizations_url": ["https://api.github.com/users/abhinavbom/orgs"],
    "repos_url": ["https://api.github.com/users/abhinavbom/repos"],
    "events_url": ["https://api.github.com/users/abhinavbom/events{/privacy}"],
    "received_events_url": ["https://api.github.com/users/abhinavbom/received_events"],
    "type": ["User"],
    "site_admin": [false]
  }
]
