[
  {
    "login": ["pramod974"],
    "id": [4111777],
    "node_id": ["MDQ6VXNlcjQxMTE3Nzc="],
    "avatar_url": ["https://avatars0.githubusercontent.com/u/4111777?v=4"],
    "gravatar_id": [""],
    "url": ["https://api.github.com/users/pramod974"],
    "html_url": ["https://github.com/pramod974"],
    "followers_url": ["https://api.github.com/users/pramod974/followers"],
    "following_url": ["https://api.github.com/users/pramod974/following{/other_user}"],
    "gists_url": ["https://api.github.com/users/pramod974/gists{/gist_id}"],
    "starred_url": ["https://api.github.com/users/pramod974/starred{/owner}{/repo}"],
    "subscriptions_url": ["https://api.github.com/users/pramod974/subscriptions"],
    "organizations_url": ["https://api.github.com/users/pramod974/orgs"],
    "repos_url": ["https://api.github.com/users/pramod974/repos"],
    "events_url": ["https://api.github.com/users/pramod974/events{/privacy}"],
    "received_events_url": ["https://api.github.com/users/pramod974/received_events"],
    "type": ["User"],
    "site_admin": [false]
  }
]
