[
  {
    "login": ["anilkumarshrestha"],
    "id": [25226894],
    "node_id": ["MDQ6VXNlcjI1MjI2ODk0"],
    "avatar_url": ["https://avatars2.githubusercontent.com/u/25226894?v=4"],
    "gravatar_id": [""],
    "url": ["https://api.github.com/users/anilkumarshrestha"],
    "html_url": ["https://github.com/anilkumarshrestha"],
    "followers_url": ["https://api.github.com/users/anilkumarshrestha/followers"],
    "following_url": ["https://api.github.com/users/anilkumarshrestha/following{/other_user}"],
    "gists_url": ["https://api.github.com/users/anilkumarshrestha/gists{/gist_id}"],
    "starred_url": ["https://api.github.com/users/anilkumarshrestha/starred{/owner}{/repo}"],
    "subscriptions_url": ["https://api.github.com/users/anilkumarshrestha/subscriptions"],
    "organizations_url": ["https://api.github.com/users/anilkumarshrestha/orgs"],
    "repos_url": ["https://api.github.com/users/anilkumarshrestha/repos"],
    "events_url": ["https://api.github.com/users/anilkumarshrestha/events{/privacy}"],
    "received_events_url": ["https://api.github.com/users/anilkumarshrestha/received_events"],
    "type": ["User"],
    "site_admin": [false]
  }
]
