[
  {
    "login": ["yrhoc"],
    "id": [5173952],
    "node_id": ["MDQ6VXNlcjUxNzM5NTI="],
    "avatar_url": ["https://avatars1.githubusercontent.com/u/5173952?v=4"],
    "gravatar_id": [""],
    "url": ["https://api.github.com/users/yrhoc"],
    "html_url": ["https://github.com/yrhoc"],
    "followers_url": ["https://api.github.com/users/yrhoc/followers"],
    "following_url": ["https://api.github.com/users/yrhoc/following{/other_user}"],
    "gists_url": ["https://api.github.com/users/yrhoc/gists{/gist_id}"],
    "starred_url": ["https://api.github.com/users/yrhoc/starred{/owner}{/repo}"],
    "subscriptions_url": ["https://api.github.com/users/yrhoc/subscriptions"],
    "organizations_url": ["https://api.github.com/users/yrhoc/orgs"],
    "repos_url": ["https://api.github.com/users/yrhoc/repos"],
    "events_url": ["https://api.github.com/users/yrhoc/events{/privacy}"],
    "received_events_url": ["https://api.github.com/users/yrhoc/received_events"],
    "type": ["User"],
    "site_admin": [false]
  }
]
