[
  {
    "login": ["harkaran-singh"],
    "id": [29828823],
    "node_id": ["MDQ6VXNlcjI5ODI4ODIz"],
    "avatar_url": ["https://avatars1.githubusercontent.com/u/29828823?v=4"],
    "gravatar_id": [""],
    "url": ["https://api.github.com/users/harkaran-singh"],
    "html_url": ["https://github.com/harkaran-singh"],
    "followers_url": ["https://api.github.com/users/harkaran-singh/followers"],
    "following_url": ["https://api.github.com/users/harkaran-singh/following{/other_user}"],
    "gists_url": ["https://api.github.com/users/harkaran-singh/gists{/gist_id}"],
    "starred_url": ["https://api.github.com/users/harkaran-singh/starred{/owner}{/repo}"],
    "subscriptions_url": ["https://api.github.com/users/harkaran-singh/subscriptions"],
    "organizations_url": ["https://api.github.com/users/harkaran-singh/orgs"],
    "repos_url": ["https://api.github.com/users/harkaran-singh/repos"],
    "events_url": ["https://api.github.com/users/harkaran-singh/events{/privacy}"],
    "received_events_url": ["https://api.github.com/users/harkaran-singh/received_events"],
    "type": ["User"],
    "site_admin": [false]
  }
]
