[
  {
    "login": ["econexpert"],
    "id": [7473991],
    "node_id": ["MDQ6VXNlcjc0NzM5OTE="],
    "avatar_url": ["https://avatars3.githubusercontent.com/u/7473991?v=4"],
    "gravatar_id": [""],
    "url": ["https://api.github.com/users/econexpert"],
    "html_url": ["https://github.com/econexpert"],
    "followers_url": ["https://api.github.com/users/econexpert/followers"],
    "following_url": ["https://api.github.com/users/econexpert/following{/other_user}"],
    "gists_url": ["https://api.github.com/users/econexpert/gists{/gist_id}"],
    "starred_url": ["https://api.github.com/users/econexpert/starred{/owner}{/repo}"],
    "subscriptions_url": ["https://api.github.com/users/econexpert/subscriptions"],
    "organizations_url": ["https://api.github.com/users/econexpert/orgs"],
    "repos_url": ["https://api.github.com/users/econexpert/repos"],
    "events_url": ["https://api.github.com/users/econexpert/events{/privacy}"],
    "received_events_url": ["https://api.github.com/users/econexpert/received_events"],
    "type": ["User"],
    "site_admin": [false]
  }
]
