[
  {
    "login": ["puneeth579"],
    "id": [3087635],
    "node_id": ["MDQ6VXNlcjMwODc2MzU="],
    "avatar_url": ["https://avatars3.githubusercontent.com/u/3087635?v=4"],
    "gravatar_id": [""],
    "url": ["https://api.github.com/users/puneeth579"],
    "html_url": ["https://github.com/puneeth579"],
    "followers_url": ["https://api.github.com/users/puneeth579/followers"],
    "following_url": ["https://api.github.com/users/puneeth579/following{/other_user}"],
    "gists_url": ["https://api.github.com/users/puneeth579/gists{/gist_id}"],
    "starred_url": ["https://api.github.com/users/puneeth579/starred{/owner}{/repo}"],
    "subscriptions_url": ["https://api.github.com/users/puneeth579/subscriptions"],
    "organizations_url": ["https://api.github.com/users/puneeth579/orgs"],
    "repos_url": ["https://api.github.com/users/puneeth579/repos"],
    "events_url": ["https://api.github.com/users/puneeth579/events{/privacy}"],
    "received_events_url": ["https://api.github.com/users/puneeth579/received_events"],
    "type": ["User"],
    "site_admin": [false]
  }
]
