[
  {
    "login": ["JonathanParra"],
    "id": [19839441],
    "node_id": ["MDQ6VXNlcjE5ODM5NDQx"],
    "avatar_url": ["https://avatars1.githubusercontent.com/u/19839441?v=4"],
    "gravatar_id": [""],
    "url": ["https://api.github.com/users/JonathanParra"],
    "html_url": ["https://github.com/JonathanParra"],
    "followers_url": ["https://api.github.com/users/JonathanParra/followers"],
    "following_url": ["https://api.github.com/users/JonathanParra/following{/other_user}"],
    "gists_url": ["https://api.github.com/users/JonathanParra/gists{/gist_id}"],
    "starred_url": ["https://api.github.com/users/JonathanParra/starred{/owner}{/repo}"],
    "subscriptions_url": ["https://api.github.com/users/JonathanParra/subscriptions"],
    "organizations_url": ["https://api.github.com/users/JonathanParra/orgs"],
    "repos_url": ["https://api.github.com/users/JonathanParra/repos"],
    "events_url": ["https://api.github.com/users/JonathanParra/events{/privacy}"],
    "received_events_url": ["https://api.github.com/users/JonathanParra/received_events"],
    "type": ["User"],
    "site_admin": [false]
  }
]
