[
  {
    "login": ["jxzhou131"],
    "id": [38435630],
    "node_id": ["MDQ6VXNlcjM4NDM1NjMw"],
    "avatar_url": ["https://avatars2.githubusercontent.com/u/38435630?v=4"],
    "gravatar_id": [""],
    "url": ["https://api.github.com/users/jxzhou131"],
    "html_url": ["https://github.com/jxzhou131"],
    "followers_url": ["https://api.github.com/users/jxzhou131/followers"],
    "following_url": ["https://api.github.com/users/jxzhou131/following{/other_user}"],
    "gists_url": ["https://api.github.com/users/jxzhou131/gists{/gist_id}"],
    "starred_url": ["https://api.github.com/users/jxzhou131/starred{/owner}{/repo}"],
    "subscriptions_url": ["https://api.github.com/users/jxzhou131/subscriptions"],
    "organizations_url": ["https://api.github.com/users/jxzhou131/orgs"],
    "repos_url": ["https://api.github.com/users/jxzhou131/repos"],
    "events_url": ["https://api.github.com/users/jxzhou131/events{/privacy}"],
    "received_events_url": ["https://api.github.com/users/jxzhou131/received_events"],
    "type": ["User"],
    "site_admin": [false]
  }
]
