[
  {
    "login": ["gupta-rajat"],
    "id": [16597652],
    "node_id": ["MDQ6VXNlcjE2NTk3NjUy"],
    "avatar_url": ["https://avatars3.githubusercontent.com/u/16597652?v=4"],
    "gravatar_id": [""],
    "url": ["https://api.github.com/users/gupta-rajat"],
    "html_url": ["https://github.com/gupta-rajat"],
    "followers_url": ["https://api.github.com/users/gupta-rajat/followers"],
    "following_url": ["https://api.github.com/users/gupta-rajat/following{/other_user}"],
    "gists_url": ["https://api.github.com/users/gupta-rajat/gists{/gist_id}"],
    "starred_url": ["https://api.github.com/users/gupta-rajat/starred{/owner}{/repo}"],
    "subscriptions_url": ["https://api.github.com/users/gupta-rajat/subscriptions"],
    "organizations_url": ["https://api.github.com/users/gupta-rajat/orgs"],
    "repos_url": ["https://api.github.com/users/gupta-rajat/repos"],
    "events_url": ["https://api.github.com/users/gupta-rajat/events{/privacy}"],
    "received_events_url": ["https://api.github.com/users/gupta-rajat/received_events"],
    "type": ["User"],
    "site_admin": [false]
  }
]
