[
  {
    "login": ["point6013"],
    "id": [15711752],
    "node_id": ["MDQ6VXNlcjE1NzExNzUy"],
    "avatar_url": ["https://avatars0.githubusercontent.com/u/15711752?v=4"],
    "gravatar_id": [""],
    "url": ["https://api.github.com/users/point6013"],
    "html_url": ["https://github.com/point6013"],
    "followers_url": ["https://api.github.com/users/point6013/followers"],
    "following_url": ["https://api.github.com/users/point6013/following{/other_user}"],
    "gists_url": ["https://api.github.com/users/point6013/gists{/gist_id}"],
    "starred_url": ["https://api.github.com/users/point6013/starred{/owner}{/repo}"],
    "subscriptions_url": ["https://api.github.com/users/point6013/subscriptions"],
    "organizations_url": ["https://api.github.com/users/point6013/orgs"],
    "repos_url": ["https://api.github.com/users/point6013/repos"],
    "events_url": ["https://api.github.com/users/point6013/events{/privacy}"],
    "received_events_url": ["https://api.github.com/users/point6013/received_events"],
    "type": ["User"],
    "site_admin": [false]
  }
]
