[
  {
    "login": ["viveksinha"],
    "id": [1555238],
    "node_id": ["MDQ6VXNlcjE1NTUyMzg="],
    "avatar_url": ["https://avatars2.githubusercontent.com/u/1555238?v=4"],
    "gravatar_id": [""],
    "url": ["https://api.github.com/users/viveksinha"],
    "html_url": ["https://github.com/viveksinha"],
    "followers_url": ["https://api.github.com/users/viveksinha/followers"],
    "following_url": ["https://api.github.com/users/viveksinha/following{/other_user}"],
    "gists_url": ["https://api.github.com/users/viveksinha/gists{/gist_id}"],
    "starred_url": ["https://api.github.com/users/viveksinha/starred{/owner}{/repo}"],
    "subscriptions_url": ["https://api.github.com/users/viveksinha/subscriptions"],
    "organizations_url": ["https://api.github.com/users/viveksinha/orgs"],
    "repos_url": ["https://api.github.com/users/viveksinha/repos"],
    "events_url": ["https://api.github.com/users/viveksinha/events{/privacy}"],
    "received_events_url": ["https://api.github.com/users/viveksinha/received_events"],
    "type": ["User"],
    "site_admin": [false]
  }
]
