[
  {
    "login": ["jonesgithub"],
    "id": [998105],
    "node_id": ["MDQ6VXNlcjk5ODEwNQ=="],
    "avatar_url": ["https://avatars3.githubusercontent.com/u/998105?v=4"],
    "gravatar_id": [""],
    "url": ["https://api.github.com/users/jonesgithub"],
    "html_url": ["https://github.com/jonesgithub"],
    "followers_url": ["https://api.github.com/users/jonesgithub/followers"],
    "following_url": ["https://api.github.com/users/jonesgithub/following{/other_user}"],
    "gists_url": ["https://api.github.com/users/jonesgithub/gists{/gist_id}"],
    "starred_url": ["https://api.github.com/users/jonesgithub/starred{/owner}{/repo}"],
    "subscriptions_url": ["https://api.github.com/users/jonesgithub/subscriptions"],
    "organizations_url": ["https://api.github.com/users/jonesgithub/orgs"],
    "repos_url": ["https://api.github.com/users/jonesgithub/repos"],
    "events_url": ["https://api.github.com/users/jonesgithub/events{/privacy}"],
    "received_events_url": ["https://api.github.com/users/jonesgithub/received_events"],
    "type": ["User"],
    "site_admin": [false]
  }
]
