[
  {
    "login": ["yconst"],
    "id": [529837],
    "node_id": ["MDQ6VXNlcjUyOTgzNw=="],
    "avatar_url": ["https://avatars3.githubusercontent.com/u/529837?v=4"],
    "gravatar_id": [""],
    "url": ["https://api.github.com/users/yconst"],
    "html_url": ["https://github.com/yconst"],
    "followers_url": ["https://api.github.com/users/yconst/followers"],
    "following_url": ["https://api.github.com/users/yconst/following{/other_user}"],
    "gists_url": ["https://api.github.com/users/yconst/gists{/gist_id}"],
    "starred_url": ["https://api.github.com/users/yconst/starred{/owner}{/repo}"],
    "subscriptions_url": ["https://api.github.com/users/yconst/subscriptions"],
    "organizations_url": ["https://api.github.com/users/yconst/orgs"],
    "repos_url": ["https://api.github.com/users/yconst/repos"],
    "events_url": ["https://api.github.com/users/yconst/events{/privacy}"],
    "received_events_url": ["https://api.github.com/users/yconst/received_events"],
    "type": ["User"],
    "site_admin": [false]
  }
]
