[
  {
    "login": ["Markitox"],
    "id": [71090],
    "node_id": ["MDQ6VXNlcjcxMDkw"],
    "avatar_url": ["https://avatars1.githubusercontent.com/u/71090?v=4"],
    "gravatar_id": [""],
    "url": ["https://api.github.com/users/Markitox"],
    "html_url": ["https://github.com/Markitox"],
    "followers_url": ["https://api.github.com/users/Markitox/followers"],
    "following_url": ["https://api.github.com/users/Markitox/following{/other_user}"],
    "gists_url": ["https://api.github.com/users/Markitox/gists{/gist_id}"],
    "starred_url": ["https://api.github.com/users/Markitox/starred{/owner}{/repo}"],
    "subscriptions_url": ["https://api.github.com/users/Markitox/subscriptions"],
    "organizations_url": ["https://api.github.com/users/Markitox/orgs"],
    "repos_url": ["https://api.github.com/users/Markitox/repos"],
    "events_url": ["https://api.github.com/users/Markitox/events{/privacy}"],
    "received_events_url": ["https://api.github.com/users/Markitox/received_events"],
    "type": ["User"],
    "site_admin": [false]
  }
]
