[
  {
    "login": ["hksanduo"],
    "id": [31351525],
    "node_id": ["MDQ6VXNlcjMxMzUxNTI1"],
    "avatar_url": ["https://avatars2.githubusercontent.com/u/31351525?v=4"],
    "gravatar_id": [""],
    "url": ["https://api.github.com/users/hksanduo"],
    "html_url": ["https://github.com/hksanduo"],
    "followers_url": ["https://api.github.com/users/hksanduo/followers"],
    "following_url": ["https://api.github.com/users/hksanduo/following{/other_user}"],
    "gists_url": ["https://api.github.com/users/hksanduo/gists{/gist_id}"],
    "starred_url": ["https://api.github.com/users/hksanduo/starred{/owner}{/repo}"],
    "subscriptions_url": ["https://api.github.com/users/hksanduo/subscriptions"],
    "organizations_url": ["https://api.github.com/users/hksanduo/orgs"],
    "repos_url": ["https://api.github.com/users/hksanduo/repos"],
    "events_url": ["https://api.github.com/users/hksanduo/events{/privacy}"],
    "received_events_url": ["https://api.github.com/users/hksanduo/received_events"],
    "type": ["User"],
    "site_admin": [false]
  }
]
