[
  {
    "login": ["jmaocs"],
    "id": [8196096],
    "node_id": ["MDQ6VXNlcjgxOTYwOTY="],
    "avatar_url": ["https://avatars0.githubusercontent.com/u/8196096?v=4"],
    "gravatar_id": [""],
    "url": ["https://api.github.com/users/jmaocs"],
    "html_url": ["https://github.com/jmaocs"],
    "followers_url": ["https://api.github.com/users/jmaocs/followers"],
    "following_url": ["https://api.github.com/users/jmaocs/following{/other_user}"],
    "gists_url": ["https://api.github.com/users/jmaocs/gists{/gist_id}"],
    "starred_url": ["https://api.github.com/users/jmaocs/starred{/owner}{/repo}"],
    "subscriptions_url": ["https://api.github.com/users/jmaocs/subscriptions"],
    "organizations_url": ["https://api.github.com/users/jmaocs/orgs"],
    "repos_url": ["https://api.github.com/users/jmaocs/repos"],
    "events_url": ["https://api.github.com/users/jmaocs/events{/privacy}"],
    "received_events_url": ["https://api.github.com/users/jmaocs/received_events"],
    "type": ["User"],
    "site_admin": [false]
  }
]
