[
  {
    "login": ["byinarie"],
    "id": [20119926],
    "node_id": ["MDQ6VXNlcjIwMTE5OTI2"],
    "avatar_url": ["https://avatars1.githubusercontent.com/u/20119926?v=4"],
    "gravatar_id": [""],
    "url": ["https://api.github.com/users/byinarie"],
    "html_url": ["https://github.com/byinarie"],
    "followers_url": ["https://api.github.com/users/byinarie/followers"],
    "following_url": ["https://api.github.com/users/byinarie/following{/other_user}"],
    "gists_url": ["https://api.github.com/users/byinarie/gists{/gist_id}"],
    "starred_url": ["https://api.github.com/users/byinarie/starred{/owner}{/repo}"],
    "subscriptions_url": ["https://api.github.com/users/byinarie/subscriptions"],
    "organizations_url": ["https://api.github.com/users/byinarie/orgs"],
    "repos_url": ["https://api.github.com/users/byinarie/repos"],
    "events_url": ["https://api.github.com/users/byinarie/events{/privacy}"],
    "received_events_url": ["https://api.github.com/users/byinarie/received_events"],
    "type": ["User"],
    "site_admin": [false]
  }
]
