[
  {
    "login": ["Ternence"],
    "id": [2890392],
    "node_id": ["MDQ6VXNlcjI4OTAzOTI="],
    "avatar_url": ["https://avatars0.githubusercontent.com/u/2890392?v=4"],
    "gravatar_id": [""],
    "url": ["https://api.github.com/users/Ternence"],
    "html_url": ["https://github.com/Ternence"],
    "followers_url": ["https://api.github.com/users/Ternence/followers"],
    "following_url": ["https://api.github.com/users/Ternence/following{/other_user}"],
    "gists_url": ["https://api.github.com/users/Ternence/gists{/gist_id}"],
    "starred_url": ["https://api.github.com/users/Ternence/starred{/owner}{/repo}"],
    "subscriptions_url": ["https://api.github.com/users/Ternence/subscriptions"],
    "organizations_url": ["https://api.github.com/users/Ternence/orgs"],
    "repos_url": ["https://api.github.com/users/Ternence/repos"],
    "events_url": ["https://api.github.com/users/Ternence/events{/privacy}"],
    "received_events_url": ["https://api.github.com/users/Ternence/received_events"],
    "type": ["User"],
    "site_admin": [false]
  }
]
