[
  {
    "login": ["pb-pravin"],
    "id": [1631302],
    "node_id": ["MDQ6VXNlcjE2MzEzMDI="],
    "avatar_url": ["https://avatars2.githubusercontent.com/u/1631302?v=4"],
    "gravatar_id": [""],
    "url": ["https://api.github.com/users/pb-pravin"],
    "html_url": ["https://github.com/pb-pravin"],
    "followers_url": ["https://api.github.com/users/pb-pravin/followers"],
    "following_url": ["https://api.github.com/users/pb-pravin/following{/other_user}"],
    "gists_url": ["https://api.github.com/users/pb-pravin/gists{/gist_id}"],
    "starred_url": ["https://api.github.com/users/pb-pravin/starred{/owner}{/repo}"],
    "subscriptions_url": ["https://api.github.com/users/pb-pravin/subscriptions"],
    "organizations_url": ["https://api.github.com/users/pb-pravin/orgs"],
    "repos_url": ["https://api.github.com/users/pb-pravin/repos"],
    "events_url": ["https://api.github.com/users/pb-pravin/events{/privacy}"],
    "received_events_url": ["https://api.github.com/users/pb-pravin/received_events"],
    "type": ["User"],
    "site_admin": [false]
  }
]
