[
  {
    "login": ["kerembaskaya"],
    "id": [3177681],
    "node_id": ["MDQ6VXNlcjMxNzc2ODE="],
    "avatar_url": ["https://avatars3.githubusercontent.com/u/3177681?v=4"],
    "gravatar_id": [""],
    "url": ["https://api.github.com/users/kerembaskaya"],
    "html_url": ["https://github.com/kerembaskaya"],
    "followers_url": ["https://api.github.com/users/kerembaskaya/followers"],
    "following_url": ["https://api.github.com/users/kerembaskaya/following{/other_user}"],
    "gists_url": ["https://api.github.com/users/kerembaskaya/gists{/gist_id}"],
    "starred_url": ["https://api.github.com/users/kerembaskaya/starred{/owner}{/repo}"],
    "subscriptions_url": ["https://api.github.com/users/kerembaskaya/subscriptions"],
    "organizations_url": ["https://api.github.com/users/kerembaskaya/orgs"],
    "repos_url": ["https://api.github.com/users/kerembaskaya/repos"],
    "events_url": ["https://api.github.com/users/kerembaskaya/events{/privacy}"],
    "received_events_url": ["https://api.github.com/users/kerembaskaya/received_events"],
    "type": ["User"],
    "site_admin": [false]
  }
]
