[
  {
    "login": ["Jerry1104"],
    "id": [15170908],
    "node_id": ["MDQ6VXNlcjE1MTcwOTA4"],
    "avatar_url": ["https://avatars0.githubusercontent.com/u/15170908?v=4"],
    "gravatar_id": [""],
    "url": ["https://api.github.com/users/Jerry1104"],
    "html_url": ["https://github.com/Jerry1104"],
    "followers_url": ["https://api.github.com/users/Jerry1104/followers"],
    "following_url": ["https://api.github.com/users/Jerry1104/following{/other_user}"],
    "gists_url": ["https://api.github.com/users/Jerry1104/gists{/gist_id}"],
    "starred_url": ["https://api.github.com/users/Jerry1104/starred{/owner}{/repo}"],
    "subscriptions_url": ["https://api.github.com/users/Jerry1104/subscriptions"],
    "organizations_url": ["https://api.github.com/users/Jerry1104/orgs"],
    "repos_url": ["https://api.github.com/users/Jerry1104/repos"],
    "events_url": ["https://api.github.com/users/Jerry1104/events{/privacy}"],
    "received_events_url": ["https://api.github.com/users/Jerry1104/received_events"],
    "type": ["User"],
    "site_admin": [false]
  }
]
