[
  {
    "login": ["crl228"],
    "id": [3185292],
    "node_id": ["MDQ6VXNlcjMxODUyOTI="],
    "avatar_url": ["https://avatars1.githubusercontent.com/u/3185292?v=4"],
    "gravatar_id": [""],
    "url": ["https://api.github.com/users/crl228"],
    "html_url": ["https://github.com/crl228"],
    "followers_url": ["https://api.github.com/users/crl228/followers"],
    "following_url": ["https://api.github.com/users/crl228/following{/other_user}"],
    "gists_url": ["https://api.github.com/users/crl228/gists{/gist_id}"],
    "starred_url": ["https://api.github.com/users/crl228/starred{/owner}{/repo}"],
    "subscriptions_url": ["https://api.github.com/users/crl228/subscriptions"],
    "organizations_url": ["https://api.github.com/users/crl228/orgs"],
    "repos_url": ["https://api.github.com/users/crl228/repos"],
    "events_url": ["https://api.github.com/users/crl228/events{/privacy}"],
    "received_events_url": ["https://api.github.com/users/crl228/received_events"],
    "type": ["User"],
    "site_admin": [false]
  }
]
