[
  {
    "login": ["NISH1001"],
    "id": [4786694],
    "node_id": ["MDQ6VXNlcjQ3ODY2OTQ="],
    "avatar_url": ["https://avatars1.githubusercontent.com/u/4786694?v=4"],
    "gravatar_id": [""],
    "url": ["https://api.github.com/users/NISH1001"],
    "html_url": ["https://github.com/NISH1001"],
    "followers_url": ["https://api.github.com/users/NISH1001/followers"],
    "following_url": ["https://api.github.com/users/NISH1001/following{/other_user}"],
    "gists_url": ["https://api.github.com/users/NISH1001/gists{/gist_id}"],
    "starred_url": ["https://api.github.com/users/NISH1001/starred{/owner}{/repo}"],
    "subscriptions_url": ["https://api.github.com/users/NISH1001/subscriptions"],
    "organizations_url": ["https://api.github.com/users/NISH1001/orgs"],
    "repos_url": ["https://api.github.com/users/NISH1001/repos"],
    "events_url": ["https://api.github.com/users/NISH1001/events{/privacy}"],
    "received_events_url": ["https://api.github.com/users/NISH1001/received_events"],
    "type": ["User"],
    "site_admin": [false]
  }
]
