[
  {
    "login": ["michaelBane"],
    "id": [9563597],
    "node_id": ["MDQ6VXNlcjk1NjM1OTc="],
    "avatar_url": ["https://avatars0.githubusercontent.com/u/9563597?v=4"],
    "gravatar_id": [""],
    "url": ["https://api.github.com/users/michaelBane"],
    "html_url": ["https://github.com/michaelBane"],
    "followers_url": ["https://api.github.com/users/michaelBane/followers"],
    "following_url": ["https://api.github.com/users/michaelBane/following{/other_user}"],
    "gists_url": ["https://api.github.com/users/michaelBane/gists{/gist_id}"],
    "starred_url": ["https://api.github.com/users/michaelBane/starred{/owner}{/repo}"],
    "subscriptions_url": ["https://api.github.com/users/michaelBane/subscriptions"],
    "organizations_url": ["https://api.github.com/users/michaelBane/orgs"],
    "repos_url": ["https://api.github.com/users/michaelBane/repos"],
    "events_url": ["https://api.github.com/users/michaelBane/events{/privacy}"],
    "received_events_url": ["https://api.github.com/users/michaelBane/received_events"],
    "type": ["User"],
    "site_admin": [false]
  }
]
