[
  {
    "login": ["TuongPV2"],
    "id": [14850522],
    "node_id": ["MDQ6VXNlcjE0ODUwNTIy"],
    "avatar_url": ["https://avatars2.githubusercontent.com/u/14850522?v=4"],
    "gravatar_id": [""],
    "url": ["https://api.github.com/users/TuongPV2"],
    "html_url": ["https://github.com/TuongPV2"],
    "followers_url": ["https://api.github.com/users/TuongPV2/followers"],
    "following_url": ["https://api.github.com/users/TuongPV2/following{/other_user}"],
    "gists_url": ["https://api.github.com/users/TuongPV2/gists{/gist_id}"],
    "starred_url": ["https://api.github.com/users/TuongPV2/starred{/owner}{/repo}"],
    "subscriptions_url": ["https://api.github.com/users/TuongPV2/subscriptions"],
    "organizations_url": ["https://api.github.com/users/TuongPV2/orgs"],
    "repos_url": ["https://api.github.com/users/TuongPV2/repos"],
    "events_url": ["https://api.github.com/users/TuongPV2/events{/privacy}"],
    "received_events_url": ["https://api.github.com/users/TuongPV2/received_events"],
    "type": ["User"],
    "site_admin": [false]
  }
]
