[
  {
    "login": ["ankitm27"],
    "id": [11699120],
    "node_id": ["MDQ6VXNlcjExNjk5MTIw"],
    "avatar_url": ["https://avatars3.githubusercontent.com/u/11699120?v=4"],
    "gravatar_id": [""],
    "url": ["https://api.github.com/users/ankitm27"],
    "html_url": ["https://github.com/ankitm27"],
    "followers_url": ["https://api.github.com/users/ankitm27/followers"],
    "following_url": ["https://api.github.com/users/ankitm27/following{/other_user}"],
    "gists_url": ["https://api.github.com/users/ankitm27/gists{/gist_id}"],
    "starred_url": ["https://api.github.com/users/ankitm27/starred{/owner}{/repo}"],
    "subscriptions_url": ["https://api.github.com/users/ankitm27/subscriptions"],
    "organizations_url": ["https://api.github.com/users/ankitm27/orgs"],
    "repos_url": ["https://api.github.com/users/ankitm27/repos"],
    "events_url": ["https://api.github.com/users/ankitm27/events{/privacy}"],
    "received_events_url": ["https://api.github.com/users/ankitm27/received_events"],
    "type": ["User"],
    "site_admin": [false]
  }
]
