[
  {
    "login": ["castrodrigo"],
    "id": [5875476],
    "node_id": ["MDQ6VXNlcjU4NzU0NzY="],
    "avatar_url": ["https://avatars3.githubusercontent.com/u/5875476?v=4"],
    "gravatar_id": [""],
    "url": ["https://api.github.com/users/castrodrigo"],
    "html_url": ["https://github.com/castrodrigo"],
    "followers_url": ["https://api.github.com/users/castrodrigo/followers"],
    "following_url": ["https://api.github.com/users/castrodrigo/following{/other_user}"],
    "gists_url": ["https://api.github.com/users/castrodrigo/gists{/gist_id}"],
    "starred_url": ["https://api.github.com/users/castrodrigo/starred{/owner}{/repo}"],
    "subscriptions_url": ["https://api.github.com/users/castrodrigo/subscriptions"],
    "organizations_url": ["https://api.github.com/users/castrodrigo/orgs"],
    "repos_url": ["https://api.github.com/users/castrodrigo/repos"],
    "events_url": ["https://api.github.com/users/castrodrigo/events{/privacy}"],
    "received_events_url": ["https://api.github.com/users/castrodrigo/received_events"],
    "type": ["User"],
    "site_admin": [false]
  }
]
