[
  {
    "login": ["michaelik"],
    "id": [37130402],
    "node_id": ["MDQ6VXNlcjM3MTMwNDAy"],
    "avatar_url": ["https://avatars3.githubusercontent.com/u/37130402?v=4"],
    "gravatar_id": [""],
    "url": ["https://api.github.com/users/michaelik"],
    "html_url": ["https://github.com/michaelik"],
    "followers_url": ["https://api.github.com/users/michaelik/followers"],
    "following_url": ["https://api.github.com/users/michaelik/following{/other_user}"],
    "gists_url": ["https://api.github.com/users/michaelik/gists{/gist_id}"],
    "starred_url": ["https://api.github.com/users/michaelik/starred{/owner}{/repo}"],
    "subscriptions_url": ["https://api.github.com/users/michaelik/subscriptions"],
    "organizations_url": ["https://api.github.com/users/michaelik/orgs"],
    "repos_url": ["https://api.github.com/users/michaelik/repos"],
    "events_url": ["https://api.github.com/users/michaelik/events{/privacy}"],
    "received_events_url": ["https://api.github.com/users/michaelik/received_events"],
    "type": ["User"],
    "site_admin": [false]
  }
]
