[
  {
    "login": ["prankurverma"],
    "id": [15872685],
    "node_id": ["MDQ6VXNlcjE1ODcyNjg1"],
    "avatar_url": ["https://avatars2.githubusercontent.com/u/15872685?v=4"],
    "gravatar_id": [""],
    "url": ["https://api.github.com/users/prankurverma"],
    "html_url": ["https://github.com/prankurverma"],
    "followers_url": ["https://api.github.com/users/prankurverma/followers"],
    "following_url": ["https://api.github.com/users/prankurverma/following{/other_user}"],
    "gists_url": ["https://api.github.com/users/prankurverma/gists{/gist_id}"],
    "starred_url": ["https://api.github.com/users/prankurverma/starred{/owner}{/repo}"],
    "subscriptions_url": ["https://api.github.com/users/prankurverma/subscriptions"],
    "organizations_url": ["https://api.github.com/users/prankurverma/orgs"],
    "repos_url": ["https://api.github.com/users/prankurverma/repos"],
    "events_url": ["https://api.github.com/users/prankurverma/events{/privacy}"],
    "received_events_url": ["https://api.github.com/users/prankurverma/received_events"],
    "type": ["User"],
    "site_admin": [false]
  }
]
