[
  {
    "login": ["ido"],
    "id": [85574],
    "node_id": ["MDQ6VXNlcjg1NTc0"],
    "avatar_url": ["https://avatars1.githubusercontent.com/u/85574?v=4"],
    "gravatar_id": [""],
    "url": ["https://api.github.com/users/ido"],
    "html_url": ["https://github.com/ido"],
    "followers_url": ["https://api.github.com/users/ido/followers"],
    "following_url": ["https://api.github.com/users/ido/following{/other_user}"],
    "gists_url": ["https://api.github.com/users/ido/gists{/gist_id}"],
    "starred_url": ["https://api.github.com/users/ido/starred{/owner}{/repo}"],
    "subscriptions_url": ["https://api.github.com/users/ido/subscriptions"],
    "organizations_url": ["https://api.github.com/users/ido/orgs"],
    "repos_url": ["https://api.github.com/users/ido/repos"],
    "events_url": ["https://api.github.com/users/ido/events{/privacy}"],
    "received_events_url": ["https://api.github.com/users/ido/received_events"],
    "type": ["User"],
    "site_admin": [false]
  }
]
