[
  {
    "login": ["Ding-Weiyue"],
    "id": [20531437],
    "node_id": ["MDQ6VXNlcjIwNTMxNDM3"],
    "avatar_url": ["https://avatars1.githubusercontent.com/u/20531437?v=4"],
    "gravatar_id": [""],
    "url": ["https://api.github.com/users/Ding-Weiyue"],
    "html_url": ["https://github.com/Ding-Weiyue"],
    "followers_url": ["https://api.github.com/users/Ding-Weiyue/followers"],
    "following_url": ["https://api.github.com/users/Ding-Weiyue/following{/other_user}"],
    "gists_url": ["https://api.github.com/users/Ding-Weiyue/gists{/gist_id}"],
    "starred_url": ["https://api.github.com/users/Ding-Weiyue/starred{/owner}{/repo}"],
    "subscriptions_url": ["https://api.github.com/users/Ding-Weiyue/subscriptions"],
    "organizations_url": ["https://api.github.com/users/Ding-Weiyue/orgs"],
    "repos_url": ["https://api.github.com/users/Ding-Weiyue/repos"],
    "events_url": ["https://api.github.com/users/Ding-Weiyue/events{/privacy}"],
    "received_events_url": ["https://api.github.com/users/Ding-Weiyue/received_events"],
    "type": ["User"],
    "site_admin": [false]
  }
]
