[
  {
    "login": ["severussundar"],
    "id": [11196553],
    "node_id": ["MDQ6VXNlcjExMTk2NTUz"],
    "avatar_url": ["https://avatars1.githubusercontent.com/u/11196553?v=4"],
    "gravatar_id": [""],
    "url": ["https://api.github.com/users/severussundar"],
    "html_url": ["https://github.com/severussundar"],
    "followers_url": ["https://api.github.com/users/severussundar/followers"],
    "following_url": ["https://api.github.com/users/severussundar/following{/other_user}"],
    "gists_url": ["https://api.github.com/users/severussundar/gists{/gist_id}"],
    "starred_url": ["https://api.github.com/users/severussundar/starred{/owner}{/repo}"],
    "subscriptions_url": ["https://api.github.com/users/severussundar/subscriptions"],
    "organizations_url": ["https://api.github.com/users/severussundar/orgs"],
    "repos_url": ["https://api.github.com/users/severussundar/repos"],
    "events_url": ["https://api.github.com/users/severussundar/events{/privacy}"],
    "received_events_url": ["https://api.github.com/users/severussundar/received_events"],
    "type": ["User"],
    "site_admin": [false]
  }
]
