[
  {
    "login": ["muthusankar54"],
    "id": [12730083],
    "node_id": ["MDQ6VXNlcjEyNzMwMDgz"],
    "avatar_url": ["https://avatars3.githubusercontent.com/u/12730083?v=4"],
    "gravatar_id": [""],
    "url": ["https://api.github.com/users/muthusankar54"],
    "html_url": ["https://github.com/muthusankar54"],
    "followers_url": ["https://api.github.com/users/muthusankar54/followers"],
    "following_url": ["https://api.github.com/users/muthusankar54/following{/other_user}"],
    "gists_url": ["https://api.github.com/users/muthusankar54/gists{/gist_id}"],
    "starred_url": ["https://api.github.com/users/muthusankar54/starred{/owner}{/repo}"],
    "subscriptions_url": ["https://api.github.com/users/muthusankar54/subscriptions"],
    "organizations_url": ["https://api.github.com/users/muthusankar54/orgs"],
    "repos_url": ["https://api.github.com/users/muthusankar54/repos"],
    "events_url": ["https://api.github.com/users/muthusankar54/events{/privacy}"],
    "received_events_url": ["https://api.github.com/users/muthusankar54/received_events"],
    "type": ["User"],
    "site_admin": [false]
  }
]
