[
  {
    "login": ["metinuslu"],
    "id": [12766932],
    "node_id": ["MDQ6VXNlcjEyNzY2OTMy"],
    "avatar_url": ["https://avatars3.githubusercontent.com/u/12766932?v=4"],
    "gravatar_id": [""],
    "url": ["https://api.github.com/users/metinuslu"],
    "html_url": ["https://github.com/metinuslu"],
    "followers_url": ["https://api.github.com/users/metinuslu/followers"],
    "following_url": ["https://api.github.com/users/metinuslu/following{/other_user}"],
    "gists_url": ["https://api.github.com/users/metinuslu/gists{/gist_id}"],
    "starred_url": ["https://api.github.com/users/metinuslu/starred{/owner}{/repo}"],
    "subscriptions_url": ["https://api.github.com/users/metinuslu/subscriptions"],
    "organizations_url": ["https://api.github.com/users/metinuslu/orgs"],
    "repos_url": ["https://api.github.com/users/metinuslu/repos"],
    "events_url": ["https://api.github.com/users/metinuslu/events{/privacy}"],
    "received_events_url": ["https://api.github.com/users/metinuslu/received_events"],
    "type": ["User"],
    "site_admin": [false]
  }
]
