[
  {
    "login": ["rprashanthatwork"],
    "id": [38082747],
    "node_id": ["MDQ6VXNlcjM4MDgyNzQ3"],
    "avatar_url": ["https://avatars0.githubusercontent.com/u/38082747?v=4"],
    "gravatar_id": [""],
    "url": ["https://api.github.com/users/rprashanthatwork"],
    "html_url": ["https://github.com/rprashanthatwork"],
    "followers_url": ["https://api.github.com/users/rprashanthatwork/followers"],
    "following_url": ["https://api.github.com/users/rprashanthatwork/following{/other_user}"],
    "gists_url": ["https://api.github.com/users/rprashanthatwork/gists{/gist_id}"],
    "starred_url": ["https://api.github.com/users/rprashanthatwork/starred{/owner}{/repo}"],
    "subscriptions_url": ["https://api.github.com/users/rprashanthatwork/subscriptions"],
    "organizations_url": ["https://api.github.com/users/rprashanthatwork/orgs"],
    "repos_url": ["https://api.github.com/users/rprashanthatwork/repos"],
    "events_url": ["https://api.github.com/users/rprashanthatwork/events{/privacy}"],
    "received_events_url": ["https://api.github.com/users/rprashanthatwork/received_events"],
    "type": ["User"],
    "site_admin": [false]
  }
]
