[
  {
    "login": ["VolodymyrZubrytskyi"],
    "id": [23433187],
    "node_id": ["MDQ6VXNlcjIzNDMzMTg3"],
    "avatar_url": ["https://avatars3.githubusercontent.com/u/23433187?v=4"],
    "gravatar_id": [""],
    "url": ["https://api.github.com/users/VolodymyrZubrytskyi"],
    "html_url": ["https://github.com/VolodymyrZubrytskyi"],
    "followers_url": ["https://api.github.com/users/VolodymyrZubrytskyi/followers"],
    "following_url": ["https://api.github.com/users/VolodymyrZubrytskyi/following{/other_user}"],
    "gists_url": ["https://api.github.com/users/VolodymyrZubrytskyi/gists{/gist_id}"],
    "starred_url": ["https://api.github.com/users/VolodymyrZubrytskyi/starred{/owner}{/repo}"],
    "subscriptions_url": ["https://api.github.com/users/VolodymyrZubrytskyi/subscriptions"],
    "organizations_url": ["https://api.github.com/users/VolodymyrZubrytskyi/orgs"],
    "repos_url": ["https://api.github.com/users/VolodymyrZubrytskyi/repos"],
    "events_url": ["https://api.github.com/users/VolodymyrZubrytskyi/events{/privacy}"],
    "received_events_url": ["https://api.github.com/users/VolodymyrZubrytskyi/received_events"],
    "type": ["User"],
    "site_admin": [false]
  }
]
