[
  {
    "login": ["rodrigolins"],
    "id": [1315676],
    "node_id": ["MDQ6VXNlcjEzMTU2NzY="],
    "avatar_url": ["https://avatars1.githubusercontent.com/u/1315676?v=4"],
    "gravatar_id": [""],
    "url": ["https://api.github.com/users/rodrigolins"],
    "html_url": ["https://github.com/rodrigolins"],
    "followers_url": ["https://api.github.com/users/rodrigolins/followers"],
    "following_url": ["https://api.github.com/users/rodrigolins/following{/other_user}"],
    "gists_url": ["https://api.github.com/users/rodrigolins/gists{/gist_id}"],
    "starred_url": ["https://api.github.com/users/rodrigolins/starred{/owner}{/repo}"],
    "subscriptions_url": ["https://api.github.com/users/rodrigolins/subscriptions"],
    "organizations_url": ["https://api.github.com/users/rodrigolins/orgs"],
    "repos_url": ["https://api.github.com/users/rodrigolins/repos"],
    "events_url": ["https://api.github.com/users/rodrigolins/events{/privacy}"],
    "received_events_url": ["https://api.github.com/users/rodrigolins/received_events"],
    "type": ["User"],
    "site_admin": [false]
  }
]
