[
  {
    "login": ["wasifhossain"],
    "id": [1168927],
    "node_id": ["MDQ6VXNlcjExNjg5Mjc="],
    "avatar_url": ["https://avatars2.githubusercontent.com/u/1168927?v=4"],
    "gravatar_id": [""],
    "url": ["https://api.github.com/users/wasifhossain"],
    "html_url": ["https://github.com/wasifhossain"],
    "followers_url": ["https://api.github.com/users/wasifhossain/followers"],
    "following_url": ["https://api.github.com/users/wasifhossain/following{/other_user}"],
    "gists_url": ["https://api.github.com/users/wasifhossain/gists{/gist_id}"],
    "starred_url": ["https://api.github.com/users/wasifhossain/starred{/owner}{/repo}"],
    "subscriptions_url": ["https://api.github.com/users/wasifhossain/subscriptions"],
    "organizations_url": ["https://api.github.com/users/wasifhossain/orgs"],
    "repos_url": ["https://api.github.com/users/wasifhossain/repos"],
    "events_url": ["https://api.github.com/users/wasifhossain/events{/privacy}"],
    "received_events_url": ["https://api.github.com/users/wasifhossain/received_events"],
    "type": ["User"],
    "site_admin": [false]
  }
]
