[
  {
    "login": ["roshray"],
    "id": [21278781],
    "node_id": ["MDQ6VXNlcjIxMjc4Nzgx"],
    "avatar_url": ["https://avatars1.githubusercontent.com/u/21278781?v=4"],
    "gravatar_id": [""],
    "url": ["https://api.github.com/users/roshray"],
    "html_url": ["https://github.com/roshray"],
    "followers_url": ["https://api.github.com/users/roshray/followers"],
    "following_url": ["https://api.github.com/users/roshray/following{/other_user}"],
    "gists_url": ["https://api.github.com/users/roshray/gists{/gist_id}"],
    "starred_url": ["https://api.github.com/users/roshray/starred{/owner}{/repo}"],
    "subscriptions_url": ["https://api.github.com/users/roshray/subscriptions"],
    "organizations_url": ["https://api.github.com/users/roshray/orgs"],
    "repos_url": ["https://api.github.com/users/roshray/repos"],
    "events_url": ["https://api.github.com/users/roshray/events{/privacy}"],
    "received_events_url": ["https://api.github.com/users/roshray/received_events"],
    "type": ["User"],
    "site_admin": [false]
  }
]
