[
  {
    "login": ["kaizacorp"],
    "id": [5510071],
    "node_id": ["MDQ6VXNlcjU1MTAwNzE="],
    "avatar_url": ["https://avatars2.githubusercontent.com/u/5510071?v=4"],
    "gravatar_id": [""],
    "url": ["https://api.github.com/users/kaizacorp"],
    "html_url": ["https://github.com/kaizacorp"],
    "followers_url": ["https://api.github.com/users/kaizacorp/followers"],
    "following_url": ["https://api.github.com/users/kaizacorp/following{/other_user}"],
    "gists_url": ["https://api.github.com/users/kaizacorp/gists{/gist_id}"],
    "starred_url": ["https://api.github.com/users/kaizacorp/starred{/owner}{/repo}"],
    "subscriptions_url": ["https://api.github.com/users/kaizacorp/subscriptions"],
    "organizations_url": ["https://api.github.com/users/kaizacorp/orgs"],
    "repos_url": ["https://api.github.com/users/kaizacorp/repos"],
    "events_url": ["https://api.github.com/users/kaizacorp/events{/privacy}"],
    "received_events_url": ["https://api.github.com/users/kaizacorp/received_events"],
    "type": ["User"],
    "site_admin": [false]
  }
]
