[
  {
    "login": ["scoyer"],
    "id": [27812746],
    "node_id": ["MDQ6VXNlcjI3ODEyNzQ2"],
    "avatar_url": ["https://avatars2.githubusercontent.com/u/27812746?v=4"],
    "gravatar_id": [""],
    "url": ["https://api.github.com/users/scoyer"],
    "html_url": ["https://github.com/scoyer"],
    "followers_url": ["https://api.github.com/users/scoyer/followers"],
    "following_url": ["https://api.github.com/users/scoyer/following{/other_user}"],
    "gists_url": ["https://api.github.com/users/scoyer/gists{/gist_id}"],
    "starred_url": ["https://api.github.com/users/scoyer/starred{/owner}{/repo}"],
    "subscriptions_url": ["https://api.github.com/users/scoyer/subscriptions"],
    "organizations_url": ["https://api.github.com/users/scoyer/orgs"],
    "repos_url": ["https://api.github.com/users/scoyer/repos"],
    "events_url": ["https://api.github.com/users/scoyer/events{/privacy}"],
    "received_events_url": ["https://api.github.com/users/scoyer/received_events"],
    "type": ["User"],
    "site_admin": [false]
  }
]
