[
  {
    "login": ["5-digits"],
    "id": [6322848],
    "node_id": ["MDQ6VXNlcjYzMjI4NDg="],
    "avatar_url": ["https://avatars0.githubusercontent.com/u/6322848?v=4"],
    "gravatar_id": [""],
    "url": ["https://api.github.com/users/5-digits"],
    "html_url": ["https://github.com/5-digits"],
    "followers_url": ["https://api.github.com/users/5-digits/followers"],
    "following_url": ["https://api.github.com/users/5-digits/following{/other_user}"],
    "gists_url": ["https://api.github.com/users/5-digits/gists{/gist_id}"],
    "starred_url": ["https://api.github.com/users/5-digits/starred{/owner}{/repo}"],
    "subscriptions_url": ["https://api.github.com/users/5-digits/subscriptions"],
    "organizations_url": ["https://api.github.com/users/5-digits/orgs"],
    "repos_url": ["https://api.github.com/users/5-digits/repos"],
    "events_url": ["https://api.github.com/users/5-digits/events{/privacy}"],
    "received_events_url": ["https://api.github.com/users/5-digits/received_events"],
    "type": ["User"],
    "site_admin": [false]
  }
]
