[
  {
    "login": ["ikarimebrahim"],
    "id": [20783272],
    "node_id": ["MDQ6VXNlcjIwNzgzMjcy"],
    "avatar_url": ["https://avatars0.githubusercontent.com/u/20783272?v=4"],
    "gravatar_id": [""],
    "url": ["https://api.github.com/users/ikarimebrahim"],
    "html_url": ["https://github.com/ikarimebrahim"],
    "followers_url": ["https://api.github.com/users/ikarimebrahim/followers"],
    "following_url": ["https://api.github.com/users/ikarimebrahim/following{/other_user}"],
    "gists_url": ["https://api.github.com/users/ikarimebrahim/gists{/gist_id}"],
    "starred_url": ["https://api.github.com/users/ikarimebrahim/starred{/owner}{/repo}"],
    "subscriptions_url": ["https://api.github.com/users/ikarimebrahim/subscriptions"],
    "organizations_url": ["https://api.github.com/users/ikarimebrahim/orgs"],
    "repos_url": ["https://api.github.com/users/ikarimebrahim/repos"],
    "events_url": ["https://api.github.com/users/ikarimebrahim/events{/privacy}"],
    "received_events_url": ["https://api.github.com/users/ikarimebrahim/received_events"],
    "type": ["User"],
    "site_admin": [false]
  }
]
