[
  {
    "login": ["atriety"],
    "id": [14811873],
    "node_id": ["MDQ6VXNlcjE0ODExODcz"],
    "avatar_url": ["https://avatars3.githubusercontent.com/u/14811873?v=4"],
    "gravatar_id": [""],
    "url": ["https://api.github.com/users/atriety"],
    "html_url": ["https://github.com/atriety"],
    "followers_url": ["https://api.github.com/users/atriety/followers"],
    "following_url": ["https://api.github.com/users/atriety/following{/other_user}"],
    "gists_url": ["https://api.github.com/users/atriety/gists{/gist_id}"],
    "starred_url": ["https://api.github.com/users/atriety/starred{/owner}{/repo}"],
    "subscriptions_url": ["https://api.github.com/users/atriety/subscriptions"],
    "organizations_url": ["https://api.github.com/users/atriety/orgs"],
    "repos_url": ["https://api.github.com/users/atriety/repos"],
    "events_url": ["https://api.github.com/users/atriety/events{/privacy}"],
    "received_events_url": ["https://api.github.com/users/atriety/received_events"],
    "type": ["User"],
    "site_admin": [false]
  }
]
