[
  {
    "login": ["fxcebx"],
    "id": [5912082],
    "node_id": ["MDQ6VXNlcjU5MTIwODI="],
    "avatar_url": ["https://avatars0.githubusercontent.com/u/5912082?v=4"],
    "gravatar_id": [""],
    "url": ["https://api.github.com/users/fxcebx"],
    "html_url": ["https://github.com/fxcebx"],
    "followers_url": ["https://api.github.com/users/fxcebx/followers"],
    "following_url": ["https://api.github.com/users/fxcebx/following{/other_user}"],
    "gists_url": ["https://api.github.com/users/fxcebx/gists{/gist_id}"],
    "starred_url": ["https://api.github.com/users/fxcebx/starred{/owner}{/repo}"],
    "subscriptions_url": ["https://api.github.com/users/fxcebx/subscriptions"],
    "organizations_url": ["https://api.github.com/users/fxcebx/orgs"],
    "repos_url": ["https://api.github.com/users/fxcebx/repos"],
    "events_url": ["https://api.github.com/users/fxcebx/events{/privacy}"],
    "received_events_url": ["https://api.github.com/users/fxcebx/received_events"],
    "type": ["User"],
    "site_admin": [false]
  }
]
