[
  {
    "login": ["Chinggis6"],
    "id": [17225403],
    "node_id": ["MDQ6VXNlcjE3MjI1NDAz"],
    "avatar_url": ["https://avatars0.githubusercontent.com/u/17225403?v=4"],
    "gravatar_id": [""],
    "url": ["https://api.github.com/users/Chinggis6"],
    "html_url": ["https://github.com/Chinggis6"],
    "followers_url": ["https://api.github.com/users/Chinggis6/followers"],
    "following_url": ["https://api.github.com/users/Chinggis6/following{/other_user}"],
    "gists_url": ["https://api.github.com/users/Chinggis6/gists{/gist_id}"],
    "starred_url": ["https://api.github.com/users/Chinggis6/starred{/owner}{/repo}"],
    "subscriptions_url": ["https://api.github.com/users/Chinggis6/subscriptions"],
    "organizations_url": ["https://api.github.com/users/Chinggis6/orgs"],
    "repos_url": ["https://api.github.com/users/Chinggis6/repos"],
    "events_url": ["https://api.github.com/users/Chinggis6/events{/privacy}"],
    "received_events_url": ["https://api.github.com/users/Chinggis6/received_events"],
    "type": ["User"],
    "site_admin": [false]
  }
]
