[
  {
    "login": ["yizhibenpao"],
    "id": [8862841],
    "node_id": ["MDQ6VXNlcjg4NjI4NDE="],
    "avatar_url": ["https://avatars0.githubusercontent.com/u/8862841?v=4"],
    "gravatar_id": [""],
    "url": ["https://api.github.com/users/yizhibenpao"],
    "html_url": ["https://github.com/yizhibenpao"],
    "followers_url": ["https://api.github.com/users/yizhibenpao/followers"],
    "following_url": ["https://api.github.com/users/yizhibenpao/following{/other_user}"],
    "gists_url": ["https://api.github.com/users/yizhibenpao/gists{/gist_id}"],
    "starred_url": ["https://api.github.com/users/yizhibenpao/starred{/owner}{/repo}"],
    "subscriptions_url": ["https://api.github.com/users/yizhibenpao/subscriptions"],
    "organizations_url": ["https://api.github.com/users/yizhibenpao/orgs"],
    "repos_url": ["https://api.github.com/users/yizhibenpao/repos"],
    "events_url": ["https://api.github.com/users/yizhibenpao/events{/privacy}"],
    "received_events_url": ["https://api.github.com/users/yizhibenpao/received_events"],
    "type": ["User"],
    "site_admin": [false]
  }
]
