[
  {
    "login": ["mrliuminlong"],
    "id": [46911385],
    "node_id": ["MDQ6VXNlcjQ2OTExMzg1"],
    "avatar_url": ["https://avatars3.githubusercontent.com/u/46911385?v=4"],
    "gravatar_id": [""],
    "url": ["https://api.github.com/users/mrliuminlong"],
    "html_url": ["https://github.com/mrliuminlong"],
    "followers_url": ["https://api.github.com/users/mrliuminlong/followers"],
    "following_url": ["https://api.github.com/users/mrliuminlong/following{/other_user}"],
    "gists_url": ["https://api.github.com/users/mrliuminlong/gists{/gist_id}"],
    "starred_url": ["https://api.github.com/users/mrliuminlong/starred{/owner}{/repo}"],
    "subscriptions_url": ["https://api.github.com/users/mrliuminlong/subscriptions"],
    "organizations_url": ["https://api.github.com/users/mrliuminlong/orgs"],
    "repos_url": ["https://api.github.com/users/mrliuminlong/repos"],
    "events_url": ["https://api.github.com/users/mrliuminlong/events{/privacy}"],
    "received_events_url": ["https://api.github.com/users/mrliuminlong/received_events"],
    "type": ["User"],
    "site_admin": [false]
  }
]
