[
  {
    "login": ["anoiaque"],
    "id": [95454],
    "node_id": ["MDQ6VXNlcjk1NDU0"],
    "avatar_url": ["https://avatars1.githubusercontent.com/u/95454?v=4"],
    "gravatar_id": [""],
    "url": ["https://api.github.com/users/anoiaque"],
    "html_url": ["https://github.com/anoiaque"],
    "followers_url": ["https://api.github.com/users/anoiaque/followers"],
    "following_url": ["https://api.github.com/users/anoiaque/following{/other_user}"],
    "gists_url": ["https://api.github.com/users/anoiaque/gists{/gist_id}"],
    "starred_url": ["https://api.github.com/users/anoiaque/starred{/owner}{/repo}"],
    "subscriptions_url": ["https://api.github.com/users/anoiaque/subscriptions"],
    "organizations_url": ["https://api.github.com/users/anoiaque/orgs"],
    "repos_url": ["https://api.github.com/users/anoiaque/repos"],
    "events_url": ["https://api.github.com/users/anoiaque/events{/privacy}"],
    "received_events_url": ["https://api.github.com/users/anoiaque/received_events"],
    "type": ["User"],
    "site_admin": [false]
  }
]
