[
  {
    "login": ["RoshanTanisha"],
    "id": [13767785],
    "node_id": ["MDQ6VXNlcjEzNzY3Nzg1"],
    "avatar_url": ["https://avatars3.githubusercontent.com/u/13767785?v=4"],
    "gravatar_id": [""],
    "url": ["https://api.github.com/users/RoshanTanisha"],
    "html_url": ["https://github.com/RoshanTanisha"],
    "followers_url": ["https://api.github.com/users/RoshanTanisha/followers"],
    "following_url": ["https://api.github.com/users/RoshanTanisha/following{/other_user}"],
    "gists_url": ["https://api.github.com/users/RoshanTanisha/gists{/gist_id}"],
    "starred_url": ["https://api.github.com/users/RoshanTanisha/starred{/owner}{/repo}"],
    "subscriptions_url": ["https://api.github.com/users/RoshanTanisha/subscriptions"],
    "organizations_url": ["https://api.github.com/users/RoshanTanisha/orgs"],
    "repos_url": ["https://api.github.com/users/RoshanTanisha/repos"],
    "events_url": ["https://api.github.com/users/RoshanTanisha/events{/privacy}"],
    "received_events_url": ["https://api.github.com/users/RoshanTanisha/received_events"],
    "type": ["User"],
    "site_admin": [false]
  }
]
