[
  {
    "login": ["sgarnepudi"],
    "id": [6301091],
    "node_id": ["MDQ6VXNlcjYzMDEwOTE="],
    "avatar_url": ["https://avatars1.githubusercontent.com/u/6301091?v=4"],
    "gravatar_id": [""],
    "url": ["https://api.github.com/users/sgarnepudi"],
    "html_url": ["https://github.com/sgarnepudi"],
    "followers_url": ["https://api.github.com/users/sgarnepudi/followers"],
    "following_url": ["https://api.github.com/users/sgarnepudi/following{/other_user}"],
    "gists_url": ["https://api.github.com/users/sgarnepudi/gists{/gist_id}"],
    "starred_url": ["https://api.github.com/users/sgarnepudi/starred{/owner}{/repo}"],
    "subscriptions_url": ["https://api.github.com/users/sgarnepudi/subscriptions"],
    "organizations_url": ["https://api.github.com/users/sgarnepudi/orgs"],
    "repos_url": ["https://api.github.com/users/sgarnepudi/repos"],
    "events_url": ["https://api.github.com/users/sgarnepudi/events{/privacy}"],
    "received_events_url": ["https://api.github.com/users/sgarnepudi/received_events"],
    "type": ["User"],
    "site_admin": [false]
  }
]
