[
  {
    "login": ["chao1981"],
    "id": [38566166],
    "node_id": ["MDQ6VXNlcjM4NTY2MTY2"],
    "avatar_url": ["https://avatars1.githubusercontent.com/u/38566166?v=4"],
    "gravatar_id": [""],
    "url": ["https://api.github.com/users/chao1981"],
    "html_url": ["https://github.com/chao1981"],
    "followers_url": ["https://api.github.com/users/chao1981/followers"],
    "following_url": ["https://api.github.com/users/chao1981/following{/other_user}"],
    "gists_url": ["https://api.github.com/users/chao1981/gists{/gist_id}"],
    "starred_url": ["https://api.github.com/users/chao1981/starred{/owner}{/repo}"],
    "subscriptions_url": ["https://api.github.com/users/chao1981/subscriptions"],
    "organizations_url": ["https://api.github.com/users/chao1981/orgs"],
    "repos_url": ["https://api.github.com/users/chao1981/repos"],
    "events_url": ["https://api.github.com/users/chao1981/events{/privacy}"],
    "received_events_url": ["https://api.github.com/users/chao1981/received_events"],
    "type": ["User"],
    "site_admin": [false]
  }
]
