[
  {
    "login": ["hudc93"],
    "id": [13117195],
    "node_id": ["MDQ6VXNlcjEzMTE3MTk1"],
    "avatar_url": ["https://avatars2.githubusercontent.com/u/13117195?v=4"],
    "gravatar_id": [""],
    "url": ["https://api.github.com/users/hudc93"],
    "html_url": ["https://github.com/hudc93"],
    "followers_url": ["https://api.github.com/users/hudc93/followers"],
    "following_url": ["https://api.github.com/users/hudc93/following{/other_user}"],
    "gists_url": ["https://api.github.com/users/hudc93/gists{/gist_id}"],
    "starred_url": ["https://api.github.com/users/hudc93/starred{/owner}{/repo}"],
    "subscriptions_url": ["https://api.github.com/users/hudc93/subscriptions"],
    "organizations_url": ["https://api.github.com/users/hudc93/orgs"],
    "repos_url": ["https://api.github.com/users/hudc93/repos"],
    "events_url": ["https://api.github.com/users/hudc93/events{/privacy}"],
    "received_events_url": ["https://api.github.com/users/hudc93/received_events"],
    "type": ["User"],
    "site_admin": [false]
  }
]
