[
  {
    "login": ["mohit302"],
    "id": [10388058],
    "node_id": ["MDQ6VXNlcjEwMzg4MDU4"],
    "avatar_url": ["https://avatars3.githubusercontent.com/u/10388058?v=4"],
    "gravatar_id": [""],
    "url": ["https://api.github.com/users/mohit302"],
    "html_url": ["https://github.com/mohit302"],
    "followers_url": ["https://api.github.com/users/mohit302/followers"],
    "following_url": ["https://api.github.com/users/mohit302/following{/other_user}"],
    "gists_url": ["https://api.github.com/users/mohit302/gists{/gist_id}"],
    "starred_url": ["https://api.github.com/users/mohit302/starred{/owner}{/repo}"],
    "subscriptions_url": ["https://api.github.com/users/mohit302/subscriptions"],
    "organizations_url": ["https://api.github.com/users/mohit302/orgs"],
    "repos_url": ["https://api.github.com/users/mohit302/repos"],
    "events_url": ["https://api.github.com/users/mohit302/events{/privacy}"],
    "received_events_url": ["https://api.github.com/users/mohit302/received_events"],
    "type": ["User"],
    "site_admin": [false]
  }
]
