[
  {
    "login": ["shradhaN"],
    "id": [13150257],
    "node_id": ["MDQ6VXNlcjEzMTUwMjU3"],
    "avatar_url": ["https://avatars1.githubusercontent.com/u/13150257?v=4"],
    "gravatar_id": [""],
    "url": ["https://api.github.com/users/shradhaN"],
    "html_url": ["https://github.com/shradhaN"],
    "followers_url": ["https://api.github.com/users/shradhaN/followers"],
    "following_url": ["https://api.github.com/users/shradhaN/following{/other_user}"],
    "gists_url": ["https://api.github.com/users/shradhaN/gists{/gist_id}"],
    "starred_url": ["https://api.github.com/users/shradhaN/starred{/owner}{/repo}"],
    "subscriptions_url": ["https://api.github.com/users/shradhaN/subscriptions"],
    "organizations_url": ["https://api.github.com/users/shradhaN/orgs"],
    "repos_url": ["https://api.github.com/users/shradhaN/repos"],
    "events_url": ["https://api.github.com/users/shradhaN/events{/privacy}"],
    "received_events_url": ["https://api.github.com/users/shradhaN/received_events"],
    "type": ["User"],
    "site_admin": [false]
  }
]
