[
  {
    "login": ["santoshpurbey"],
    "id": [5738335],
    "node_id": ["MDQ6VXNlcjU3MzgzMzU="],
    "avatar_url": ["https://avatars3.githubusercontent.com/u/5738335?v=4"],
    "gravatar_id": [""],
    "url": ["https://api.github.com/users/santoshpurbey"],
    "html_url": ["https://github.com/santoshpurbey"],
    "followers_url": ["https://api.github.com/users/santoshpurbey/followers"],
    "following_url": ["https://api.github.com/users/santoshpurbey/following{/other_user}"],
    "gists_url": ["https://api.github.com/users/santoshpurbey/gists{/gist_id}"],
    "starred_url": ["https://api.github.com/users/santoshpurbey/starred{/owner}{/repo}"],
    "subscriptions_url": ["https://api.github.com/users/santoshpurbey/subscriptions"],
    "organizations_url": ["https://api.github.com/users/santoshpurbey/orgs"],
    "repos_url": ["https://api.github.com/users/santoshpurbey/repos"],
    "events_url": ["https://api.github.com/users/santoshpurbey/events{/privacy}"],
    "received_events_url": ["https://api.github.com/users/santoshpurbey/received_events"],
    "type": ["User"],
    "site_admin": [false]
  }
]
