[
  {
    "login": ["xufeixufei"],
    "id": [20239062],
    "node_id": ["MDQ6VXNlcjIwMjM5MDYy"],
    "avatar_url": ["https://avatars1.githubusercontent.com/u/20239062?v=4"],
    "gravatar_id": [""],
    "url": ["https://api.github.com/users/xufeixufei"],
    "html_url": ["https://github.com/xufeixufei"],
    "followers_url": ["https://api.github.com/users/xufeixufei/followers"],
    "following_url": ["https://api.github.com/users/xufeixufei/following{/other_user}"],
    "gists_url": ["https://api.github.com/users/xufeixufei/gists{/gist_id}"],
    "starred_url": ["https://api.github.com/users/xufeixufei/starred{/owner}{/repo}"],
    "subscriptions_url": ["https://api.github.com/users/xufeixufei/subscriptions"],
    "organizations_url": ["https://api.github.com/users/xufeixufei/orgs"],
    "repos_url": ["https://api.github.com/users/xufeixufei/repos"],
    "events_url": ["https://api.github.com/users/xufeixufei/events{/privacy}"],
    "received_events_url": ["https://api.github.com/users/xufeixufei/received_events"],
    "type": ["User"],
    "site_admin": [false]
  }
]
