[
  {
    "login": ["pprzetacznik"],
    "id": [2965785],
    "node_id": ["MDQ6VXNlcjI5NjU3ODU="],
    "avatar_url": ["https://avatars1.githubusercontent.com/u/2965785?v=4"],
    "gravatar_id": [""],
    "url": ["https://api.github.com/users/pprzetacznik"],
    "html_url": ["https://github.com/pprzetacznik"],
    "followers_url": ["https://api.github.com/users/pprzetacznik/followers"],
    "following_url": ["https://api.github.com/users/pprzetacznik/following{/other_user}"],
    "gists_url": ["https://api.github.com/users/pprzetacznik/gists{/gist_id}"],
    "starred_url": ["https://api.github.com/users/pprzetacznik/starred{/owner}{/repo}"],
    "subscriptions_url": ["https://api.github.com/users/pprzetacznik/subscriptions"],
    "organizations_url": ["https://api.github.com/users/pprzetacznik/orgs"],
    "repos_url": ["https://api.github.com/users/pprzetacznik/repos"],
    "events_url": ["https://api.github.com/users/pprzetacznik/events{/privacy}"],
    "received_events_url": ["https://api.github.com/users/pprzetacznik/received_events"],
    "type": ["User"],
    "site_admin": [false]
  }
]
