[
  {
    "login": ["yingjun2"],
    "id": [25252259],
    "node_id": ["MDQ6VXNlcjI1MjUyMjU5"],
    "avatar_url": ["https://avatars1.githubusercontent.com/u/25252259?v=4"],
    "gravatar_id": [""],
    "url": ["https://api.github.com/users/yingjun2"],
    "html_url": ["https://github.com/yingjun2"],
    "followers_url": ["https://api.github.com/users/yingjun2/followers"],
    "following_url": ["https://api.github.com/users/yingjun2/following{/other_user}"],
    "gists_url": ["https://api.github.com/users/yingjun2/gists{/gist_id}"],
    "starred_url": ["https://api.github.com/users/yingjun2/starred{/owner}{/repo}"],
    "subscriptions_url": ["https://api.github.com/users/yingjun2/subscriptions"],
    "organizations_url": ["https://api.github.com/users/yingjun2/orgs"],
    "repos_url": ["https://api.github.com/users/yingjun2/repos"],
    "events_url": ["https://api.github.com/users/yingjun2/events{/privacy}"],
    "received_events_url": ["https://api.github.com/users/yingjun2/received_events"],
    "type": ["User"],
    "site_admin": [false]
  }
]
