[
  {
    "login": ["zhencang"],
    "id": [26265177],
    "node_id": ["MDQ6VXNlcjI2MjY1MTc3"],
    "avatar_url": ["https://avatars3.githubusercontent.com/u/26265177?v=4"],
    "gravatar_id": [""],
    "url": ["https://api.github.com/users/zhencang"],
    "html_url": ["https://github.com/zhencang"],
    "followers_url": ["https://api.github.com/users/zhencang/followers"],
    "following_url": ["https://api.github.com/users/zhencang/following{/other_user}"],
    "gists_url": ["https://api.github.com/users/zhencang/gists{/gist_id}"],
    "starred_url": ["https://api.github.com/users/zhencang/starred{/owner}{/repo}"],
    "subscriptions_url": ["https://api.github.com/users/zhencang/subscriptions"],
    "organizations_url": ["https://api.github.com/users/zhencang/orgs"],
    "repos_url": ["https://api.github.com/users/zhencang/repos"],
    "events_url": ["https://api.github.com/users/zhencang/events{/privacy}"],
    "received_events_url": ["https://api.github.com/users/zhencang/received_events"],
    "type": ["User"],
    "site_admin": [false]
  }
]
