[
  {
    "login": ["dingawm"],
    "id": [18213800],
    "node_id": ["MDQ6VXNlcjE4MjEzODAw"],
    "avatar_url": ["https://avatars0.githubusercontent.com/u/18213800?v=4"],
    "gravatar_id": [""],
    "url": ["https://api.github.com/users/dingawm"],
    "html_url": ["https://github.com/dingawm"],
    "followers_url": ["https://api.github.com/users/dingawm/followers"],
    "following_url": ["https://api.github.com/users/dingawm/following{/other_user}"],
    "gists_url": ["https://api.github.com/users/dingawm/gists{/gist_id}"],
    "starred_url": ["https://api.github.com/users/dingawm/starred{/owner}{/repo}"],
    "subscriptions_url": ["https://api.github.com/users/dingawm/subscriptions"],
    "organizations_url": ["https://api.github.com/users/dingawm/orgs"],
    "repos_url": ["https://api.github.com/users/dingawm/repos"],
    "events_url": ["https://api.github.com/users/dingawm/events{/privacy}"],
    "received_events_url": ["https://api.github.com/users/dingawm/received_events"],
    "type": ["User"],
    "site_admin": [false]
  }
]
