[
  {
    "login": ["Bharathbrothers"],
    "id": [24895239],
    "node_id": ["MDQ6VXNlcjI0ODk1MjM5"],
    "avatar_url": ["https://avatars0.githubusercontent.com/u/24895239?v=4"],
    "gravatar_id": [""],
    "url": ["https://api.github.com/users/Bharathbrothers"],
    "html_url": ["https://github.com/Bharathbrothers"],
    "followers_url": ["https://api.github.com/users/Bharathbrothers/followers"],
    "following_url": ["https://api.github.com/users/Bharathbrothers/following{/other_user}"],
    "gists_url": ["https://api.github.com/users/Bharathbrothers/gists{/gist_id}"],
    "starred_url": ["https://api.github.com/users/Bharathbrothers/starred{/owner}{/repo}"],
    "subscriptions_url": ["https://api.github.com/users/Bharathbrothers/subscriptions"],
    "organizations_url": ["https://api.github.com/users/Bharathbrothers/orgs"],
    "repos_url": ["https://api.github.com/users/Bharathbrothers/repos"],
    "events_url": ["https://api.github.com/users/Bharathbrothers/events{/privacy}"],
    "received_events_url": ["https://api.github.com/users/Bharathbrothers/received_events"],
    "type": ["User"],
    "site_admin": [false]
  }
]
