[
  {
    "login": ["ilkerkal"],
    "id": [16573053],
    "node_id": ["MDQ6VXNlcjE2NTczMDUz"],
    "avatar_url": ["https://avatars1.githubusercontent.com/u/16573053?v=4"],
    "gravatar_id": [""],
    "url": ["https://api.github.com/users/ilkerkal"],
    "html_url": ["https://github.com/ilkerkal"],
    "followers_url": ["https://api.github.com/users/ilkerkal/followers"],
    "following_url": ["https://api.github.com/users/ilkerkal/following{/other_user}"],
    "gists_url": ["https://api.github.com/users/ilkerkal/gists{/gist_id}"],
    "starred_url": ["https://api.github.com/users/ilkerkal/starred{/owner}{/repo}"],
    "subscriptions_url": ["https://api.github.com/users/ilkerkal/subscriptions"],
    "organizations_url": ["https://api.github.com/users/ilkerkal/orgs"],
    "repos_url": ["https://api.github.com/users/ilkerkal/repos"],
    "events_url": ["https://api.github.com/users/ilkerkal/events{/privacy}"],
    "received_events_url": ["https://api.github.com/users/ilkerkal/received_events"],
    "type": ["User"],
    "site_admin": [false]
  }
]
