[
  {
    "login": ["mhadhbi"],
    "id": [1032904],
    "node_id": ["MDQ6VXNlcjEwMzI5MDQ="],
    "avatar_url": ["https://avatars0.githubusercontent.com/u/1032904?v=4"],
    "gravatar_id": [""],
    "url": ["https://api.github.com/users/mhadhbi"],
    "html_url": ["https://github.com/mhadhbi"],
    "followers_url": ["https://api.github.com/users/mhadhbi/followers"],
    "following_url": ["https://api.github.com/users/mhadhbi/following{/other_user}"],
    "gists_url": ["https://api.github.com/users/mhadhbi/gists{/gist_id}"],
    "starred_url": ["https://api.github.com/users/mhadhbi/starred{/owner}{/repo}"],
    "subscriptions_url": ["https://api.github.com/users/mhadhbi/subscriptions"],
    "organizations_url": ["https://api.github.com/users/mhadhbi/orgs"],
    "repos_url": ["https://api.github.com/users/mhadhbi/repos"],
    "events_url": ["https://api.github.com/users/mhadhbi/events{/privacy}"],
    "received_events_url": ["https://api.github.com/users/mhadhbi/received_events"],
    "type": ["User"],
    "site_admin": [false]
  }
]
