[
  {
    "login": ["mkosik89"],
    "id": [35401223],
    "node_id": ["MDQ6VXNlcjM1NDAxMjIz"],
    "avatar_url": ["https://avatars0.githubusercontent.com/u/35401223?v=4"],
    "gravatar_id": [""],
    "url": ["https://api.github.com/users/mkosik89"],
    "html_url": ["https://github.com/mkosik89"],
    "followers_url": ["https://api.github.com/users/mkosik89/followers"],
    "following_url": ["https://api.github.com/users/mkosik89/following{/other_user}"],
    "gists_url": ["https://api.github.com/users/mkosik89/gists{/gist_id}"],
    "starred_url": ["https://api.github.com/users/mkosik89/starred{/owner}{/repo}"],
    "subscriptions_url": ["https://api.github.com/users/mkosik89/subscriptions"],
    "organizations_url": ["https://api.github.com/users/mkosik89/orgs"],
    "repos_url": ["https://api.github.com/users/mkosik89/repos"],
    "events_url": ["https://api.github.com/users/mkosik89/events{/privacy}"],
    "received_events_url": ["https://api.github.com/users/mkosik89/received_events"],
    "type": ["User"],
    "site_admin": [false]
  }
]
