[
  {
    "login": ["CarringtonCreative"],
    "id": [8196998],
    "node_id": ["MDQ6VXNlcjgxOTY5OTg="],
    "avatar_url": ["https://avatars2.githubusercontent.com/u/8196998?v=4"],
    "gravatar_id": [""],
    "url": ["https://api.github.com/users/CarringtonCreative"],
    "html_url": ["https://github.com/CarringtonCreative"],
    "followers_url": ["https://api.github.com/users/CarringtonCreative/followers"],
    "following_url": ["https://api.github.com/users/CarringtonCreative/following{/other_user}"],
    "gists_url": ["https://api.github.com/users/CarringtonCreative/gists{/gist_id}"],
    "starred_url": ["https://api.github.com/users/CarringtonCreative/starred{/owner}{/repo}"],
    "subscriptions_url": ["https://api.github.com/users/CarringtonCreative/subscriptions"],
    "organizations_url": ["https://api.github.com/users/CarringtonCreative/orgs"],
    "repos_url": ["https://api.github.com/users/CarringtonCreative/repos"],
    "events_url": ["https://api.github.com/users/CarringtonCreative/events{/privacy}"],
    "received_events_url": ["https://api.github.com/users/CarringtonCreative/received_events"],
    "type": ["User"],
    "site_admin": [false]
  }
]
