[
  {
    "login": ["dickienaut"],
    "id": [14912616],
    "node_id": ["MDQ6VXNlcjE0OTEyNjE2"],
    "avatar_url": ["https://avatars2.githubusercontent.com/u/14912616?v=4"],
    "gravatar_id": [""],
    "url": ["https://api.github.com/users/dickienaut"],
    "html_url": ["https://github.com/dickienaut"],
    "followers_url": ["https://api.github.com/users/dickienaut/followers"],
    "following_url": ["https://api.github.com/users/dickienaut/following{/other_user}"],
    "gists_url": ["https://api.github.com/users/dickienaut/gists{/gist_id}"],
    "starred_url": ["https://api.github.com/users/dickienaut/starred{/owner}{/repo}"],
    "subscriptions_url": ["https://api.github.com/users/dickienaut/subscriptions"],
    "organizations_url": ["https://api.github.com/users/dickienaut/orgs"],
    "repos_url": ["https://api.github.com/users/dickienaut/repos"],
    "events_url": ["https://api.github.com/users/dickienaut/events{/privacy}"],
    "received_events_url": ["https://api.github.com/users/dickienaut/received_events"],
    "type": ["User"],
    "site_admin": [false]
  }
]
