[
  {
    "login": ["liqiang0330"],
    "id": [3972732],
    "node_id": ["MDQ6VXNlcjM5NzI3MzI="],
    "avatar_url": ["https://avatars0.githubusercontent.com/u/3972732?v=4"],
    "gravatar_id": [""],
    "url": ["https://api.github.com/users/liqiang0330"],
    "html_url": ["https://github.com/liqiang0330"],
    "followers_url": ["https://api.github.com/users/liqiang0330/followers"],
    "following_url": ["https://api.github.com/users/liqiang0330/following{/other_user}"],
    "gists_url": ["https://api.github.com/users/liqiang0330/gists{/gist_id}"],
    "starred_url": ["https://api.github.com/users/liqiang0330/starred{/owner}{/repo}"],
    "subscriptions_url": ["https://api.github.com/users/liqiang0330/subscriptions"],
    "organizations_url": ["https://api.github.com/users/liqiang0330/orgs"],
    "repos_url": ["https://api.github.com/users/liqiang0330/repos"],
    "events_url": ["https://api.github.com/users/liqiang0330/events{/privacy}"],
    "received_events_url": ["https://api.github.com/users/liqiang0330/received_events"],
    "type": ["User"],
    "site_admin": [false]
  }
]
