[
  {
    "login": ["navigatingbots"],
    "id": [46351744],
    "node_id": ["MDQ6VXNlcjQ2MzUxNzQ0"],
    "avatar_url": ["https://avatars2.githubusercontent.com/u/46351744?v=4"],
    "gravatar_id": [""],
    "url": ["https://api.github.com/users/navigatingbots"],
    "html_url": ["https://github.com/navigatingbots"],
    "followers_url": ["https://api.github.com/users/navigatingbots/followers"],
    "following_url": ["https://api.github.com/users/navigatingbots/following{/other_user}"],
    "gists_url": ["https://api.github.com/users/navigatingbots/gists{/gist_id}"],
    "starred_url": ["https://api.github.com/users/navigatingbots/starred{/owner}{/repo}"],
    "subscriptions_url": ["https://api.github.com/users/navigatingbots/subscriptions"],
    "organizations_url": ["https://api.github.com/users/navigatingbots/orgs"],
    "repos_url": ["https://api.github.com/users/navigatingbots/repos"],
    "events_url": ["https://api.github.com/users/navigatingbots/events{/privacy}"],
    "received_events_url": ["https://api.github.com/users/navigatingbots/received_events"],
    "type": ["User"],
    "site_admin": [false]
  }
]
