[
  {
    "login": ["rahmonzoda"],
    "id": [6014826],
    "node_id": ["MDQ6VXNlcjYwMTQ4MjY="],
    "avatar_url": ["https://avatars1.githubusercontent.com/u/6014826?v=4"],
    "gravatar_id": [""],
    "url": ["https://api.github.com/users/rahmonzoda"],
    "html_url": ["https://github.com/rahmonzoda"],
    "followers_url": ["https://api.github.com/users/rahmonzoda/followers"],
    "following_url": ["https://api.github.com/users/rahmonzoda/following{/other_user}"],
    "gists_url": ["https://api.github.com/users/rahmonzoda/gists{/gist_id}"],
    "starred_url": ["https://api.github.com/users/rahmonzoda/starred{/owner}{/repo}"],
    "subscriptions_url": ["https://api.github.com/users/rahmonzoda/subscriptions"],
    "organizations_url": ["https://api.github.com/users/rahmonzoda/orgs"],
    "repos_url": ["https://api.github.com/users/rahmonzoda/repos"],
    "events_url": ["https://api.github.com/users/rahmonzoda/events{/privacy}"],
    "received_events_url": ["https://api.github.com/users/rahmonzoda/received_events"],
    "type": ["User"],
    "site_admin": [false]
  }
]
