[
  {
    "login": ["TimEnalls"],
    "id": [39973223],
    "node_id": ["MDQ6VXNlcjM5OTczMjIz"],
    "avatar_url": ["https://avatars3.githubusercontent.com/u/39973223?v=4"],
    "gravatar_id": [""],
    "url": ["https://api.github.com/users/TimEnalls"],
    "html_url": ["https://github.com/TimEnalls"],
    "followers_url": ["https://api.github.com/users/TimEnalls/followers"],
    "following_url": ["https://api.github.com/users/TimEnalls/following{/other_user}"],
    "gists_url": ["https://api.github.com/users/TimEnalls/gists{/gist_id}"],
    "starred_url": ["https://api.github.com/users/TimEnalls/starred{/owner}{/repo}"],
    "subscriptions_url": ["https://api.github.com/users/TimEnalls/subscriptions"],
    "organizations_url": ["https://api.github.com/users/TimEnalls/orgs"],
    "repos_url": ["https://api.github.com/users/TimEnalls/repos"],
    "events_url": ["https://api.github.com/users/TimEnalls/events{/privacy}"],
    "received_events_url": ["https://api.github.com/users/TimEnalls/received_events"],
    "type": ["User"],
    "site_admin": [false]
  }
]
