[
  {
    "login": ["krishanViduranga"],
    "id": [19745450],
    "node_id": ["MDQ6VXNlcjE5NzQ1NDUw"],
    "avatar_url": ["https://avatars3.githubusercontent.com/u/19745450?v=4"],
    "gravatar_id": [""],
    "url": ["https://api.github.com/users/krishanViduranga"],
    "html_url": ["https://github.com/krishanViduranga"],
    "followers_url": ["https://api.github.com/users/krishanViduranga/followers"],
    "following_url": ["https://api.github.com/users/krishanViduranga/following{/other_user}"],
    "gists_url": ["https://api.github.com/users/krishanViduranga/gists{/gist_id}"],
    "starred_url": ["https://api.github.com/users/krishanViduranga/starred{/owner}{/repo}"],
    "subscriptions_url": ["https://api.github.com/users/krishanViduranga/subscriptions"],
    "organizations_url": ["https://api.github.com/users/krishanViduranga/orgs"],
    "repos_url": ["https://api.github.com/users/krishanViduranga/repos"],
    "events_url": ["https://api.github.com/users/krishanViduranga/events{/privacy}"],
    "received_events_url": ["https://api.github.com/users/krishanViduranga/received_events"],
    "type": ["User"],
    "site_admin": [false]
  }
]
