[
  {
    "login": ["arpitparmar5739"],
    "id": [10868070],
    "node_id": ["MDQ6VXNlcjEwODY4MDcw"],
    "avatar_url": ["https://avatars0.githubusercontent.com/u/10868070?v=4"],
    "gravatar_id": [""],
    "url": ["https://api.github.com/users/arpitparmar5739"],
    "html_url": ["https://github.com/arpitparmar5739"],
    "followers_url": ["https://api.github.com/users/arpitparmar5739/followers"],
    "following_url": ["https://api.github.com/users/arpitparmar5739/following{/other_user}"],
    "gists_url": ["https://api.github.com/users/arpitparmar5739/gists{/gist_id}"],
    "starred_url": ["https://api.github.com/users/arpitparmar5739/starred{/owner}{/repo}"],
    "subscriptions_url": ["https://api.github.com/users/arpitparmar5739/subscriptions"],
    "organizations_url": ["https://api.github.com/users/arpitparmar5739/orgs"],
    "repos_url": ["https://api.github.com/users/arpitparmar5739/repos"],
    "events_url": ["https://api.github.com/users/arpitparmar5739/events{/privacy}"],
    "received_events_url": ["https://api.github.com/users/arpitparmar5739/received_events"],
    "type": ["User"],
    "site_admin": [false]
  }
]
