[
  {
    "login": ["ri08"],
    "id": [13119133],
    "node_id": ["MDQ6VXNlcjEzMTE5MTMz"],
    "avatar_url": ["https://avatars2.githubusercontent.com/u/13119133?v=4"],
    "gravatar_id": [""],
    "url": ["https://api.github.com/users/ri08"],
    "html_url": ["https://github.com/ri08"],
    "followers_url": ["https://api.github.com/users/ri08/followers"],
    "following_url": ["https://api.github.com/users/ri08/following{/other_user}"],
    "gists_url": ["https://api.github.com/users/ri08/gists{/gist_id}"],
    "starred_url": ["https://api.github.com/users/ri08/starred{/owner}{/repo}"],
    "subscriptions_url": ["https://api.github.com/users/ri08/subscriptions"],
    "organizations_url": ["https://api.github.com/users/ri08/orgs"],
    "repos_url": ["https://api.github.com/users/ri08/repos"],
    "events_url": ["https://api.github.com/users/ri08/events{/privacy}"],
    "received_events_url": ["https://api.github.com/users/ri08/received_events"],
    "type": ["User"],
    "site_admin": [false]
  }
]
