[
  {
    "login": ["narayana1208"],
    "id": [3849744],
    "node_id": ["MDQ6VXNlcjM4NDk3NDQ="],
    "avatar_url": ["https://avatars1.githubusercontent.com/u/3849744?v=4"],
    "gravatar_id": [""],
    "url": ["https://api.github.com/users/narayana1208"],
    "html_url": ["https://github.com/narayana1208"],
    "followers_url": ["https://api.github.com/users/narayana1208/followers"],
    "following_url": ["https://api.github.com/users/narayana1208/following{/other_user}"],
    "gists_url": ["https://api.github.com/users/narayana1208/gists{/gist_id}"],
    "starred_url": ["https://api.github.com/users/narayana1208/starred{/owner}{/repo}"],
    "subscriptions_url": ["https://api.github.com/users/narayana1208/subscriptions"],
    "organizations_url": ["https://api.github.com/users/narayana1208/orgs"],
    "repos_url": ["https://api.github.com/users/narayana1208/repos"],
    "events_url": ["https://api.github.com/users/narayana1208/events{/privacy}"],
    "received_events_url": ["https://api.github.com/users/narayana1208/received_events"],
    "type": ["User"],
    "site_admin": [false]
  }
]
