[
  {
    "login": ["hufei-neo"],
    "id": [35122666],
    "node_id": ["MDQ6VXNlcjM1MTIyNjY2"],
    "avatar_url": ["https://avatars0.githubusercontent.com/u/35122666?v=4"],
    "gravatar_id": [""],
    "url": ["https://api.github.com/users/hufei-neo"],
    "html_url": ["https://github.com/hufei-neo"],
    "followers_url": ["https://api.github.com/users/hufei-neo/followers"],
    "following_url": ["https://api.github.com/users/hufei-neo/following{/other_user}"],
    "gists_url": ["https://api.github.com/users/hufei-neo/gists{/gist_id}"],
    "starred_url": ["https://api.github.com/users/hufei-neo/starred{/owner}{/repo}"],
    "subscriptions_url": ["https://api.github.com/users/hufei-neo/subscriptions"],
    "organizations_url": ["https://api.github.com/users/hufei-neo/orgs"],
    "repos_url": ["https://api.github.com/users/hufei-neo/repos"],
    "events_url": ["https://api.github.com/users/hufei-neo/events{/privacy}"],
    "received_events_url": ["https://api.github.com/users/hufei-neo/received_events"],
    "type": ["User"],
    "site_admin": [false]
  }
]
