[
  {
    "login": ["balak4"],
    "id": [43306335],
    "node_id": ["MDQ6VXNlcjQzMzA2MzM1"],
    "avatar_url": ["https://avatars1.githubusercontent.com/u/43306335?v=4"],
    "gravatar_id": [""],
    "url": ["https://api.github.com/users/balak4"],
    "html_url": ["https://github.com/balak4"],
    "followers_url": ["https://api.github.com/users/balak4/followers"],
    "following_url": ["https://api.github.com/users/balak4/following{/other_user}"],
    "gists_url": ["https://api.github.com/users/balak4/gists{/gist_id}"],
    "starred_url": ["https://api.github.com/users/balak4/starred{/owner}{/repo}"],
    "subscriptions_url": ["https://api.github.com/users/balak4/subscriptions"],
    "organizations_url": ["https://api.github.com/users/balak4/orgs"],
    "repos_url": ["https://api.github.com/users/balak4/repos"],
    "events_url": ["https://api.github.com/users/balak4/events{/privacy}"],
    "received_events_url": ["https://api.github.com/users/balak4/received_events"],
    "type": ["User"],
    "site_admin": [false]
  }
]
