[
  {
    "login": ["Akuan1994"],
    "id": [7107760],
    "node_id": ["MDQ6VXNlcjcxMDc3NjA="],
    "avatar_url": ["https://avatars0.githubusercontent.com/u/7107760?v=4"],
    "gravatar_id": [""],
    "url": ["https://api.github.com/users/Akuan1994"],
    "html_url": ["https://github.com/Akuan1994"],
    "followers_url": ["https://api.github.com/users/Akuan1994/followers"],
    "following_url": ["https://api.github.com/users/Akuan1994/following{/other_user}"],
    "gists_url": ["https://api.github.com/users/Akuan1994/gists{/gist_id}"],
    "starred_url": ["https://api.github.com/users/Akuan1994/starred{/owner}{/repo}"],
    "subscriptions_url": ["https://api.github.com/users/Akuan1994/subscriptions"],
    "organizations_url": ["https://api.github.com/users/Akuan1994/orgs"],
    "repos_url": ["https://api.github.com/users/Akuan1994/repos"],
    "events_url": ["https://api.github.com/users/Akuan1994/events{/privacy}"],
    "received_events_url": ["https://api.github.com/users/Akuan1994/received_events"],
    "type": ["User"],
    "site_admin": [false]
  }
]
