[
  {
    "login": ["carpedm20"],
    "id": [3346407],
    "node_id": ["MDQ6VXNlcjMzNDY0MDc="],
    "avatar_url": ["https://avatars1.githubusercontent.com/u/3346407?v=4"],
    "gravatar_id": [""],
    "url": ["https://api.github.com/users/carpedm20"],
    "html_url": ["https://github.com/carpedm20"],
    "followers_url": ["https://api.github.com/users/carpedm20/followers"],
    "following_url": ["https://api.github.com/users/carpedm20/following{/other_user}"],
    "gists_url": ["https://api.github.com/users/carpedm20/gists{/gist_id}"],
    "starred_url": ["https://api.github.com/users/carpedm20/starred{/owner}{/repo}"],
    "subscriptions_url": ["https://api.github.com/users/carpedm20/subscriptions"],
    "organizations_url": ["https://api.github.com/users/carpedm20/orgs"],
    "repos_url": ["https://api.github.com/users/carpedm20/repos"],
    "events_url": ["https://api.github.com/users/carpedm20/events{/privacy}"],
    "received_events_url": ["https://api.github.com/users/carpedm20/received_events"],
    "type": ["User"],
    "site_admin": [false]
  }
]
