[
  {
    "login": ["pawan9"],
    "id": [3811164],
    "node_id": ["MDQ6VXNlcjM4MTExNjQ="],
    "avatar_url": ["https://avatars2.githubusercontent.com/u/3811164?v=4"],
    "gravatar_id": [""],
    "url": ["https://api.github.com/users/pawan9"],
    "html_url": ["https://github.com/pawan9"],
    "followers_url": ["https://api.github.com/users/pawan9/followers"],
    "following_url": ["https://api.github.com/users/pawan9/following{/other_user}"],
    "gists_url": ["https://api.github.com/users/pawan9/gists{/gist_id}"],
    "starred_url": ["https://api.github.com/users/pawan9/starred{/owner}{/repo}"],
    "subscriptions_url": ["https://api.github.com/users/pawan9/subscriptions"],
    "organizations_url": ["https://api.github.com/users/pawan9/orgs"],
    "repos_url": ["https://api.github.com/users/pawan9/repos"],
    "events_url": ["https://api.github.com/users/pawan9/events{/privacy}"],
    "received_events_url": ["https://api.github.com/users/pawan9/received_events"],
    "type": ["User"],
    "site_admin": [false]
  }
]
