[
  {
    "login": ["ArcherBG"],
    "id": [9421312],
    "node_id": ["MDQ6VXNlcjk0MjEzMTI="],
    "avatar_url": ["https://avatars0.githubusercontent.com/u/9421312?v=4"],
    "gravatar_id": [""],
    "url": ["https://api.github.com/users/ArcherBG"],
    "html_url": ["https://github.com/ArcherBG"],
    "followers_url": ["https://api.github.com/users/ArcherBG/followers"],
    "following_url": ["https://api.github.com/users/ArcherBG/following{/other_user}"],
    "gists_url": ["https://api.github.com/users/ArcherBG/gists{/gist_id}"],
    "starred_url": ["https://api.github.com/users/ArcherBG/starred{/owner}{/repo}"],
    "subscriptions_url": ["https://api.github.com/users/ArcherBG/subscriptions"],
    "organizations_url": ["https://api.github.com/users/ArcherBG/orgs"],
    "repos_url": ["https://api.github.com/users/ArcherBG/repos"],
    "events_url": ["https://api.github.com/users/ArcherBG/events{/privacy}"],
    "received_events_url": ["https://api.github.com/users/ArcherBG/received_events"],
    "type": ["User"],
    "site_admin": [false]
  }
]
