[
  {
    "login": ["RuslanNurimbetov"],
    "id": [5395703],
    "node_id": ["MDQ6VXNlcjUzOTU3MDM="],
    "avatar_url": ["https://avatars3.githubusercontent.com/u/5395703?v=4"],
    "gravatar_id": [""],
    "url": ["https://api.github.com/users/RuslanNurimbetov"],
    "html_url": ["https://github.com/RuslanNurimbetov"],
    "followers_url": ["https://api.github.com/users/RuslanNurimbetov/followers"],
    "following_url": ["https://api.github.com/users/RuslanNurimbetov/following{/other_user}"],
    "gists_url": ["https://api.github.com/users/RuslanNurimbetov/gists{/gist_id}"],
    "starred_url": ["https://api.github.com/users/RuslanNurimbetov/starred{/owner}{/repo}"],
    "subscriptions_url": ["https://api.github.com/users/RuslanNurimbetov/subscriptions"],
    "organizations_url": ["https://api.github.com/users/RuslanNurimbetov/orgs"],
    "repos_url": ["https://api.github.com/users/RuslanNurimbetov/repos"],
    "events_url": ["https://api.github.com/users/RuslanNurimbetov/events{/privacy}"],
    "received_events_url": ["https://api.github.com/users/RuslanNurimbetov/received_events"],
    "type": ["User"],
    "site_admin": [false]
  }
]
