[
  {
    "login": ["CPRIYAM"],
    "id": [39626743],
    "node_id": ["MDQ6VXNlcjM5NjI2NzQz"],
    "avatar_url": ["https://avatars3.githubusercontent.com/u/39626743?v=4"],
    "gravatar_id": [""],
    "url": ["https://api.github.com/users/CPRIYAM"],
    "html_url": ["https://github.com/CPRIYAM"],
    "followers_url": ["https://api.github.com/users/CPRIYAM/followers"],
    "following_url": ["https://api.github.com/users/CPRIYAM/following{/other_user}"],
    "gists_url": ["https://api.github.com/users/CPRIYAM/gists{/gist_id}"],
    "starred_url": ["https://api.github.com/users/CPRIYAM/starred{/owner}{/repo}"],
    "subscriptions_url": ["https://api.github.com/users/CPRIYAM/subscriptions"],
    "organizations_url": ["https://api.github.com/users/CPRIYAM/orgs"],
    "repos_url": ["https://api.github.com/users/CPRIYAM/repos"],
    "events_url": ["https://api.github.com/users/CPRIYAM/events{/privacy}"],
    "received_events_url": ["https://api.github.com/users/CPRIYAM/received_events"],
    "type": ["User"],
    "site_admin": [false]
  }
]
