[
  {
    "login": ["aitmlouk"],
    "id": [8247985],
    "node_id": ["MDQ6VXNlcjgyNDc5ODU="],
    "avatar_url": ["https://avatars0.githubusercontent.com/u/8247985?v=4"],
    "gravatar_id": [""],
    "url": ["https://api.github.com/users/aitmlouk"],
    "html_url": ["https://github.com/aitmlouk"],
    "followers_url": ["https://api.github.com/users/aitmlouk/followers"],
    "following_url": ["https://api.github.com/users/aitmlouk/following{/other_user}"],
    "gists_url": ["https://api.github.com/users/aitmlouk/gists{/gist_id}"],
    "starred_url": ["https://api.github.com/users/aitmlouk/starred{/owner}{/repo}"],
    "subscriptions_url": ["https://api.github.com/users/aitmlouk/subscriptions"],
    "organizations_url": ["https://api.github.com/users/aitmlouk/orgs"],
    "repos_url": ["https://api.github.com/users/aitmlouk/repos"],
    "events_url": ["https://api.github.com/users/aitmlouk/events{/privacy}"],
    "received_events_url": ["https://api.github.com/users/aitmlouk/received_events"],
    "type": ["User"],
    "site_admin": [false]
  }
]
