[
  {
    "login": ["regisgimenis"],
    "id": [1613778],
    "node_id": ["MDQ6VXNlcjE2MTM3Nzg="],
    "avatar_url": ["https://avatars3.githubusercontent.com/u/1613778?v=4"],
    "gravatar_id": [""],
    "url": ["https://api.github.com/users/regisgimenis"],
    "html_url": ["https://github.com/regisgimenis"],
    "followers_url": ["https://api.github.com/users/regisgimenis/followers"],
    "following_url": ["https://api.github.com/users/regisgimenis/following{/other_user}"],
    "gists_url": ["https://api.github.com/users/regisgimenis/gists{/gist_id}"],
    "starred_url": ["https://api.github.com/users/regisgimenis/starred{/owner}{/repo}"],
    "subscriptions_url": ["https://api.github.com/users/regisgimenis/subscriptions"],
    "organizations_url": ["https://api.github.com/users/regisgimenis/orgs"],
    "repos_url": ["https://api.github.com/users/regisgimenis/repos"],
    "events_url": ["https://api.github.com/users/regisgimenis/events{/privacy}"],
    "received_events_url": ["https://api.github.com/users/regisgimenis/received_events"],
    "type": ["User"],
    "site_admin": [false]
  }
]
