[
  {
    "login": ["BasilArackal"],
    "id": [2151182],
    "node_id": ["MDQ6VXNlcjIxNTExODI="],
    "avatar_url": ["https://avatars0.githubusercontent.com/u/2151182?v=4"],
    "gravatar_id": [""],
    "url": ["https://api.github.com/users/BasilArackal"],
    "html_url": ["https://github.com/BasilArackal"],
    "followers_url": ["https://api.github.com/users/BasilArackal/followers"],
    "following_url": ["https://api.github.com/users/BasilArackal/following{/other_user}"],
    "gists_url": ["https://api.github.com/users/BasilArackal/gists{/gist_id}"],
    "starred_url": ["https://api.github.com/users/BasilArackal/starred{/owner}{/repo}"],
    "subscriptions_url": ["https://api.github.com/users/BasilArackal/subscriptions"],
    "organizations_url": ["https://api.github.com/users/BasilArackal/orgs"],
    "repos_url": ["https://api.github.com/users/BasilArackal/repos"],
    "events_url": ["https://api.github.com/users/BasilArackal/events{/privacy}"],
    "received_events_url": ["https://api.github.com/users/BasilArackal/received_events"],
    "type": ["User"],
    "site_admin": [false]
  }
]
