[
  {
    "login": ["shaunlgs"],
    "id": [479709],
    "node_id": ["MDQ6VXNlcjQ3OTcwOQ=="],
    "avatar_url": ["https://avatars0.githubusercontent.com/u/479709?v=4"],
    "gravatar_id": [""],
    "url": ["https://api.github.com/users/shaunlgs"],
    "html_url": ["https://github.com/shaunlgs"],
    "followers_url": ["https://api.github.com/users/shaunlgs/followers"],
    "following_url": ["https://api.github.com/users/shaunlgs/following{/other_user}"],
    "gists_url": ["https://api.github.com/users/shaunlgs/gists{/gist_id}"],
    "starred_url": ["https://api.github.com/users/shaunlgs/starred{/owner}{/repo}"],
    "subscriptions_url": ["https://api.github.com/users/shaunlgs/subscriptions"],
    "organizations_url": ["https://api.github.com/users/shaunlgs/orgs"],
    "repos_url": ["https://api.github.com/users/shaunlgs/repos"],
    "events_url": ["https://api.github.com/users/shaunlgs/events{/privacy}"],
    "received_events_url": ["https://api.github.com/users/shaunlgs/received_events"],
    "type": ["User"],
    "site_admin": [false]
  }
]
