[
  {
    "login": ["robertonikov"],
    "id": [45032310],
    "node_id": ["MDQ6VXNlcjQ1MDMyMzEw"],
    "avatar_url": ["https://avatars1.githubusercontent.com/u/45032310?v=4"],
    "gravatar_id": [""],
    "url": ["https://api.github.com/users/robertonikov"],
    "html_url": ["https://github.com/robertonikov"],
    "followers_url": ["https://api.github.com/users/robertonikov/followers"],
    "following_url": ["https://api.github.com/users/robertonikov/following{/other_user}"],
    "gists_url": ["https://api.github.com/users/robertonikov/gists{/gist_id}"],
    "starred_url": ["https://api.github.com/users/robertonikov/starred{/owner}{/repo}"],
    "subscriptions_url": ["https://api.github.com/users/robertonikov/subscriptions"],
    "organizations_url": ["https://api.github.com/users/robertonikov/orgs"],
    "repos_url": ["https://api.github.com/users/robertonikov/repos"],
    "events_url": ["https://api.github.com/users/robertonikov/events{/privacy}"],
    "received_events_url": ["https://api.github.com/users/robertonikov/received_events"],
    "type": ["User"],
    "site_admin": [false]
  }
]
