[
  {
    "login": ["Arjun-Mota"],
    "id": [43723854],
    "node_id": ["MDQ6VXNlcjQzNzIzODU0"],
    "avatar_url": ["https://avatars2.githubusercontent.com/u/43723854?v=4"],
    "gravatar_id": [""],
    "url": ["https://api.github.com/users/Arjun-Mota"],
    "html_url": ["https://github.com/Arjun-Mota"],
    "followers_url": ["https://api.github.com/users/Arjun-Mota/followers"],
    "following_url": ["https://api.github.com/users/Arjun-Mota/following{/other_user}"],
    "gists_url": ["https://api.github.com/users/Arjun-Mota/gists{/gist_id}"],
    "starred_url": ["https://api.github.com/users/Arjun-Mota/starred{/owner}{/repo}"],
    "subscriptions_url": ["https://api.github.com/users/Arjun-Mota/subscriptions"],
    "organizations_url": ["https://api.github.com/users/Arjun-Mota/orgs"],
    "repos_url": ["https://api.github.com/users/Arjun-Mota/repos"],
    "events_url": ["https://api.github.com/users/Arjun-Mota/events{/privacy}"],
    "received_events_url": ["https://api.github.com/users/Arjun-Mota/received_events"],
    "type": ["User"],
    "site_admin": [false]
  }
]
