[
  {
    "login": ["meliodaseren"],
    "id": [9973895],
    "node_id": ["MDQ6VXNlcjk5NzM4OTU="],
    "avatar_url": ["https://avatars1.githubusercontent.com/u/9973895?v=4"],
    "gravatar_id": [""],
    "url": ["https://api.github.com/users/meliodaseren"],
    "html_url": ["https://github.com/meliodaseren"],
    "followers_url": ["https://api.github.com/users/meliodaseren/followers"],
    "following_url": ["https://api.github.com/users/meliodaseren/following{/other_user}"],
    "gists_url": ["https://api.github.com/users/meliodaseren/gists{/gist_id}"],
    "starred_url": ["https://api.github.com/users/meliodaseren/starred{/owner}{/repo}"],
    "subscriptions_url": ["https://api.github.com/users/meliodaseren/subscriptions"],
    "organizations_url": ["https://api.github.com/users/meliodaseren/orgs"],
    "repos_url": ["https://api.github.com/users/meliodaseren/repos"],
    "events_url": ["https://api.github.com/users/meliodaseren/events{/privacy}"],
    "received_events_url": ["https://api.github.com/users/meliodaseren/received_events"],
    "type": ["User"],
    "site_admin": [false]
  }
]
