[
  {
    "login": ["urmamalikesme"],
    "id": [33827576],
    "node_id": ["MDQ6VXNlcjMzODI3NTc2"],
    "avatar_url": ["https://avatars1.githubusercontent.com/u/33827576?v=4"],
    "gravatar_id": [""],
    "url": ["https://api.github.com/users/urmamalikesme"],
    "html_url": ["https://github.com/urmamalikesme"],
    "followers_url": ["https://api.github.com/users/urmamalikesme/followers"],
    "following_url": ["https://api.github.com/users/urmamalikesme/following{/other_user}"],
    "gists_url": ["https://api.github.com/users/urmamalikesme/gists{/gist_id}"],
    "starred_url": ["https://api.github.com/users/urmamalikesme/starred{/owner}{/repo}"],
    "subscriptions_url": ["https://api.github.com/users/urmamalikesme/subscriptions"],
    "organizations_url": ["https://api.github.com/users/urmamalikesme/orgs"],
    "repos_url": ["https://api.github.com/users/urmamalikesme/repos"],
    "events_url": ["https://api.github.com/users/urmamalikesme/events{/privacy}"],
    "received_events_url": ["https://api.github.com/users/urmamalikesme/received_events"],
    "type": ["User"],
    "site_admin": [false]
  }
]
