[
  {
    "login": ["yufanmiao"],
    "id": [427897],
    "node_id": ["MDQ6VXNlcjQyNzg5Nw=="],
    "avatar_url": ["https://avatars1.githubusercontent.com/u/427897?v=4"],
    "gravatar_id": [""],
    "url": ["https://api.github.com/users/yufanmiao"],
    "html_url": ["https://github.com/yufanmiao"],
    "followers_url": ["https://api.github.com/users/yufanmiao/followers"],
    "following_url": ["https://api.github.com/users/yufanmiao/following{/other_user}"],
    "gists_url": ["https://api.github.com/users/yufanmiao/gists{/gist_id}"],
    "starred_url": ["https://api.github.com/users/yufanmiao/starred{/owner}{/repo}"],
    "subscriptions_url": ["https://api.github.com/users/yufanmiao/subscriptions"],
    "organizations_url": ["https://api.github.com/users/yufanmiao/orgs"],
    "repos_url": ["https://api.github.com/users/yufanmiao/repos"],
    "events_url": ["https://api.github.com/users/yufanmiao/events{/privacy}"],
    "received_events_url": ["https://api.github.com/users/yufanmiao/received_events"],
    "type": ["User"],
    "site_admin": [false]
  }
]
