[
  {
    "login": ["specialstephen"],
    "id": [533500],
    "node_id": ["MDQ6VXNlcjUzMzUwMA=="],
    "avatar_url": ["https://avatars2.githubusercontent.com/u/533500?v=4"],
    "gravatar_id": [""],
    "url": ["https://api.github.com/users/specialstephen"],
    "html_url": ["https://github.com/specialstephen"],
    "followers_url": ["https://api.github.com/users/specialstephen/followers"],
    "following_url": ["https://api.github.com/users/specialstephen/following{/other_user}"],
    "gists_url": ["https://api.github.com/users/specialstephen/gists{/gist_id}"],
    "starred_url": ["https://api.github.com/users/specialstephen/starred{/owner}{/repo}"],
    "subscriptions_url": ["https://api.github.com/users/specialstephen/subscriptions"],
    "organizations_url": ["https://api.github.com/users/specialstephen/orgs"],
    "repos_url": ["https://api.github.com/users/specialstephen/repos"],
    "events_url": ["https://api.github.com/users/specialstephen/events{/privacy}"],
    "received_events_url": ["https://api.github.com/users/specialstephen/received_events"],
    "type": ["User"],
    "site_admin": [false]
  }
]
