[
  {
    "login": ["pablormier"],
    "id": [1433810],
    "node_id": ["MDQ6VXNlcjE0MzM4MTA="],
    "avatar_url": ["https://avatars1.githubusercontent.com/u/1433810?v=4"],
    "gravatar_id": [""],
    "url": ["https://api.github.com/users/pablormier"],
    "html_url": ["https://github.com/pablormier"],
    "followers_url": ["https://api.github.com/users/pablormier/followers"],
    "following_url": ["https://api.github.com/users/pablormier/following{/other_user}"],
    "gists_url": ["https://api.github.com/users/pablormier/gists{/gist_id}"],
    "starred_url": ["https://api.github.com/users/pablormier/starred{/owner}{/repo}"],
    "subscriptions_url": ["https://api.github.com/users/pablormier/subscriptions"],
    "organizations_url": ["https://api.github.com/users/pablormier/orgs"],
    "repos_url": ["https://api.github.com/users/pablormier/repos"],
    "events_url": ["https://api.github.com/users/pablormier/events{/privacy}"],
    "received_events_url": ["https://api.github.com/users/pablormier/received_events"],
    "type": ["User"],
    "site_admin": [false]
  }
]
