[
  {
    "login": ["bluestar96"],
    "id": [28977787],
    "node_id": ["MDQ6VXNlcjI4OTc3Nzg3"],
    "avatar_url": ["https://avatars3.githubusercontent.com/u/28977787?v=4"],
    "gravatar_id": [""],
    "url": ["https://api.github.com/users/bluestar96"],
    "html_url": ["https://github.com/bluestar96"],
    "followers_url": ["https://api.github.com/users/bluestar96/followers"],
    "following_url": ["https://api.github.com/users/bluestar96/following{/other_user}"],
    "gists_url": ["https://api.github.com/users/bluestar96/gists{/gist_id}"],
    "starred_url": ["https://api.github.com/users/bluestar96/starred{/owner}{/repo}"],
    "subscriptions_url": ["https://api.github.com/users/bluestar96/subscriptions"],
    "organizations_url": ["https://api.github.com/users/bluestar96/orgs"],
    "repos_url": ["https://api.github.com/users/bluestar96/repos"],
    "events_url": ["https://api.github.com/users/bluestar96/events{/privacy}"],
    "received_events_url": ["https://api.github.com/users/bluestar96/received_events"],
    "type": ["User"],
    "site_admin": [false]
  }
]
