[
  {
    "login": ["caozeal"],
    "id": [21231607],
    "node_id": ["MDQ6VXNlcjIxMjMxNjA3"],
    "avatar_url": ["https://avatars3.githubusercontent.com/u/21231607?v=4"],
    "gravatar_id": [""],
    "url": ["https://api.github.com/users/caozeal"],
    "html_url": ["https://github.com/caozeal"],
    "followers_url": ["https://api.github.com/users/caozeal/followers"],
    "following_url": ["https://api.github.com/users/caozeal/following{/other_user}"],
    "gists_url": ["https://api.github.com/users/caozeal/gists{/gist_id}"],
    "starred_url": ["https://api.github.com/users/caozeal/starred{/owner}{/repo}"],
    "subscriptions_url": ["https://api.github.com/users/caozeal/subscriptions"],
    "organizations_url": ["https://api.github.com/users/caozeal/orgs"],
    "repos_url": ["https://api.github.com/users/caozeal/repos"],
    "events_url": ["https://api.github.com/users/caozeal/events{/privacy}"],
    "received_events_url": ["https://api.github.com/users/caozeal/received_events"],
    "type": ["User"],
    "site_admin": [false]
  }
]
