[
  {
    "login": ["tianlixu"],
    "id": [7263904],
    "node_id": ["MDQ6VXNlcjcyNjM5MDQ="],
    "avatar_url": ["https://avatars3.githubusercontent.com/u/7263904?v=4"],
    "gravatar_id": [""],
    "url": ["https://api.github.com/users/tianlixu"],
    "html_url": ["https://github.com/tianlixu"],
    "followers_url": ["https://api.github.com/users/tianlixu/followers"],
    "following_url": ["https://api.github.com/users/tianlixu/following{/other_user}"],
    "gists_url": ["https://api.github.com/users/tianlixu/gists{/gist_id}"],
    "starred_url": ["https://api.github.com/users/tianlixu/starred{/owner}{/repo}"],
    "subscriptions_url": ["https://api.github.com/users/tianlixu/subscriptions"],
    "organizations_url": ["https://api.github.com/users/tianlixu/orgs"],
    "repos_url": ["https://api.github.com/users/tianlixu/repos"],
    "events_url": ["https://api.github.com/users/tianlixu/events{/privacy}"],
    "received_events_url": ["https://api.github.com/users/tianlixu/received_events"],
    "type": ["User"],
    "site_admin": [false]
  }
]
