[
  {
    "login": ["Richardyouth"],
    "id": [38529350],
    "node_id": ["MDQ6VXNlcjM4NTI5MzUw"],
    "avatar_url": ["https://avatars2.githubusercontent.com/u/38529350?v=4"],
    "gravatar_id": [""],
    "url": ["https://api.github.com/users/Richardyouth"],
    "html_url": ["https://github.com/Richardyouth"],
    "followers_url": ["https://api.github.com/users/Richardyouth/followers"],
    "following_url": ["https://api.github.com/users/Richardyouth/following{/other_user}"],
    "gists_url": ["https://api.github.com/users/Richardyouth/gists{/gist_id}"],
    "starred_url": ["https://api.github.com/users/Richardyouth/starred{/owner}{/repo}"],
    "subscriptions_url": ["https://api.github.com/users/Richardyouth/subscriptions"],
    "organizations_url": ["https://api.github.com/users/Richardyouth/orgs"],
    "repos_url": ["https://api.github.com/users/Richardyouth/repos"],
    "events_url": ["https://api.github.com/users/Richardyouth/events{/privacy}"],
    "received_events_url": ["https://api.github.com/users/Richardyouth/received_events"],
    "type": ["User"],
    "site_admin": [false]
  }
]
