[
  {
    "login": ["kevinhsu"],
    "id": [3340121],
    "node_id": ["MDQ6VXNlcjMzNDAxMjE="],
    "avatar_url": ["https://avatars2.githubusercontent.com/u/3340121?v=4"],
    "gravatar_id": [""],
    "url": ["https://api.github.com/users/kevinhsu"],
    "html_url": ["https://github.com/kevinhsu"],
    "followers_url": ["https://api.github.com/users/kevinhsu/followers"],
    "following_url": ["https://api.github.com/users/kevinhsu/following{/other_user}"],
    "gists_url": ["https://api.github.com/users/kevinhsu/gists{/gist_id}"],
    "starred_url": ["https://api.github.com/users/kevinhsu/starred{/owner}{/repo}"],
    "subscriptions_url": ["https://api.github.com/users/kevinhsu/subscriptions"],
    "organizations_url": ["https://api.github.com/users/kevinhsu/orgs"],
    "repos_url": ["https://api.github.com/users/kevinhsu/repos"],
    "events_url": ["https://api.github.com/users/kevinhsu/events{/privacy}"],
    "received_events_url": ["https://api.github.com/users/kevinhsu/received_events"],
    "type": ["User"],
    "site_admin": [false]
  }
]
