[
  {
    "login": ["hangtwenty"],
    "id": [2420688],
    "node_id": ["MDQ6VXNlcjI0MjA2ODg="],
    "avatar_url": ["https://avatars0.githubusercontent.com/u/2420688?v=4"],
    "gravatar_id": [""],
    "url": ["https://api.github.com/users/hangtwenty"],
    "html_url": ["https://github.com/hangtwenty"],
    "followers_url": ["https://api.github.com/users/hangtwenty/followers"],
    "following_url": ["https://api.github.com/users/hangtwenty/following{/other_user}"],
    "gists_url": ["https://api.github.com/users/hangtwenty/gists{/gist_id}"],
    "starred_url": ["https://api.github.com/users/hangtwenty/starred{/owner}{/repo}"],
    "subscriptions_url": ["https://api.github.com/users/hangtwenty/subscriptions"],
    "organizations_url": ["https://api.github.com/users/hangtwenty/orgs"],
    "repos_url": ["https://api.github.com/users/hangtwenty/repos"],
    "events_url": ["https://api.github.com/users/hangtwenty/events{/privacy}"],
    "received_events_url": ["https://api.github.com/users/hangtwenty/received_events"],
    "type": ["User"],
    "site_admin": [false]
  }
]
