[
  {
    "login": ["trietptm"],
    "id": [526959],
    "node_id": ["MDQ6VXNlcjUyNjk1OQ=="],
    "avatar_url": ["https://avatars3.githubusercontent.com/u/526959?v=4"],
    "gravatar_id": [""],
    "url": ["https://api.github.com/users/trietptm"],
    "html_url": ["https://github.com/trietptm"],
    "followers_url": ["https://api.github.com/users/trietptm/followers"],
    "following_url": ["https://api.github.com/users/trietptm/following{/other_user}"],
    "gists_url": ["https://api.github.com/users/trietptm/gists{/gist_id}"],
    "starred_url": ["https://api.github.com/users/trietptm/starred{/owner}{/repo}"],
    "subscriptions_url": ["https://api.github.com/users/trietptm/subscriptions"],
    "organizations_url": ["https://api.github.com/users/trietptm/orgs"],
    "repos_url": ["https://api.github.com/users/trietptm/repos"],
    "events_url": ["https://api.github.com/users/trietptm/events{/privacy}"],
    "received_events_url": ["https://api.github.com/users/trietptm/received_events"],
    "type": ["User"],
    "site_admin": [false]
  }
]
