[
  {
    "login": ["nawin97"],
    "id": [29179793],
    "node_id": ["MDQ6VXNlcjI5MTc5Nzkz"],
    "avatar_url": ["https://avatars0.githubusercontent.com/u/29179793?v=4"],
    "gravatar_id": [""],
    "url": ["https://api.github.com/users/nawin97"],
    "html_url": ["https://github.com/nawin97"],
    "followers_url": ["https://api.github.com/users/nawin97/followers"],
    "following_url": ["https://api.github.com/users/nawin97/following{/other_user}"],
    "gists_url": ["https://api.github.com/users/nawin97/gists{/gist_id}"],
    "starred_url": ["https://api.github.com/users/nawin97/starred{/owner}{/repo}"],
    "subscriptions_url": ["https://api.github.com/users/nawin97/subscriptions"],
    "organizations_url": ["https://api.github.com/users/nawin97/orgs"],
    "repos_url": ["https://api.github.com/users/nawin97/repos"],
    "events_url": ["https://api.github.com/users/nawin97/events{/privacy}"],
    "received_events_url": ["https://api.github.com/users/nawin97/received_events"],
    "type": ["User"],
    "site_admin": [false]
  }
]
