[
  {
    "login": ["tmvrajagopal"],
    "id": [10244377],
    "node_id": ["MDQ6VXNlcjEwMjQ0Mzc3"],
    "avatar_url": ["https://avatars1.githubusercontent.com/u/10244377?v=4"],
    "gravatar_id": [""],
    "url": ["https://api.github.com/users/tmvrajagopal"],
    "html_url": ["https://github.com/tmvrajagopal"],
    "followers_url": ["https://api.github.com/users/tmvrajagopal/followers"],
    "following_url": ["https://api.github.com/users/tmvrajagopal/following{/other_user}"],
    "gists_url": ["https://api.github.com/users/tmvrajagopal/gists{/gist_id}"],
    "starred_url": ["https://api.github.com/users/tmvrajagopal/starred{/owner}{/repo}"],
    "subscriptions_url": ["https://api.github.com/users/tmvrajagopal/subscriptions"],
    "organizations_url": ["https://api.github.com/users/tmvrajagopal/orgs"],
    "repos_url": ["https://api.github.com/users/tmvrajagopal/repos"],
    "events_url": ["https://api.github.com/users/tmvrajagopal/events{/privacy}"],
    "received_events_url": ["https://api.github.com/users/tmvrajagopal/received_events"],
    "type": ["User"],
    "site_admin": [false]
  }
]
