[
  {
    "login": ["lovehoroscoper"],
    "id": [3348611],
    "node_id": ["MDQ6VXNlcjMzNDg2MTE="],
    "avatar_url": ["https://avatars3.githubusercontent.com/u/3348611?v=4"],
    "gravatar_id": [""],
    "url": ["https://api.github.com/users/lovehoroscoper"],
    "html_url": ["https://github.com/lovehoroscoper"],
    "followers_url": ["https://api.github.com/users/lovehoroscoper/followers"],
    "following_url": ["https://api.github.com/users/lovehoroscoper/following{/other_user}"],
    "gists_url": ["https://api.github.com/users/lovehoroscoper/gists{/gist_id}"],
    "starred_url": ["https://api.github.com/users/lovehoroscoper/starred{/owner}{/repo}"],
    "subscriptions_url": ["https://api.github.com/users/lovehoroscoper/subscriptions"],
    "organizations_url": ["https://api.github.com/users/lovehoroscoper/orgs"],
    "repos_url": ["https://api.github.com/users/lovehoroscoper/repos"],
    "events_url": ["https://api.github.com/users/lovehoroscoper/events{/privacy}"],
    "received_events_url": ["https://api.github.com/users/lovehoroscoper/received_events"],
    "type": ["User"],
    "site_admin": [false]
  }
]
