[
  {
    "login": ["chernzheng"],
    "id": [16890714],
    "node_id": ["MDQ6VXNlcjE2ODkwNzE0"],
    "avatar_url": ["https://avatars0.githubusercontent.com/u/16890714?v=4"],
    "gravatar_id": [""],
    "url": ["https://api.github.com/users/chernzheng"],
    "html_url": ["https://github.com/chernzheng"],
    "followers_url": ["https://api.github.com/users/chernzheng/followers"],
    "following_url": ["https://api.github.com/users/chernzheng/following{/other_user}"],
    "gists_url": ["https://api.github.com/users/chernzheng/gists{/gist_id}"],
    "starred_url": ["https://api.github.com/users/chernzheng/starred{/owner}{/repo}"],
    "subscriptions_url": ["https://api.github.com/users/chernzheng/subscriptions"],
    "organizations_url": ["https://api.github.com/users/chernzheng/orgs"],
    "repos_url": ["https://api.github.com/users/chernzheng/repos"],
    "events_url": ["https://api.github.com/users/chernzheng/events{/privacy}"],
    "received_events_url": ["https://api.github.com/users/chernzheng/received_events"],
    "type": ["User"],
    "site_admin": [false]
  }
]
