[
  {
    "login": ["kostasx"],
    "id": [1638325],
    "node_id": ["MDQ6VXNlcjE2MzgzMjU="],
    "avatar_url": ["https://avatars2.githubusercontent.com/u/1638325?v=4"],
    "gravatar_id": [""],
    "url": ["https://api.github.com/users/kostasx"],
    "html_url": ["https://github.com/kostasx"],
    "followers_url": ["https://api.github.com/users/kostasx/followers"],
    "following_url": ["https://api.github.com/users/kostasx/following{/other_user}"],
    "gists_url": ["https://api.github.com/users/kostasx/gists{/gist_id}"],
    "starred_url": ["https://api.github.com/users/kostasx/starred{/owner}{/repo}"],
    "subscriptions_url": ["https://api.github.com/users/kostasx/subscriptions"],
    "organizations_url": ["https://api.github.com/users/kostasx/orgs"],
    "repos_url": ["https://api.github.com/users/kostasx/repos"],
    "events_url": ["https://api.github.com/users/kostasx/events{/privacy}"],
    "received_events_url": ["https://api.github.com/users/kostasx/received_events"],
    "type": ["User"],
    "site_admin": [false]
  }
]
