[
  {
    "login": ["hpline"],
    "id": [12529954],
    "node_id": ["MDQ6VXNlcjEyNTI5OTU0"],
    "avatar_url": ["https://avatars3.githubusercontent.com/u/12529954?v=4"],
    "gravatar_id": [""],
    "url": ["https://api.github.com/users/hpline"],
    "html_url": ["https://github.com/hpline"],
    "followers_url": ["https://api.github.com/users/hpline/followers"],
    "following_url": ["https://api.github.com/users/hpline/following{/other_user}"],
    "gists_url": ["https://api.github.com/users/hpline/gists{/gist_id}"],
    "starred_url": ["https://api.github.com/users/hpline/starred{/owner}{/repo}"],
    "subscriptions_url": ["https://api.github.com/users/hpline/subscriptions"],
    "organizations_url": ["https://api.github.com/users/hpline/orgs"],
    "repos_url": ["https://api.github.com/users/hpline/repos"],
    "events_url": ["https://api.github.com/users/hpline/events{/privacy}"],
    "received_events_url": ["https://api.github.com/users/hpline/received_events"],
    "type": ["User"],
    "site_admin": [false]
  }
]
