[
  {
    "login": ["baljeet16"],
    "id": [506826],
    "node_id": ["MDQ6VXNlcjUwNjgyNg=="],
    "avatar_url": ["https://avatars0.githubusercontent.com/u/506826?v=4"],
    "gravatar_id": [""],
    "url": ["https://api.github.com/users/baljeet16"],
    "html_url": ["https://github.com/baljeet16"],
    "followers_url": ["https://api.github.com/users/baljeet16/followers"],
    "following_url": ["https://api.github.com/users/baljeet16/following{/other_user}"],
    "gists_url": ["https://api.github.com/users/baljeet16/gists{/gist_id}"],
    "starred_url": ["https://api.github.com/users/baljeet16/starred{/owner}{/repo}"],
    "subscriptions_url": ["https://api.github.com/users/baljeet16/subscriptions"],
    "organizations_url": ["https://api.github.com/users/baljeet16/orgs"],
    "repos_url": ["https://api.github.com/users/baljeet16/repos"],
    "events_url": ["https://api.github.com/users/baljeet16/events{/privacy}"],
    "received_events_url": ["https://api.github.com/users/baljeet16/received_events"],
    "type": ["User"],
    "site_admin": [false]
  }
]
