[
  {
    "login": ["techiadarsh"],
    "id": [25037852],
    "node_id": ["MDQ6VXNlcjI1MDM3ODUy"],
    "avatar_url": ["https://avatars1.githubusercontent.com/u/25037852?v=4"],
    "gravatar_id": [""],
    "url": ["https://api.github.com/users/techiadarsh"],
    "html_url": ["https://github.com/techiadarsh"],
    "followers_url": ["https://api.github.com/users/techiadarsh/followers"],
    "following_url": ["https://api.github.com/users/techiadarsh/following{/other_user}"],
    "gists_url": ["https://api.github.com/users/techiadarsh/gists{/gist_id}"],
    "starred_url": ["https://api.github.com/users/techiadarsh/starred{/owner}{/repo}"],
    "subscriptions_url": ["https://api.github.com/users/techiadarsh/subscriptions"],
    "organizations_url": ["https://api.github.com/users/techiadarsh/orgs"],
    "repos_url": ["https://api.github.com/users/techiadarsh/repos"],
    "events_url": ["https://api.github.com/users/techiadarsh/events{/privacy}"],
    "received_events_url": ["https://api.github.com/users/techiadarsh/received_events"],
    "type": ["User"],
    "site_admin": [false]
  }
]
