[
  {
    "login": ["yamei0811"],
    "id": [34103632],
    "node_id": ["MDQ6VXNlcjM0MTAzNjMy"],
    "avatar_url": ["https://avatars3.githubusercontent.com/u/34103632?v=4"],
    "gravatar_id": [""],
    "url": ["https://api.github.com/users/yamei0811"],
    "html_url": ["https://github.com/yamei0811"],
    "followers_url": ["https://api.github.com/users/yamei0811/followers"],
    "following_url": ["https://api.github.com/users/yamei0811/following{/other_user}"],
    "gists_url": ["https://api.github.com/users/yamei0811/gists{/gist_id}"],
    "starred_url": ["https://api.github.com/users/yamei0811/starred{/owner}{/repo}"],
    "subscriptions_url": ["https://api.github.com/users/yamei0811/subscriptions"],
    "organizations_url": ["https://api.github.com/users/yamei0811/orgs"],
    "repos_url": ["https://api.github.com/users/yamei0811/repos"],
    "events_url": ["https://api.github.com/users/yamei0811/events{/privacy}"],
    "received_events_url": ["https://api.github.com/users/yamei0811/received_events"],
    "type": ["User"],
    "site_admin": [false]
  }
]
