[
  {
    "login": ["gulzaar"],
    "id": [3307189],
    "node_id": ["MDQ6VXNlcjMzMDcxODk="],
    "avatar_url": ["https://avatars0.githubusercontent.com/u/3307189?v=4"],
    "gravatar_id": [""],
    "url": ["https://api.github.com/users/gulzaar"],
    "html_url": ["https://github.com/gulzaar"],
    "followers_url": ["https://api.github.com/users/gulzaar/followers"],
    "following_url": ["https://api.github.com/users/gulzaar/following{/other_user}"],
    "gists_url": ["https://api.github.com/users/gulzaar/gists{/gist_id}"],
    "starred_url": ["https://api.github.com/users/gulzaar/starred{/owner}{/repo}"],
    "subscriptions_url": ["https://api.github.com/users/gulzaar/subscriptions"],
    "organizations_url": ["https://api.github.com/users/gulzaar/orgs"],
    "repos_url": ["https://api.github.com/users/gulzaar/repos"],
    "events_url": ["https://api.github.com/users/gulzaar/events{/privacy}"],
    "received_events_url": ["https://api.github.com/users/gulzaar/received_events"],
    "type": ["User"],
    "site_admin": [false]
  }
]
