[
  {
    "login": ["ahmetabdi"],
    "id": [778015],
    "node_id": ["MDQ6VXNlcjc3ODAxNQ=="],
    "avatar_url": ["https://avatars3.githubusercontent.com/u/778015?v=4"],
    "gravatar_id": [""],
    "url": ["https://api.github.com/users/ahmetabdi"],
    "html_url": ["https://github.com/ahmetabdi"],
    "followers_url": ["https://api.github.com/users/ahmetabdi/followers"],
    "following_url": ["https://api.github.com/users/ahmetabdi/following{/other_user}"],
    "gists_url": ["https://api.github.com/users/ahmetabdi/gists{/gist_id}"],
    "starred_url": ["https://api.github.com/users/ahmetabdi/starred{/owner}{/repo}"],
    "subscriptions_url": ["https://api.github.com/users/ahmetabdi/subscriptions"],
    "organizations_url": ["https://api.github.com/users/ahmetabdi/orgs"],
    "repos_url": ["https://api.github.com/users/ahmetabdi/repos"],
    "events_url": ["https://api.github.com/users/ahmetabdi/events{/privacy}"],
    "received_events_url": ["https://api.github.com/users/ahmetabdi/received_events"],
    "type": ["User"],
    "site_admin": [false]
  }
]
