[
  {
    "login": ["guangguangimut"],
    "id": [30773030],
    "node_id": ["MDQ6VXNlcjMwNzczMDMw"],
    "avatar_url": ["https://avatars1.githubusercontent.com/u/30773030?v=4"],
    "gravatar_id": [""],
    "url": ["https://api.github.com/users/guangguangimut"],
    "html_url": ["https://github.com/guangguangimut"],
    "followers_url": ["https://api.github.com/users/guangguangimut/followers"],
    "following_url": ["https://api.github.com/users/guangguangimut/following{/other_user}"],
    "gists_url": ["https://api.github.com/users/guangguangimut/gists{/gist_id}"],
    "starred_url": ["https://api.github.com/users/guangguangimut/starred{/owner}{/repo}"],
    "subscriptions_url": ["https://api.github.com/users/guangguangimut/subscriptions"],
    "organizations_url": ["https://api.github.com/users/guangguangimut/orgs"],
    "repos_url": ["https://api.github.com/users/guangguangimut/repos"],
    "events_url": ["https://api.github.com/users/guangguangimut/events{/privacy}"],
    "received_events_url": ["https://api.github.com/users/guangguangimut/received_events"],
    "type": ["User"],
    "site_admin": [false]
  }
]
