[
  {
    "login": ["Spandyie"],
    "id": [26311384],
    "node_id": ["MDQ6VXNlcjI2MzExMzg0"],
    "avatar_url": ["https://avatars2.githubusercontent.com/u/26311384?v=4"],
    "gravatar_id": [""],
    "url": ["https://api.github.com/users/Spandyie"],
    "html_url": ["https://github.com/Spandyie"],
    "followers_url": ["https://api.github.com/users/Spandyie/followers"],
    "following_url": ["https://api.github.com/users/Spandyie/following{/other_user}"],
    "gists_url": ["https://api.github.com/users/Spandyie/gists{/gist_id}"],
    "starred_url": ["https://api.github.com/users/Spandyie/starred{/owner}{/repo}"],
    "subscriptions_url": ["https://api.github.com/users/Spandyie/subscriptions"],
    "organizations_url": ["https://api.github.com/users/Spandyie/orgs"],
    "repos_url": ["https://api.github.com/users/Spandyie/repos"],
    "events_url": ["https://api.github.com/users/Spandyie/events{/privacy}"],
    "received_events_url": ["https://api.github.com/users/Spandyie/received_events"],
    "type": ["User"],
    "site_admin": [false]
  }
]
