[
  {
    "login": ["devanshdalal"],
    "id": [5080310],
    "node_id": ["MDQ6VXNlcjUwODAzMTA="],
    "avatar_url": ["https://avatars1.githubusercontent.com/u/5080310?v=4"],
    "gravatar_id": [""],
    "url": ["https://api.github.com/users/devanshdalal"],
    "html_url": ["https://github.com/devanshdalal"],
    "followers_url": ["https://api.github.com/users/devanshdalal/followers"],
    "following_url": ["https://api.github.com/users/devanshdalal/following{/other_user}"],
    "gists_url": ["https://api.github.com/users/devanshdalal/gists{/gist_id}"],
    "starred_url": ["https://api.github.com/users/devanshdalal/starred{/owner}{/repo}"],
    "subscriptions_url": ["https://api.github.com/users/devanshdalal/subscriptions"],
    "organizations_url": ["https://api.github.com/users/devanshdalal/orgs"],
    "repos_url": ["https://api.github.com/users/devanshdalal/repos"],
    "events_url": ["https://api.github.com/users/devanshdalal/events{/privacy}"],
    "received_events_url": ["https://api.github.com/users/devanshdalal/received_events"],
    "type": ["User"],
    "site_admin": [false]
  }
]
