[
  {
    "login": ["sahdev0"],
    "id": [10597710],
    "node_id": ["MDQ6VXNlcjEwNTk3NzEw"],
    "avatar_url": ["https://avatars2.githubusercontent.com/u/10597710?v=4"],
    "gravatar_id": [""],
    "url": ["https://api.github.com/users/sahdev0"],
    "html_url": ["https://github.com/sahdev0"],
    "followers_url": ["https://api.github.com/users/sahdev0/followers"],
    "following_url": ["https://api.github.com/users/sahdev0/following{/other_user}"],
    "gists_url": ["https://api.github.com/users/sahdev0/gists{/gist_id}"],
    "starred_url": ["https://api.github.com/users/sahdev0/starred{/owner}{/repo}"],
    "subscriptions_url": ["https://api.github.com/users/sahdev0/subscriptions"],
    "organizations_url": ["https://api.github.com/users/sahdev0/orgs"],
    "repos_url": ["https://api.github.com/users/sahdev0/repos"],
    "events_url": ["https://api.github.com/users/sahdev0/events{/privacy}"],
    "received_events_url": ["https://api.github.com/users/sahdev0/received_events"],
    "type": ["User"],
    "site_admin": [false]
  }
]
