[
  {
    "login": ["itsshaikaslam"],
    "id": [31707911],
    "node_id": ["MDQ6VXNlcjMxNzA3OTEx"],
    "avatar_url": ["https://avatars2.githubusercontent.com/u/31707911?v=4"],
    "gravatar_id": [""],
    "url": ["https://api.github.com/users/itsshaikaslam"],
    "html_url": ["https://github.com/itsshaikaslam"],
    "followers_url": ["https://api.github.com/users/itsshaikaslam/followers"],
    "following_url": ["https://api.github.com/users/itsshaikaslam/following{/other_user}"],
    "gists_url": ["https://api.github.com/users/itsshaikaslam/gists{/gist_id}"],
    "starred_url": ["https://api.github.com/users/itsshaikaslam/starred{/owner}{/repo}"],
    "subscriptions_url": ["https://api.github.com/users/itsshaikaslam/subscriptions"],
    "organizations_url": ["https://api.github.com/users/itsshaikaslam/orgs"],
    "repos_url": ["https://api.github.com/users/itsshaikaslam/repos"],
    "events_url": ["https://api.github.com/users/itsshaikaslam/events{/privacy}"],
    "received_events_url": ["https://api.github.com/users/itsshaikaslam/received_events"],
    "type": ["User"],
    "site_admin": [false]
  }
]
