[
  {
    "login": ["duanliying"],
    "id": [11453118],
    "node_id": ["MDQ6VXNlcjExNDUzMTE4"],
    "avatar_url": ["https://avatars1.githubusercontent.com/u/11453118?v=4"],
    "gravatar_id": [""],
    "url": ["https://api.github.com/users/duanliying"],
    "html_url": ["https://github.com/duanliying"],
    "followers_url": ["https://api.github.com/users/duanliying/followers"],
    "following_url": ["https://api.github.com/users/duanliying/following{/other_user}"],
    "gists_url": ["https://api.github.com/users/duanliying/gists{/gist_id}"],
    "starred_url": ["https://api.github.com/users/duanliying/starred{/owner}{/repo}"],
    "subscriptions_url": ["https://api.github.com/users/duanliying/subscriptions"],
    "organizations_url": ["https://api.github.com/users/duanliying/orgs"],
    "repos_url": ["https://api.github.com/users/duanliying/repos"],
    "events_url": ["https://api.github.com/users/duanliying/events{/privacy}"],
    "received_events_url": ["https://api.github.com/users/duanliying/received_events"],
    "type": ["User"],
    "site_admin": [false]
  }
]
