[
  {
    "login": ["alvinyeats"],
    "id": [9098011],
    "node_id": ["MDQ6VXNlcjkwOTgwMTE="],
    "avatar_url": ["https://avatars1.githubusercontent.com/u/9098011?v=4"],
    "gravatar_id": [""],
    "url": ["https://api.github.com/users/alvinyeats"],
    "html_url": ["https://github.com/alvinyeats"],
    "followers_url": ["https://api.github.com/users/alvinyeats/followers"],
    "following_url": ["https://api.github.com/users/alvinyeats/following{/other_user}"],
    "gists_url": ["https://api.github.com/users/alvinyeats/gists{/gist_id}"],
    "starred_url": ["https://api.github.com/users/alvinyeats/starred{/owner}{/repo}"],
    "subscriptions_url": ["https://api.github.com/users/alvinyeats/subscriptions"],
    "organizations_url": ["https://api.github.com/users/alvinyeats/orgs"],
    "repos_url": ["https://api.github.com/users/alvinyeats/repos"],
    "events_url": ["https://api.github.com/users/alvinyeats/events{/privacy}"],
    "received_events_url": ["https://api.github.com/users/alvinyeats/received_events"],
    "type": ["User"],
    "site_admin": [false]
  }
]
