[
  {
    "login": ["vinhsuhi"],
    "id": [25975867],
    "node_id": ["MDQ6VXNlcjI1OTc1ODY3"],
    "avatar_url": ["https://avatars0.githubusercontent.com/u/25975867?v=4"],
    "gravatar_id": [""],
    "url": ["https://api.github.com/users/vinhsuhi"],
    "html_url": ["https://github.com/vinhsuhi"],
    "followers_url": ["https://api.github.com/users/vinhsuhi/followers"],
    "following_url": ["https://api.github.com/users/vinhsuhi/following{/other_user}"],
    "gists_url": ["https://api.github.com/users/vinhsuhi/gists{/gist_id}"],
    "starred_url": ["https://api.github.com/users/vinhsuhi/starred{/owner}{/repo}"],
    "subscriptions_url": ["https://api.github.com/users/vinhsuhi/subscriptions"],
    "organizations_url": ["https://api.github.com/users/vinhsuhi/orgs"],
    "repos_url": ["https://api.github.com/users/vinhsuhi/repos"],
    "events_url": ["https://api.github.com/users/vinhsuhi/events{/privacy}"],
    "received_events_url": ["https://api.github.com/users/vinhsuhi/received_events"],
    "type": ["User"],
    "site_admin": [false]
  }
]
