[
  {
    "login": ["alokasok"],
    "id": [1041030],
    "node_id": ["MDQ6VXNlcjEwNDEwMzA="],
    "avatar_url": ["https://avatars3.githubusercontent.com/u/1041030?v=4"],
    "gravatar_id": [""],
    "url": ["https://api.github.com/users/alokasok"],
    "html_url": ["https://github.com/alokasok"],
    "followers_url": ["https://api.github.com/users/alokasok/followers"],
    "following_url": ["https://api.github.com/users/alokasok/following{/other_user}"],
    "gists_url": ["https://api.github.com/users/alokasok/gists{/gist_id}"],
    "starred_url": ["https://api.github.com/users/alokasok/starred{/owner}{/repo}"],
    "subscriptions_url": ["https://api.github.com/users/alokasok/subscriptions"],
    "organizations_url": ["https://api.github.com/users/alokasok/orgs"],
    "repos_url": ["https://api.github.com/users/alokasok/repos"],
    "events_url": ["https://api.github.com/users/alokasok/events{/privacy}"],
    "received_events_url": ["https://api.github.com/users/alokasok/received_events"],
    "type": ["User"],
    "site_admin": [false]
  }
]
