[
  {
    "login": ["liangwenkai"],
    "id": [20969849],
    "node_id": ["MDQ6VXNlcjIwOTY5ODQ5"],
    "avatar_url": ["https://avatars0.githubusercontent.com/u/20969849?v=4"],
    "gravatar_id": [""],
    "url": ["https://api.github.com/users/liangwenkai"],
    "html_url": ["https://github.com/liangwenkai"],
    "followers_url": ["https://api.github.com/users/liangwenkai/followers"],
    "following_url": ["https://api.github.com/users/liangwenkai/following{/other_user}"],
    "gists_url": ["https://api.github.com/users/liangwenkai/gists{/gist_id}"],
    "starred_url": ["https://api.github.com/users/liangwenkai/starred{/owner}{/repo}"],
    "subscriptions_url": ["https://api.github.com/users/liangwenkai/subscriptions"],
    "organizations_url": ["https://api.github.com/users/liangwenkai/orgs"],
    "repos_url": ["https://api.github.com/users/liangwenkai/repos"],
    "events_url": ["https://api.github.com/users/liangwenkai/events{/privacy}"],
    "received_events_url": ["https://api.github.com/users/liangwenkai/received_events"],
    "type": ["User"],
    "site_admin": [false]
  }
]
