[
  {
    "login": ["ouseanyu"],
    "id": [4743714],
    "node_id": ["MDQ6VXNlcjQ3NDM3MTQ="],
    "avatar_url": ["https://avatars0.githubusercontent.com/u/4743714?v=4"],
    "gravatar_id": [""],
    "url": ["https://api.github.com/users/ouseanyu"],
    "html_url": ["https://github.com/ouseanyu"],
    "followers_url": ["https://api.github.com/users/ouseanyu/followers"],
    "following_url": ["https://api.github.com/users/ouseanyu/following{/other_user}"],
    "gists_url": ["https://api.github.com/users/ouseanyu/gists{/gist_id}"],
    "starred_url": ["https://api.github.com/users/ouseanyu/starred{/owner}{/repo}"],
    "subscriptions_url": ["https://api.github.com/users/ouseanyu/subscriptions"],
    "organizations_url": ["https://api.github.com/users/ouseanyu/orgs"],
    "repos_url": ["https://api.github.com/users/ouseanyu/repos"],
    "events_url": ["https://api.github.com/users/ouseanyu/events{/privacy}"],
    "received_events_url": ["https://api.github.com/users/ouseanyu/received_events"],
    "type": ["User"],
    "site_admin": [false]
  }
]
