[
  {
    "login": ["e-ssp"],
    "id": [37735452],
    "node_id": ["MDQ6VXNlcjM3NzM1NDUy"],
    "avatar_url": ["https://avatars3.githubusercontent.com/u/37735452?v=4"],
    "gravatar_id": [""],
    "url": ["https://api.github.com/users/e-ssp"],
    "html_url": ["https://github.com/e-ssp"],
    "followers_url": ["https://api.github.com/users/e-ssp/followers"],
    "following_url": ["https://api.github.com/users/e-ssp/following{/other_user}"],
    "gists_url": ["https://api.github.com/users/e-ssp/gists{/gist_id}"],
    "starred_url": ["https://api.github.com/users/e-ssp/starred{/owner}{/repo}"],
    "subscriptions_url": ["https://api.github.com/users/e-ssp/subscriptions"],
    "organizations_url": ["https://api.github.com/users/e-ssp/orgs"],
    "repos_url": ["https://api.github.com/users/e-ssp/repos"],
    "events_url": ["https://api.github.com/users/e-ssp/events{/privacy}"],
    "received_events_url": ["https://api.github.com/users/e-ssp/received_events"],
    "type": ["User"],
    "site_admin": [false]
  }
]
