[
  {
    "login": ["setarp"],
    "id": [40320832],
    "node_id": ["MDQ6VXNlcjQwMzIwODMy"],
    "avatar_url": ["https://avatars3.githubusercontent.com/u/40320832?v=4"],
    "gravatar_id": [""],
    "url": ["https://api.github.com/users/setarp"],
    "html_url": ["https://github.com/setarp"],
    "followers_url": ["https://api.github.com/users/setarp/followers"],
    "following_url": ["https://api.github.com/users/setarp/following{/other_user}"],
    "gists_url": ["https://api.github.com/users/setarp/gists{/gist_id}"],
    "starred_url": ["https://api.github.com/users/setarp/starred{/owner}{/repo}"],
    "subscriptions_url": ["https://api.github.com/users/setarp/subscriptions"],
    "organizations_url": ["https://api.github.com/users/setarp/orgs"],
    "repos_url": ["https://api.github.com/users/setarp/repos"],
    "events_url": ["https://api.github.com/users/setarp/events{/privacy}"],
    "received_events_url": ["https://api.github.com/users/setarp/received_events"],
    "type": ["User"],
    "site_admin": [false]
  }
]
