[
  {
    "login": ["RheaTrupe"],
    "id": [17482252],
    "node_id": ["MDQ6VXNlcjE3NDgyMjUy"],
    "avatar_url": ["https://avatars1.githubusercontent.com/u/17482252?v=4"],
    "gravatar_id": [""],
    "url": ["https://api.github.com/users/RheaTrupe"],
    "html_url": ["https://github.com/RheaTrupe"],
    "followers_url": ["https://api.github.com/users/RheaTrupe/followers"],
    "following_url": ["https://api.github.com/users/RheaTrupe/following{/other_user}"],
    "gists_url": ["https://api.github.com/users/RheaTrupe/gists{/gist_id}"],
    "starred_url": ["https://api.github.com/users/RheaTrupe/starred{/owner}{/repo}"],
    "subscriptions_url": ["https://api.github.com/users/RheaTrupe/subscriptions"],
    "organizations_url": ["https://api.github.com/users/RheaTrupe/orgs"],
    "repos_url": ["https://api.github.com/users/RheaTrupe/repos"],
    "events_url": ["https://api.github.com/users/RheaTrupe/events{/privacy}"],
    "received_events_url": ["https://api.github.com/users/RheaTrupe/received_events"],
    "type": ["User"],
    "site_admin": [false]
  }
]
