[
  {
    "login": ["joymondal"],
    "id": [5390629],
    "node_id": ["MDQ6VXNlcjUzOTA2Mjk="],
    "avatar_url": ["https://avatars1.githubusercontent.com/u/5390629?v=4"],
    "gravatar_id": [""],
    "url": ["https://api.github.com/users/joymondal"],
    "html_url": ["https://github.com/joymondal"],
    "followers_url": ["https://api.github.com/users/joymondal/followers"],
    "following_url": ["https://api.github.com/users/joymondal/following{/other_user}"],
    "gists_url": ["https://api.github.com/users/joymondal/gists{/gist_id}"],
    "starred_url": ["https://api.github.com/users/joymondal/starred{/owner}{/repo}"],
    "subscriptions_url": ["https://api.github.com/users/joymondal/subscriptions"],
    "organizations_url": ["https://api.github.com/users/joymondal/orgs"],
    "repos_url": ["https://api.github.com/users/joymondal/repos"],
    "events_url": ["https://api.github.com/users/joymondal/events{/privacy}"],
    "received_events_url": ["https://api.github.com/users/joymondal/received_events"],
    "type": ["User"],
    "site_admin": [false]
  }
]
