[
  {
    "login": ["Henrilin28"],
    "id": [5019331],
    "node_id": ["MDQ6VXNlcjUwMTkzMzE="],
    "avatar_url": ["https://avatars2.githubusercontent.com/u/5019331?v=4"],
    "gravatar_id": [""],
    "url": ["https://api.github.com/users/Henrilin28"],
    "html_url": ["https://github.com/Henrilin28"],
    "followers_url": ["https://api.github.com/users/Henrilin28/followers"],
    "following_url": ["https://api.github.com/users/Henrilin28/following{/other_user}"],
    "gists_url": ["https://api.github.com/users/Henrilin28/gists{/gist_id}"],
    "starred_url": ["https://api.github.com/users/Henrilin28/starred{/owner}{/repo}"],
    "subscriptions_url": ["https://api.github.com/users/Henrilin28/subscriptions"],
    "organizations_url": ["https://api.github.com/users/Henrilin28/orgs"],
    "repos_url": ["https://api.github.com/users/Henrilin28/repos"],
    "events_url": ["https://api.github.com/users/Henrilin28/events{/privacy}"],
    "received_events_url": ["https://api.github.com/users/Henrilin28/received_events"],
    "type": ["User"],
    "site_admin": [false]
  }
]
