[
  {
    "login": ["rishabhkesarwani"],
    "id": [4426078],
    "node_id": ["MDQ6VXNlcjQ0MjYwNzg="],
    "avatar_url": ["https://avatars3.githubusercontent.com/u/4426078?v=4"],
    "gravatar_id": [""],
    "url": ["https://api.github.com/users/rishabhkesarwani"],
    "html_url": ["https://github.com/rishabhkesarwani"],
    "followers_url": ["https://api.github.com/users/rishabhkesarwani/followers"],
    "following_url": ["https://api.github.com/users/rishabhkesarwani/following{/other_user}"],
    "gists_url": ["https://api.github.com/users/rishabhkesarwani/gists{/gist_id}"],
    "starred_url": ["https://api.github.com/users/rishabhkesarwani/starred{/owner}{/repo}"],
    "subscriptions_url": ["https://api.github.com/users/rishabhkesarwani/subscriptions"],
    "organizations_url": ["https://api.github.com/users/rishabhkesarwani/orgs"],
    "repos_url": ["https://api.github.com/users/rishabhkesarwani/repos"],
    "events_url": ["https://api.github.com/users/rishabhkesarwani/events{/privacy}"],
    "received_events_url": ["https://api.github.com/users/rishabhkesarwani/received_events"],
    "type": ["User"],
    "site_admin": [false]
  }
]
