[
  {
    "login": ["N130557"],
    "id": [29541150],
    "node_id": ["MDQ6VXNlcjI5NTQxMTUw"],
    "avatar_url": ["https://avatars3.githubusercontent.com/u/29541150?v=4"],
    "gravatar_id": [""],
    "url": ["https://api.github.com/users/N130557"],
    "html_url": ["https://github.com/N130557"],
    "followers_url": ["https://api.github.com/users/N130557/followers"],
    "following_url": ["https://api.github.com/users/N130557/following{/other_user}"],
    "gists_url": ["https://api.github.com/users/N130557/gists{/gist_id}"],
    "starred_url": ["https://api.github.com/users/N130557/starred{/owner}{/repo}"],
    "subscriptions_url": ["https://api.github.com/users/N130557/subscriptions"],
    "organizations_url": ["https://api.github.com/users/N130557/orgs"],
    "repos_url": ["https://api.github.com/users/N130557/repos"],
    "events_url": ["https://api.github.com/users/N130557/events{/privacy}"],
    "received_events_url": ["https://api.github.com/users/N130557/received_events"],
    "type": ["User"],
    "site_admin": [false]
  }
]
