[
  {
    "login": ["nhejazi"],
    "id": [8527276],
    "node_id": ["MDQ6VXNlcjg1MjcyNzY="],
    "avatar_url": ["https://avatars0.githubusercontent.com/u/8527276?v=4"],
    "gravatar_id": [""],
    "url": ["https://api.github.com/users/nhejazi"],
    "html_url": ["https://github.com/nhejazi"],
    "followers_url": ["https://api.github.com/users/nhejazi/followers"],
    "following_url": ["https://api.github.com/users/nhejazi/following{/other_user}"],
    "gists_url": ["https://api.github.com/users/nhejazi/gists{/gist_id}"],
    "starred_url": ["https://api.github.com/users/nhejazi/starred{/owner}{/repo}"],
    "subscriptions_url": ["https://api.github.com/users/nhejazi/subscriptions"],
    "organizations_url": ["https://api.github.com/users/nhejazi/orgs"],
    "repos_url": ["https://api.github.com/users/nhejazi/repos"],
    "events_url": ["https://api.github.com/users/nhejazi/events{/privacy}"],
    "received_events_url": ["https://api.github.com/users/nhejazi/received_events"],
    "type": ["User"],
    "site_admin": [false]
  }
]
