[
  {
    "login": ["optimusprime27"],
    "id": [44257764],
    "node_id": ["MDQ6VXNlcjQ0MjU3NzY0"],
    "avatar_url": ["https://avatars1.githubusercontent.com/u/44257764?v=4"],
    "gravatar_id": [""],
    "url": ["https://api.github.com/users/optimusprime27"],
    "html_url": ["https://github.com/optimusprime27"],
    "followers_url": ["https://api.github.com/users/optimusprime27/followers"],
    "following_url": ["https://api.github.com/users/optimusprime27/following{/other_user}"],
    "gists_url": ["https://api.github.com/users/optimusprime27/gists{/gist_id}"],
    "starred_url": ["https://api.github.com/users/optimusprime27/starred{/owner}{/repo}"],
    "subscriptions_url": ["https://api.github.com/users/optimusprime27/subscriptions"],
    "organizations_url": ["https://api.github.com/users/optimusprime27/orgs"],
    "repos_url": ["https://api.github.com/users/optimusprime27/repos"],
    "events_url": ["https://api.github.com/users/optimusprime27/events{/privacy}"],
    "received_events_url": ["https://api.github.com/users/optimusprime27/received_events"],
    "type": ["User"],
    "site_admin": [false]
  }
]
