[
  {
    "login": ["YTLogos"],
    "id": [17811440],
    "node_id": ["MDQ6VXNlcjE3ODExNDQw"],
    "avatar_url": ["https://avatars0.githubusercontent.com/u/17811440?v=4"],
    "gravatar_id": [""],
    "url": ["https://api.github.com/users/YTLogos"],
    "html_url": ["https://github.com/YTLogos"],
    "followers_url": ["https://api.github.com/users/YTLogos/followers"],
    "following_url": ["https://api.github.com/users/YTLogos/following{/other_user}"],
    "gists_url": ["https://api.github.com/users/YTLogos/gists{/gist_id}"],
    "starred_url": ["https://api.github.com/users/YTLogos/starred{/owner}{/repo}"],
    "subscriptions_url": ["https://api.github.com/users/YTLogos/subscriptions"],
    "organizations_url": ["https://api.github.com/users/YTLogos/orgs"],
    "repos_url": ["https://api.github.com/users/YTLogos/repos"],
    "events_url": ["https://api.github.com/users/YTLogos/events{/privacy}"],
    "received_events_url": ["https://api.github.com/users/YTLogos/received_events"],
    "type": ["User"],
    "site_admin": [false]
  }
]
