[
  {
    "login": ["locluong09"],
    "id": [28836615],
    "node_id": ["MDQ6VXNlcjI4ODM2NjE1"],
    "avatar_url": ["https://avatars3.githubusercontent.com/u/28836615?v=4"],
    "gravatar_id": [""],
    "url": ["https://api.github.com/users/locluong09"],
    "html_url": ["https://github.com/locluong09"],
    "followers_url": ["https://api.github.com/users/locluong09/followers"],
    "following_url": ["https://api.github.com/users/locluong09/following{/other_user}"],
    "gists_url": ["https://api.github.com/users/locluong09/gists{/gist_id}"],
    "starred_url": ["https://api.github.com/users/locluong09/starred{/owner}{/repo}"],
    "subscriptions_url": ["https://api.github.com/users/locluong09/subscriptions"],
    "organizations_url": ["https://api.github.com/users/locluong09/orgs"],
    "repos_url": ["https://api.github.com/users/locluong09/repos"],
    "events_url": ["https://api.github.com/users/locluong09/events{/privacy}"],
    "received_events_url": ["https://api.github.com/users/locluong09/received_events"],
    "type": ["User"],
    "site_admin": [false]
  }
]
