[
  {
    "login": ["ramapriyakp"],
    "id": [35626026],
    "node_id": ["MDQ6VXNlcjM1NjI2MDI2"],
    "avatar_url": ["https://avatars3.githubusercontent.com/u/35626026?v=4"],
    "gravatar_id": [""],
    "url": ["https://api.github.com/users/ramapriyakp"],
    "html_url": ["https://github.com/ramapriyakp"],
    "followers_url": ["https://api.github.com/users/ramapriyakp/followers"],
    "following_url": ["https://api.github.com/users/ramapriyakp/following{/other_user}"],
    "gists_url": ["https://api.github.com/users/ramapriyakp/gists{/gist_id}"],
    "starred_url": ["https://api.github.com/users/ramapriyakp/starred{/owner}{/repo}"],
    "subscriptions_url": ["https://api.github.com/users/ramapriyakp/subscriptions"],
    "organizations_url": ["https://api.github.com/users/ramapriyakp/orgs"],
    "repos_url": ["https://api.github.com/users/ramapriyakp/repos"],
    "events_url": ["https://api.github.com/users/ramapriyakp/events{/privacy}"],
    "received_events_url": ["https://api.github.com/users/ramapriyakp/received_events"],
    "type": ["User"],
    "site_admin": [false]
  }
]
