[
  {
    "login": ["MIKParadox"],
    "id": [9998928],
    "node_id": ["MDQ6VXNlcjk5OTg5Mjg="],
    "avatar_url": ["https://avatars3.githubusercontent.com/u/9998928?v=4"],
    "gravatar_id": [""],
    "url": ["https://api.github.com/users/MIKParadox"],
    "html_url": ["https://github.com/MIKParadox"],
    "followers_url": ["https://api.github.com/users/MIKParadox/followers"],
    "following_url": ["https://api.github.com/users/MIKParadox/following{/other_user}"],
    "gists_url": ["https://api.github.com/users/MIKParadox/gists{/gist_id}"],
    "starred_url": ["https://api.github.com/users/MIKParadox/starred{/owner}{/repo}"],
    "subscriptions_url": ["https://api.github.com/users/MIKParadox/subscriptions"],
    "organizations_url": ["https://api.github.com/users/MIKParadox/orgs"],
    "repos_url": ["https://api.github.com/users/MIKParadox/repos"],
    "events_url": ["https://api.github.com/users/MIKParadox/events{/privacy}"],
    "received_events_url": ["https://api.github.com/users/MIKParadox/received_events"],
    "type": ["User"],
    "site_admin": [false]
  }
]
