[
  {
    "login": ["icrtiou"],
    "id": [1643232],
    "node_id": ["MDQ6VXNlcjE2NDMyMzI="],
    "avatar_url": ["https://avatars0.githubusercontent.com/u/1643232?v=4"],
    "gravatar_id": [""],
    "url": ["https://api.github.com/users/icrtiou"],
    "html_url": ["https://github.com/icrtiou"],
    "followers_url": ["https://api.github.com/users/icrtiou/followers"],
    "following_url": ["https://api.github.com/users/icrtiou/following{/other_user}"],
    "gists_url": ["https://api.github.com/users/icrtiou/gists{/gist_id}"],
    "starred_url": ["https://api.github.com/users/icrtiou/starred{/owner}{/repo}"],
    "subscriptions_url": ["https://api.github.com/users/icrtiou/subscriptions"],
    "organizations_url": ["https://api.github.com/users/icrtiou/orgs"],
    "repos_url": ["https://api.github.com/users/icrtiou/repos"],
    "events_url": ["https://api.github.com/users/icrtiou/events{/privacy}"],
    "received_events_url": ["https://api.github.com/users/icrtiou/received_events"],
    "type": ["User"],
    "site_admin": [false]
  }
]
