[
  {
    "login": ["wellbeing18"],
    "id": [5945234],
    "node_id": ["MDQ6VXNlcjU5NDUyMzQ="],
    "avatar_url": ["https://avatars0.githubusercontent.com/u/5945234?v=4"],
    "gravatar_id": [""],
    "url": ["https://api.github.com/users/wellbeing18"],
    "html_url": ["https://github.com/wellbeing18"],
    "followers_url": ["https://api.github.com/users/wellbeing18/followers"],
    "following_url": ["https://api.github.com/users/wellbeing18/following{/other_user}"],
    "gists_url": ["https://api.github.com/users/wellbeing18/gists{/gist_id}"],
    "starred_url": ["https://api.github.com/users/wellbeing18/starred{/owner}{/repo}"],
    "subscriptions_url": ["https://api.github.com/users/wellbeing18/subscriptions"],
    "organizations_url": ["https://api.github.com/users/wellbeing18/orgs"],
    "repos_url": ["https://api.github.com/users/wellbeing18/repos"],
    "events_url": ["https://api.github.com/users/wellbeing18/events{/privacy}"],
    "received_events_url": ["https://api.github.com/users/wellbeing18/received_events"],
    "type": ["User"],
    "site_admin": [false]
  }
]
