[
  {
    "login": ["liuchenyu2012"],
    "id": [22735309],
    "node_id": ["MDQ6VXNlcjIyNzM1MzA5"],
    "avatar_url": ["https://avatars2.githubusercontent.com/u/22735309?v=4"],
    "gravatar_id": [""],
    "url": ["https://api.github.com/users/liuchenyu2012"],
    "html_url": ["https://github.com/liuchenyu2012"],
    "followers_url": ["https://api.github.com/users/liuchenyu2012/followers"],
    "following_url": ["https://api.github.com/users/liuchenyu2012/following{/other_user}"],
    "gists_url": ["https://api.github.com/users/liuchenyu2012/gists{/gist_id}"],
    "starred_url": ["https://api.github.com/users/liuchenyu2012/starred{/owner}{/repo}"],
    "subscriptions_url": ["https://api.github.com/users/liuchenyu2012/subscriptions"],
    "organizations_url": ["https://api.github.com/users/liuchenyu2012/orgs"],
    "repos_url": ["https://api.github.com/users/liuchenyu2012/repos"],
    "events_url": ["https://api.github.com/users/liuchenyu2012/events{/privacy}"],
    "received_events_url": ["https://api.github.com/users/liuchenyu2012/received_events"],
    "type": ["User"],
    "site_admin": [false]
  }
]
