[
  {
    "login": ["aybkao"],
    "id": [18064613],
    "node_id": ["MDQ6VXNlcjE4MDY0NjEz"],
    "avatar_url": ["https://avatars1.githubusercontent.com/u/18064613?v=4"],
    "gravatar_id": [""],
    "url": ["https://api.github.com/users/aybkao"],
    "html_url": ["https://github.com/aybkao"],
    "followers_url": ["https://api.github.com/users/aybkao/followers"],
    "following_url": ["https://api.github.com/users/aybkao/following{/other_user}"],
    "gists_url": ["https://api.github.com/users/aybkao/gists{/gist_id}"],
    "starred_url": ["https://api.github.com/users/aybkao/starred{/owner}{/repo}"],
    "subscriptions_url": ["https://api.github.com/users/aybkao/subscriptions"],
    "organizations_url": ["https://api.github.com/users/aybkao/orgs"],
    "repos_url": ["https://api.github.com/users/aybkao/repos"],
    "events_url": ["https://api.github.com/users/aybkao/events{/privacy}"],
    "received_events_url": ["https://api.github.com/users/aybkao/received_events"],
    "type": ["User"],
    "site_admin": [false]
  }
]
