[
  {
    "login": ["abagida"],
    "id": [16822328],
    "node_id": ["MDQ6VXNlcjE2ODIyMzI4"],
    "avatar_url": ["https://avatars0.githubusercontent.com/u/16822328?v=4"],
    "gravatar_id": [""],
    "url": ["https://api.github.com/users/abagida"],
    "html_url": ["https://github.com/abagida"],
    "followers_url": ["https://api.github.com/users/abagida/followers"],
    "following_url": ["https://api.github.com/users/abagida/following{/other_user}"],
    "gists_url": ["https://api.github.com/users/abagida/gists{/gist_id}"],
    "starred_url": ["https://api.github.com/users/abagida/starred{/owner}{/repo}"],
    "subscriptions_url": ["https://api.github.com/users/abagida/subscriptions"],
    "organizations_url": ["https://api.github.com/users/abagida/orgs"],
    "repos_url": ["https://api.github.com/users/abagida/repos"],
    "events_url": ["https://api.github.com/users/abagida/events{/privacy}"],
    "received_events_url": ["https://api.github.com/users/abagida/received_events"],
    "type": ["User"],
    "site_admin": [false]
  }
]
