[
  {
    "login": ["BlackJack01"],
    "id": [15000270],
    "node_id": ["MDQ6VXNlcjE1MDAwMjcw"],
    "avatar_url": ["https://avatars0.githubusercontent.com/u/15000270?v=4"],
    "gravatar_id": [""],
    "url": ["https://api.github.com/users/BlackJack01"],
    "html_url": ["https://github.com/BlackJack01"],
    "followers_url": ["https://api.github.com/users/BlackJack01/followers"],
    "following_url": ["https://api.github.com/users/BlackJack01/following{/other_user}"],
    "gists_url": ["https://api.github.com/users/BlackJack01/gists{/gist_id}"],
    "starred_url": ["https://api.github.com/users/BlackJack01/starred{/owner}{/repo}"],
    "subscriptions_url": ["https://api.github.com/users/BlackJack01/subscriptions"],
    "organizations_url": ["https://api.github.com/users/BlackJack01/orgs"],
    "repos_url": ["https://api.github.com/users/BlackJack01/repos"],
    "events_url": ["https://api.github.com/users/BlackJack01/events{/privacy}"],
    "received_events_url": ["https://api.github.com/users/BlackJack01/received_events"],
    "type": ["User"],
    "site_admin": [false]
  }
]
