[
  {
    "login": ["eneskemalergin"],
    "id": [7672473],
    "node_id": ["MDQ6VXNlcjc2NzI0NzM="],
    "avatar_url": ["https://avatars0.githubusercontent.com/u/7672473?v=4"],
    "gravatar_id": [""],
    "url": ["https://api.github.com/users/eneskemalergin"],
    "html_url": ["https://github.com/eneskemalergin"],
    "followers_url": ["https://api.github.com/users/eneskemalergin/followers"],
    "following_url": ["https://api.github.com/users/eneskemalergin/following{/other_user}"],
    "gists_url": ["https://api.github.com/users/eneskemalergin/gists{/gist_id}"],
    "starred_url": ["https://api.github.com/users/eneskemalergin/starred{/owner}{/repo}"],
    "subscriptions_url": ["https://api.github.com/users/eneskemalergin/subscriptions"],
    "organizations_url": ["https://api.github.com/users/eneskemalergin/orgs"],
    "repos_url": ["https://api.github.com/users/eneskemalergin/repos"],
    "events_url": ["https://api.github.com/users/eneskemalergin/events{/privacy}"],
    "received_events_url": ["https://api.github.com/users/eneskemalergin/received_events"],
    "type": ["User"],
    "site_admin": [false]
  }
]
