[
  {
    "login": ["ustechservice"],
    "id": [12740936],
    "node_id": ["MDQ6VXNlcjEyNzQwOTM2"],
    "avatar_url": ["https://avatars2.githubusercontent.com/u/12740936?v=4"],
    "gravatar_id": [""],
    "url": ["https://api.github.com/users/ustechservice"],
    "html_url": ["https://github.com/ustechservice"],
    "followers_url": ["https://api.github.com/users/ustechservice/followers"],
    "following_url": ["https://api.github.com/users/ustechservice/following{/other_user}"],
    "gists_url": ["https://api.github.com/users/ustechservice/gists{/gist_id}"],
    "starred_url": ["https://api.github.com/users/ustechservice/starred{/owner}{/repo}"],
    "subscriptions_url": ["https://api.github.com/users/ustechservice/subscriptions"],
    "organizations_url": ["https://api.github.com/users/ustechservice/orgs"],
    "repos_url": ["https://api.github.com/users/ustechservice/repos"],
    "events_url": ["https://api.github.com/users/ustechservice/events{/privacy}"],
    "received_events_url": ["https://api.github.com/users/ustechservice/received_events"],
    "type": ["User"],
    "site_admin": [false]
  }
]
