[
  {
    "login": ["Troposco"],
    "id": [5864014],
    "node_id": ["MDQ6VXNlcjU4NjQwMTQ="],
    "avatar_url": ["https://avatars0.githubusercontent.com/u/5864014?v=4"],
    "gravatar_id": [""],
    "url": ["https://api.github.com/users/Troposco"],
    "html_url": ["https://github.com/Troposco"],
    "followers_url": ["https://api.github.com/users/Troposco/followers"],
    "following_url": ["https://api.github.com/users/Troposco/following{/other_user}"],
    "gists_url": ["https://api.github.com/users/Troposco/gists{/gist_id}"],
    "starred_url": ["https://api.github.com/users/Troposco/starred{/owner}{/repo}"],
    "subscriptions_url": ["https://api.github.com/users/Troposco/subscriptions"],
    "organizations_url": ["https://api.github.com/users/Troposco/orgs"],
    "repos_url": ["https://api.github.com/users/Troposco/repos"],
    "events_url": ["https://api.github.com/users/Troposco/events{/privacy}"],
    "received_events_url": ["https://api.github.com/users/Troposco/received_events"],
    "type": ["User"],
    "site_admin": [false]
  }
]
