[
  {
    "login": ["murari-goswami"],
    "id": [8640332],
    "node_id": ["MDQ6VXNlcjg2NDAzMzI="],
    "avatar_url": ["https://avatars2.githubusercontent.com/u/8640332?v=4"],
    "gravatar_id": [""],
    "url": ["https://api.github.com/users/murari-goswami"],
    "html_url": ["https://github.com/murari-goswami"],
    "followers_url": ["https://api.github.com/users/murari-goswami/followers"],
    "following_url": ["https://api.github.com/users/murari-goswami/following{/other_user}"],
    "gists_url": ["https://api.github.com/users/murari-goswami/gists{/gist_id}"],
    "starred_url": ["https://api.github.com/users/murari-goswami/starred{/owner}{/repo}"],
    "subscriptions_url": ["https://api.github.com/users/murari-goswami/subscriptions"],
    "organizations_url": ["https://api.github.com/users/murari-goswami/orgs"],
    "repos_url": ["https://api.github.com/users/murari-goswami/repos"],
    "events_url": ["https://api.github.com/users/murari-goswami/events{/privacy}"],
    "received_events_url": ["https://api.github.com/users/murari-goswami/received_events"],
    "type": ["User"],
    "site_admin": [false]
  }
]
