[
  {
    "login": ["smamran"],
    "id": [2453604],
    "node_id": ["MDQ6VXNlcjI0NTM2MDQ="],
    "avatar_url": ["https://avatars2.githubusercontent.com/u/2453604?v=4"],
    "gravatar_id": [""],
    "url": ["https://api.github.com/users/smamran"],
    "html_url": ["https://github.com/smamran"],
    "followers_url": ["https://api.github.com/users/smamran/followers"],
    "following_url": ["https://api.github.com/users/smamran/following{/other_user}"],
    "gists_url": ["https://api.github.com/users/smamran/gists{/gist_id}"],
    "starred_url": ["https://api.github.com/users/smamran/starred{/owner}{/repo}"],
    "subscriptions_url": ["https://api.github.com/users/smamran/subscriptions"],
    "organizations_url": ["https://api.github.com/users/smamran/orgs"],
    "repos_url": ["https://api.github.com/users/smamran/repos"],
    "events_url": ["https://api.github.com/users/smamran/events{/privacy}"],
    "received_events_url": ["https://api.github.com/users/smamran/received_events"],
    "type": ["User"],
    "site_admin": [false]
  }
]
