[
  {
    "login": ["Jwarni"],
    "id": [3473622],
    "node_id": ["MDQ6VXNlcjM0NzM2MjI="],
    "avatar_url": ["https://avatars3.githubusercontent.com/u/3473622?v=4"],
    "gravatar_id": [""],
    "url": ["https://api.github.com/users/Jwarni"],
    "html_url": ["https://github.com/Jwarni"],
    "followers_url": ["https://api.github.com/users/Jwarni/followers"],
    "following_url": ["https://api.github.com/users/Jwarni/following{/other_user}"],
    "gists_url": ["https://api.github.com/users/Jwarni/gists{/gist_id}"],
    "starred_url": ["https://api.github.com/users/Jwarni/starred{/owner}{/repo}"],
    "subscriptions_url": ["https://api.github.com/users/Jwarni/subscriptions"],
    "organizations_url": ["https://api.github.com/users/Jwarni/orgs"],
    "repos_url": ["https://api.github.com/users/Jwarni/repos"],
    "events_url": ["https://api.github.com/users/Jwarni/events{/privacy}"],
    "received_events_url": ["https://api.github.com/users/Jwarni/received_events"],
    "type": ["User"],
    "site_admin": [false]
  }
]
