[
  {
    "login": ["vunb"],
    "id": [3768250],
    "node_id": ["MDQ6VXNlcjM3NjgyNTA="],
    "avatar_url": ["https://avatars2.githubusercontent.com/u/3768250?v=4"],
    "gravatar_id": [""],
    "url": ["https://api.github.com/users/vunb"],
    "html_url": ["https://github.com/vunb"],
    "followers_url": ["https://api.github.com/users/vunb/followers"],
    "following_url": ["https://api.github.com/users/vunb/following{/other_user}"],
    "gists_url": ["https://api.github.com/users/vunb/gists{/gist_id}"],
    "starred_url": ["https://api.github.com/users/vunb/starred{/owner}{/repo}"],
    "subscriptions_url": ["https://api.github.com/users/vunb/subscriptions"],
    "organizations_url": ["https://api.github.com/users/vunb/orgs"],
    "repos_url": ["https://api.github.com/users/vunb/repos"],
    "events_url": ["https://api.github.com/users/vunb/events{/privacy}"],
    "received_events_url": ["https://api.github.com/users/vunb/received_events"],
    "type": ["User"],
    "site_admin": [false]
  }
]
