[
  {
    "login": ["lokeshsoni"],
    "id": [27202916],
    "node_id": ["MDQ6VXNlcjI3MjAyOTE2"],
    "avatar_url": ["https://avatars2.githubusercontent.com/u/27202916?v=4"],
    "gravatar_id": [""],
    "url": ["https://api.github.com/users/lokeshsoni"],
    "html_url": ["https://github.com/lokeshsoni"],
    "followers_url": ["https://api.github.com/users/lokeshsoni/followers"],
    "following_url": ["https://api.github.com/users/lokeshsoni/following{/other_user}"],
    "gists_url": ["https://api.github.com/users/lokeshsoni/gists{/gist_id}"],
    "starred_url": ["https://api.github.com/users/lokeshsoni/starred{/owner}{/repo}"],
    "subscriptions_url": ["https://api.github.com/users/lokeshsoni/subscriptions"],
    "organizations_url": ["https://api.github.com/users/lokeshsoni/orgs"],
    "repos_url": ["https://api.github.com/users/lokeshsoni/repos"],
    "events_url": ["https://api.github.com/users/lokeshsoni/events{/privacy}"],
    "received_events_url": ["https://api.github.com/users/lokeshsoni/received_events"],
    "type": ["User"],
    "site_admin": [false]
  }
]
