[
  {
    "login": ["InGamba"],
    "id": [4378601],
    "node_id": ["MDQ6VXNlcjQzNzg2MDE="],
    "avatar_url": ["https://avatars0.githubusercontent.com/u/4378601?v=4"],
    "gravatar_id": [""],
    "url": ["https://api.github.com/users/InGamba"],
    "html_url": ["https://github.com/InGamba"],
    "followers_url": ["https://api.github.com/users/InGamba/followers"],
    "following_url": ["https://api.github.com/users/InGamba/following{/other_user}"],
    "gists_url": ["https://api.github.com/users/InGamba/gists{/gist_id}"],
    "starred_url": ["https://api.github.com/users/InGamba/starred{/owner}{/repo}"],
    "subscriptions_url": ["https://api.github.com/users/InGamba/subscriptions"],
    "organizations_url": ["https://api.github.com/users/InGamba/orgs"],
    "repos_url": ["https://api.github.com/users/InGamba/repos"],
    "events_url": ["https://api.github.com/users/InGamba/events{/privacy}"],
    "received_events_url": ["https://api.github.com/users/InGamba/received_events"],
    "type": ["User"],
    "site_admin": [false]
  }
]
