[
  {
    "login": ["kylepolich"],
    "id": [1054674],
    "node_id": ["MDQ6VXNlcjEwNTQ2NzQ="],
    "avatar_url": ["https://avatars0.githubusercontent.com/u/1054674?v=4"],
    "gravatar_id": [""],
    "url": ["https://api.github.com/users/kylepolich"],
    "html_url": ["https://github.com/kylepolich"],
    "followers_url": ["https://api.github.com/users/kylepolich/followers"],
    "following_url": ["https://api.github.com/users/kylepolich/following{/other_user}"],
    "gists_url": ["https://api.github.com/users/kylepolich/gists{/gist_id}"],
    "starred_url": ["https://api.github.com/users/kylepolich/starred{/owner}{/repo}"],
    "subscriptions_url": ["https://api.github.com/users/kylepolich/subscriptions"],
    "organizations_url": ["https://api.github.com/users/kylepolich/orgs"],
    "repos_url": ["https://api.github.com/users/kylepolich/repos"],
    "events_url": ["https://api.github.com/users/kylepolich/events{/privacy}"],
    "received_events_url": ["https://api.github.com/users/kylepolich/received_events"],
    "type": ["User"],
    "site_admin": [false]
  }
]
