[
  {
    "login": ["Judy-Run"],
    "id": [9280861],
    "node_id": ["MDQ6VXNlcjkyODA4NjE="],
    "avatar_url": ["https://avatars1.githubusercontent.com/u/9280861?v=4"],
    "gravatar_id": [""],
    "url": ["https://api.github.com/users/Judy-Run"],
    "html_url": ["https://github.com/Judy-Run"],
    "followers_url": ["https://api.github.com/users/Judy-Run/followers"],
    "following_url": ["https://api.github.com/users/Judy-Run/following{/other_user}"],
    "gists_url": ["https://api.github.com/users/Judy-Run/gists{/gist_id}"],
    "starred_url": ["https://api.github.com/users/Judy-Run/starred{/owner}{/repo}"],
    "subscriptions_url": ["https://api.github.com/users/Judy-Run/subscriptions"],
    "organizations_url": ["https://api.github.com/users/Judy-Run/orgs"],
    "repos_url": ["https://api.github.com/users/Judy-Run/repos"],
    "events_url": ["https://api.github.com/users/Judy-Run/events{/privacy}"],
    "received_events_url": ["https://api.github.com/users/Judy-Run/received_events"],
    "type": ["User"],
    "site_admin": [false]
  }
]
