[
  {
    "login": ["Proteusiq"],
    "id": [14926709],
    "node_id": ["MDQ6VXNlcjE0OTI2NzA5"],
    "avatar_url": ["https://avatars1.githubusercontent.com/u/14926709?v=4"],
    "gravatar_id": [""],
    "url": ["https://api.github.com/users/Proteusiq"],
    "html_url": ["https://github.com/Proteusiq"],
    "followers_url": ["https://api.github.com/users/Proteusiq/followers"],
    "following_url": ["https://api.github.com/users/Proteusiq/following{/other_user}"],
    "gists_url": ["https://api.github.com/users/Proteusiq/gists{/gist_id}"],
    "starred_url": ["https://api.github.com/users/Proteusiq/starred{/owner}{/repo}"],
    "subscriptions_url": ["https://api.github.com/users/Proteusiq/subscriptions"],
    "organizations_url": ["https://api.github.com/users/Proteusiq/orgs"],
    "repos_url": ["https://api.github.com/users/Proteusiq/repos"],
    "events_url": ["https://api.github.com/users/Proteusiq/events{/privacy}"],
    "received_events_url": ["https://api.github.com/users/Proteusiq/received_events"],
    "type": ["User"],
    "site_admin": [false]
  }
]
