[
  {
    "login": ["anis016"],
    "id": [6690216],
    "node_id": ["MDQ6VXNlcjY2OTAyMTY="],
    "avatar_url": ["https://avatars0.githubusercontent.com/u/6690216?v=4"],
    "gravatar_id": [""],
    "url": ["https://api.github.com/users/anis016"],
    "html_url": ["https://github.com/anis016"],
    "followers_url": ["https://api.github.com/users/anis016/followers"],
    "following_url": ["https://api.github.com/users/anis016/following{/other_user}"],
    "gists_url": ["https://api.github.com/users/anis016/gists{/gist_id}"],
    "starred_url": ["https://api.github.com/users/anis016/starred{/owner}{/repo}"],
    "subscriptions_url": ["https://api.github.com/users/anis016/subscriptions"],
    "organizations_url": ["https://api.github.com/users/anis016/orgs"],
    "repos_url": ["https://api.github.com/users/anis016/repos"],
    "events_url": ["https://api.github.com/users/anis016/events{/privacy}"],
    "received_events_url": ["https://api.github.com/users/anis016/received_events"],
    "type": ["User"],
    "site_admin": [false]
  }
]
