[
  {
    "login": ["matejbasic"],
    "id": [4060253],
    "node_id": ["MDQ6VXNlcjQwNjAyNTM="],
    "avatar_url": ["https://avatars1.githubusercontent.com/u/4060253?v=4"],
    "gravatar_id": [""],
    "url": ["https://api.github.com/users/matejbasic"],
    "html_url": ["https://github.com/matejbasic"],
    "followers_url": ["https://api.github.com/users/matejbasic/followers"],
    "following_url": ["https://api.github.com/users/matejbasic/following{/other_user}"],
    "gists_url": ["https://api.github.com/users/matejbasic/gists{/gist_id}"],
    "starred_url": ["https://api.github.com/users/matejbasic/starred{/owner}{/repo}"],
    "subscriptions_url": ["https://api.github.com/users/matejbasic/subscriptions"],
    "organizations_url": ["https://api.github.com/users/matejbasic/orgs"],
    "repos_url": ["https://api.github.com/users/matejbasic/repos"],
    "events_url": ["https://api.github.com/users/matejbasic/events{/privacy}"],
    "received_events_url": ["https://api.github.com/users/matejbasic/received_events"],
    "type": ["User"],
    "site_admin": [false]
  }
]
