[
  {
    "login": ["benhoff"],
    "id": [11341463],
    "node_id": ["MDQ6VXNlcjExMzQxNDYz"],
    "avatar_url": ["https://avatars0.githubusercontent.com/u/11341463?v=4"],
    "gravatar_id": [""],
    "url": ["https://api.github.com/users/benhoff"],
    "html_url": ["https://github.com/benhoff"],
    "followers_url": ["https://api.github.com/users/benhoff/followers"],
    "following_url": ["https://api.github.com/users/benhoff/following{/other_user}"],
    "gists_url": ["https://api.github.com/users/benhoff/gists{/gist_id}"],
    "starred_url": ["https://api.github.com/users/benhoff/starred{/owner}{/repo}"],
    "subscriptions_url": ["https://api.github.com/users/benhoff/subscriptions"],
    "organizations_url": ["https://api.github.com/users/benhoff/orgs"],
    "repos_url": ["https://api.github.com/users/benhoff/repos"],
    "events_url": ["https://api.github.com/users/benhoff/events{/privacy}"],
    "received_events_url": ["https://api.github.com/users/benhoff/received_events"],
    "type": ["User"],
    "site_admin": [false]
  }
]
