[
  {
    "login": ["AlenaTolubaeva"],
    "id": [25549705],
    "node_id": ["MDQ6VXNlcjI1NTQ5NzA1"],
    "avatar_url": ["https://avatars0.githubusercontent.com/u/25549705?v=4"],
    "gravatar_id": [""],
    "url": ["https://api.github.com/users/AlenaTolubaeva"],
    "html_url": ["https://github.com/AlenaTolubaeva"],
    "followers_url": ["https://api.github.com/users/AlenaTolubaeva/followers"],
    "following_url": ["https://api.github.com/users/AlenaTolubaeva/following{/other_user}"],
    "gists_url": ["https://api.github.com/users/AlenaTolubaeva/gists{/gist_id}"],
    "starred_url": ["https://api.github.com/users/AlenaTolubaeva/starred{/owner}{/repo}"],
    "subscriptions_url": ["https://api.github.com/users/AlenaTolubaeva/subscriptions"],
    "organizations_url": ["https://api.github.com/users/AlenaTolubaeva/orgs"],
    "repos_url": ["https://api.github.com/users/AlenaTolubaeva/repos"],
    "events_url": ["https://api.github.com/users/AlenaTolubaeva/events{/privacy}"],
    "received_events_url": ["https://api.github.com/users/AlenaTolubaeva/received_events"],
    "type": ["User"],
    "site_admin": [false]
  }
]
