[
  {
    "login": ["black-tea"],
    "id": [4780517],
    "node_id": ["MDQ6VXNlcjQ3ODA1MTc="],
    "avatar_url": ["https://avatars2.githubusercontent.com/u/4780517?v=4"],
    "gravatar_id": [""],
    "url": ["https://api.github.com/users/black-tea"],
    "html_url": ["https://github.com/black-tea"],
    "followers_url": ["https://api.github.com/users/black-tea/followers"],
    "following_url": ["https://api.github.com/users/black-tea/following{/other_user}"],
    "gists_url": ["https://api.github.com/users/black-tea/gists{/gist_id}"],
    "starred_url": ["https://api.github.com/users/black-tea/starred{/owner}{/repo}"],
    "subscriptions_url": ["https://api.github.com/users/black-tea/subscriptions"],
    "organizations_url": ["https://api.github.com/users/black-tea/orgs"],
    "repos_url": ["https://api.github.com/users/black-tea/repos"],
    "events_url": ["https://api.github.com/users/black-tea/events{/privacy}"],
    "received_events_url": ["https://api.github.com/users/black-tea/received_events"],
    "type": ["User"],
    "site_admin": [false]
  }
]
