[
  {
    "login": ["YazhuoDeng"],
    "id": [26940940],
    "node_id": ["MDQ6VXNlcjI2OTQwOTQw"],
    "avatar_url": ["https://avatars3.githubusercontent.com/u/26940940?v=4"],
    "gravatar_id": [""],
    "url": ["https://api.github.com/users/YazhuoDeng"],
    "html_url": ["https://github.com/YazhuoDeng"],
    "followers_url": ["https://api.github.com/users/YazhuoDeng/followers"],
    "following_url": ["https://api.github.com/users/YazhuoDeng/following{/other_user}"],
    "gists_url": ["https://api.github.com/users/YazhuoDeng/gists{/gist_id}"],
    "starred_url": ["https://api.github.com/users/YazhuoDeng/starred{/owner}{/repo}"],
    "subscriptions_url": ["https://api.github.com/users/YazhuoDeng/subscriptions"],
    "organizations_url": ["https://api.github.com/users/YazhuoDeng/orgs"],
    "repos_url": ["https://api.github.com/users/YazhuoDeng/repos"],
    "events_url": ["https://api.github.com/users/YazhuoDeng/events{/privacy}"],
    "received_events_url": ["https://api.github.com/users/YazhuoDeng/received_events"],
    "type": ["User"],
    "site_admin": [false]
  }
]
