[
  {
    "login": ["Samuelharris123"],
    "id": [17878984],
    "node_id": ["MDQ6VXNlcjE3ODc4OTg0"],
    "avatar_url": ["https://avatars2.githubusercontent.com/u/17878984?v=4"],
    "gravatar_id": [""],
    "url": ["https://api.github.com/users/Samuelharris123"],
    "html_url": ["https://github.com/Samuelharris123"],
    "followers_url": ["https://api.github.com/users/Samuelharris123/followers"],
    "following_url": ["https://api.github.com/users/Samuelharris123/following{/other_user}"],
    "gists_url": ["https://api.github.com/users/Samuelharris123/gists{/gist_id}"],
    "starred_url": ["https://api.github.com/users/Samuelharris123/starred{/owner}{/repo}"],
    "subscriptions_url": ["https://api.github.com/users/Samuelharris123/subscriptions"],
    "organizations_url": ["https://api.github.com/users/Samuelharris123/orgs"],
    "repos_url": ["https://api.github.com/users/Samuelharris123/repos"],
    "events_url": ["https://api.github.com/users/Samuelharris123/events{/privacy}"],
    "received_events_url": ["https://api.github.com/users/Samuelharris123/received_events"],
    "type": ["User"],
    "site_admin": [false]
  }
]
