[
  {
    "login": ["jithurjacob"],
    "id": [7101452],
    "node_id": ["MDQ6VXNlcjcxMDE0NTI="],
    "avatar_url": ["https://avatars0.githubusercontent.com/u/7101452?v=4"],
    "gravatar_id": [""],
    "url": ["https://api.github.com/users/jithurjacob"],
    "html_url": ["https://github.com/jithurjacob"],
    "followers_url": ["https://api.github.com/users/jithurjacob/followers"],
    "following_url": ["https://api.github.com/users/jithurjacob/following{/other_user}"],
    "gists_url": ["https://api.github.com/users/jithurjacob/gists{/gist_id}"],
    "starred_url": ["https://api.github.com/users/jithurjacob/starred{/owner}{/repo}"],
    "subscriptions_url": ["https://api.github.com/users/jithurjacob/subscriptions"],
    "organizations_url": ["https://api.github.com/users/jithurjacob/orgs"],
    "repos_url": ["https://api.github.com/users/jithurjacob/repos"],
    "events_url": ["https://api.github.com/users/jithurjacob/events{/privacy}"],
    "received_events_url": ["https://api.github.com/users/jithurjacob/received_events"],
    "type": ["User"],
    "site_admin": [false]
  }
]
