[
  {
    "login": ["kimsimple"],
    "id": [20837852],
    "node_id": ["MDQ6VXNlcjIwODM3ODUy"],
    "avatar_url": ["https://avatars3.githubusercontent.com/u/20837852?v=4"],
    "gravatar_id": [""],
    "url": ["https://api.github.com/users/kimsimple"],
    "html_url": ["https://github.com/kimsimple"],
    "followers_url": ["https://api.github.com/users/kimsimple/followers"],
    "following_url": ["https://api.github.com/users/kimsimple/following{/other_user}"],
    "gists_url": ["https://api.github.com/users/kimsimple/gists{/gist_id}"],
    "starred_url": ["https://api.github.com/users/kimsimple/starred{/owner}{/repo}"],
    "subscriptions_url": ["https://api.github.com/users/kimsimple/subscriptions"],
    "organizations_url": ["https://api.github.com/users/kimsimple/orgs"],
    "repos_url": ["https://api.github.com/users/kimsimple/repos"],
    "events_url": ["https://api.github.com/users/kimsimple/events{/privacy}"],
    "received_events_url": ["https://api.github.com/users/kimsimple/received_events"],
    "type": ["User"],
    "site_admin": [false]
  }
]
