[
  {
    "login": ["dilipkumarmaurya"],
    "id": [20794687],
    "node_id": ["MDQ6VXNlcjIwNzk0Njg3"],
    "avatar_url": ["https://avatars0.githubusercontent.com/u/20794687?v=4"],
    "gravatar_id": [""],
    "url": ["https://api.github.com/users/dilipkumarmaurya"],
    "html_url": ["https://github.com/dilipkumarmaurya"],
    "followers_url": ["https://api.github.com/users/dilipkumarmaurya/followers"],
    "following_url": ["https://api.github.com/users/dilipkumarmaurya/following{/other_user}"],
    "gists_url": ["https://api.github.com/users/dilipkumarmaurya/gists{/gist_id}"],
    "starred_url": ["https://api.github.com/users/dilipkumarmaurya/starred{/owner}{/repo}"],
    "subscriptions_url": ["https://api.github.com/users/dilipkumarmaurya/subscriptions"],
    "organizations_url": ["https://api.github.com/users/dilipkumarmaurya/orgs"],
    "repos_url": ["https://api.github.com/users/dilipkumarmaurya/repos"],
    "events_url": ["https://api.github.com/users/dilipkumarmaurya/events{/privacy}"],
    "received_events_url": ["https://api.github.com/users/dilipkumarmaurya/received_events"],
    "type": ["User"],
    "site_admin": [false]
  }
]
