[
  {
    "login": ["budtmo"],
    "id": [22218312],
    "node_id": ["MDQ6VXNlcjIyMjE4MzEy"],
    "avatar_url": ["https://avatars1.githubusercontent.com/u/22218312?v=4"],
    "gravatar_id": [""],
    "url": ["https://api.github.com/users/budtmo"],
    "html_url": ["https://github.com/budtmo"],
    "followers_url": ["https://api.github.com/users/budtmo/followers"],
    "following_url": ["https://api.github.com/users/budtmo/following{/other_user}"],
    "gists_url": ["https://api.github.com/users/budtmo/gists{/gist_id}"],
    "starred_url": ["https://api.github.com/users/budtmo/starred{/owner}{/repo}"],
    "subscriptions_url": ["https://api.github.com/users/budtmo/subscriptions"],
    "organizations_url": ["https://api.github.com/users/budtmo/orgs"],
    "repos_url": ["https://api.github.com/users/budtmo/repos"],
    "events_url": ["https://api.github.com/users/budtmo/events{/privacy}"],
    "received_events_url": ["https://api.github.com/users/budtmo/received_events"],
    "type": ["User"],
    "site_admin": [false]
  }
]
