[
  {
    "login": ["lllinx"],
    "id": [19961082],
    "node_id": ["MDQ6VXNlcjE5OTYxMDgy"],
    "avatar_url": ["https://avatars1.githubusercontent.com/u/19961082?v=4"],
    "gravatar_id": [""],
    "url": ["https://api.github.com/users/lllinx"],
    "html_url": ["https://github.com/lllinx"],
    "followers_url": ["https://api.github.com/users/lllinx/followers"],
    "following_url": ["https://api.github.com/users/lllinx/following{/other_user}"],
    "gists_url": ["https://api.github.com/users/lllinx/gists{/gist_id}"],
    "starred_url": ["https://api.github.com/users/lllinx/starred{/owner}{/repo}"],
    "subscriptions_url": ["https://api.github.com/users/lllinx/subscriptions"],
    "organizations_url": ["https://api.github.com/users/lllinx/orgs"],
    "repos_url": ["https://api.github.com/users/lllinx/repos"],
    "events_url": ["https://api.github.com/users/lllinx/events{/privacy}"],
    "received_events_url": ["https://api.github.com/users/lllinx/received_events"],
    "type": ["User"],
    "site_admin": [false]
  }
]
