[
  {
    "login": ["BiswajitMahato"],
    "id": [21958737],
    "node_id": ["MDQ6VXNlcjIxOTU4NzM3"],
    "avatar_url": ["https://avatars3.githubusercontent.com/u/21958737?v=4"],
    "gravatar_id": [""],
    "url": ["https://api.github.com/users/BiswajitMahato"],
    "html_url": ["https://github.com/BiswajitMahato"],
    "followers_url": ["https://api.github.com/users/BiswajitMahato/followers"],
    "following_url": ["https://api.github.com/users/BiswajitMahato/following{/other_user}"],
    "gists_url": ["https://api.github.com/users/BiswajitMahato/gists{/gist_id}"],
    "starred_url": ["https://api.github.com/users/BiswajitMahato/starred{/owner}{/repo}"],
    "subscriptions_url": ["https://api.github.com/users/BiswajitMahato/subscriptions"],
    "organizations_url": ["https://api.github.com/users/BiswajitMahato/orgs"],
    "repos_url": ["https://api.github.com/users/BiswajitMahato/repos"],
    "events_url": ["https://api.github.com/users/BiswajitMahato/events{/privacy}"],
    "received_events_url": ["https://api.github.com/users/BiswajitMahato/received_events"],
    "type": ["User"],
    "site_admin": [false]
  }
]
