[
  {
    "login": ["htadg"],
    "id": [13150973],
    "node_id": ["MDQ6VXNlcjEzMTUwOTcz"],
    "avatar_url": ["https://avatars0.githubusercontent.com/u/13150973?v=4"],
    "gravatar_id": [""],
    "url": ["https://api.github.com/users/htadg"],
    "html_url": ["https://github.com/htadg"],
    "followers_url": ["https://api.github.com/users/htadg/followers"],
    "following_url": ["https://api.github.com/users/htadg/following{/other_user}"],
    "gists_url": ["https://api.github.com/users/htadg/gists{/gist_id}"],
    "starred_url": ["https://api.github.com/users/htadg/starred{/owner}{/repo}"],
    "subscriptions_url": ["https://api.github.com/users/htadg/subscriptions"],
    "organizations_url": ["https://api.github.com/users/htadg/orgs"],
    "repos_url": ["https://api.github.com/users/htadg/repos"],
    "events_url": ["https://api.github.com/users/htadg/events{/privacy}"],
    "received_events_url": ["https://api.github.com/users/htadg/received_events"],
    "type": ["User"],
    "site_admin": [false]
  }
]
