[
  {
    "login": ["mshoar2006"],
    "id": [7971092],
    "node_id": ["MDQ6VXNlcjc5NzEwOTI="],
    "avatar_url": ["https://avatars1.githubusercontent.com/u/7971092?v=4"],
    "gravatar_id": [""],
    "url": ["https://api.github.com/users/mshoar2006"],
    "html_url": ["https://github.com/mshoar2006"],
    "followers_url": ["https://api.github.com/users/mshoar2006/followers"],
    "following_url": ["https://api.github.com/users/mshoar2006/following{/other_user}"],
    "gists_url": ["https://api.github.com/users/mshoar2006/gists{/gist_id}"],
    "starred_url": ["https://api.github.com/users/mshoar2006/starred{/owner}{/repo}"],
    "subscriptions_url": ["https://api.github.com/users/mshoar2006/subscriptions"],
    "organizations_url": ["https://api.github.com/users/mshoar2006/orgs"],
    "repos_url": ["https://api.github.com/users/mshoar2006/repos"],
    "events_url": ["https://api.github.com/users/mshoar2006/events{/privacy}"],
    "received_events_url": ["https://api.github.com/users/mshoar2006/received_events"],
    "type": ["User"],
    "site_admin": [false]
  }
]
