[
  {
    "login": ["Gopinath21"],
    "id": [6177354],
    "node_id": ["MDQ6VXNlcjYxNzczNTQ="],
    "avatar_url": ["https://avatars0.githubusercontent.com/u/6177354?v=4"],
    "gravatar_id": [""],
    "url": ["https://api.github.com/users/Gopinath21"],
    "html_url": ["https://github.com/Gopinath21"],
    "followers_url": ["https://api.github.com/users/Gopinath21/followers"],
    "following_url": ["https://api.github.com/users/Gopinath21/following{/other_user}"],
    "gists_url": ["https://api.github.com/users/Gopinath21/gists{/gist_id}"],
    "starred_url": ["https://api.github.com/users/Gopinath21/starred{/owner}{/repo}"],
    "subscriptions_url": ["https://api.github.com/users/Gopinath21/subscriptions"],
    "organizations_url": ["https://api.github.com/users/Gopinath21/orgs"],
    "repos_url": ["https://api.github.com/users/Gopinath21/repos"],
    "events_url": ["https://api.github.com/users/Gopinath21/events{/privacy}"],
    "received_events_url": ["https://api.github.com/users/Gopinath21/received_events"],
    "type": ["User"],
    "site_admin": [false]
  }
]
