[
  {
    "login": ["akshay-rathod"],
    "id": [24567643],
    "node_id": ["MDQ6VXNlcjI0NTY3NjQz"],
    "avatar_url": ["https://avatars2.githubusercontent.com/u/24567643?v=4"],
    "gravatar_id": [""],
    "url": ["https://api.github.com/users/akshay-rathod"],
    "html_url": ["https://github.com/akshay-rathod"],
    "followers_url": ["https://api.github.com/users/akshay-rathod/followers"],
    "following_url": ["https://api.github.com/users/akshay-rathod/following{/other_user}"],
    "gists_url": ["https://api.github.com/users/akshay-rathod/gists{/gist_id}"],
    "starred_url": ["https://api.github.com/users/akshay-rathod/starred{/owner}{/repo}"],
    "subscriptions_url": ["https://api.github.com/users/akshay-rathod/subscriptions"],
    "organizations_url": ["https://api.github.com/users/akshay-rathod/orgs"],
    "repos_url": ["https://api.github.com/users/akshay-rathod/repos"],
    "events_url": ["https://api.github.com/users/akshay-rathod/events{/privacy}"],
    "received_events_url": ["https://api.github.com/users/akshay-rathod/received_events"],
    "type": ["User"],
    "site_admin": [false]
  }
]
