[
  {
    "login": ["fabiocerqueira"],
    "id": [58733],
    "node_id": ["MDQ6VXNlcjU4NzMz"],
    "avatar_url": ["https://avatars0.githubusercontent.com/u/58733?v=4"],
    "gravatar_id": [""],
    "url": ["https://api.github.com/users/fabiocerqueira"],
    "html_url": ["https://github.com/fabiocerqueira"],
    "followers_url": ["https://api.github.com/users/fabiocerqueira/followers"],
    "following_url": ["https://api.github.com/users/fabiocerqueira/following{/other_user}"],
    "gists_url": ["https://api.github.com/users/fabiocerqueira/gists{/gist_id}"],
    "starred_url": ["https://api.github.com/users/fabiocerqueira/starred{/owner}{/repo}"],
    "subscriptions_url": ["https://api.github.com/users/fabiocerqueira/subscriptions"],
    "organizations_url": ["https://api.github.com/users/fabiocerqueira/orgs"],
    "repos_url": ["https://api.github.com/users/fabiocerqueira/repos"],
    "events_url": ["https://api.github.com/users/fabiocerqueira/events{/privacy}"],
    "received_events_url": ["https://api.github.com/users/fabiocerqueira/received_events"],
    "type": ["User"],
    "site_admin": [false]
  }
]
