[
  {
    "login": ["WangYuBo"],
    "id": [3715247],
    "node_id": ["MDQ6VXNlcjM3MTUyNDc="],
    "avatar_url": ["https://avatars3.githubusercontent.com/u/3715247?v=4"],
    "gravatar_id": [""],
    "url": ["https://api.github.com/users/WangYuBo"],
    "html_url": ["https://github.com/WangYuBo"],
    "followers_url": ["https://api.github.com/users/WangYuBo/followers"],
    "following_url": ["https://api.github.com/users/WangYuBo/following{/other_user}"],
    "gists_url": ["https://api.github.com/users/WangYuBo/gists{/gist_id}"],
    "starred_url": ["https://api.github.com/users/WangYuBo/starred{/owner}{/repo}"],
    "subscriptions_url": ["https://api.github.com/users/WangYuBo/subscriptions"],
    "organizations_url": ["https://api.github.com/users/WangYuBo/orgs"],
    "repos_url": ["https://api.github.com/users/WangYuBo/repos"],
    "events_url": ["https://api.github.com/users/WangYuBo/events{/privacy}"],
    "received_events_url": ["https://api.github.com/users/WangYuBo/received_events"],
    "type": ["User"],
    "site_admin": [false]
  }
]
