[
  {
    "login": ["liq07lzucn"],
    "id": [9391997],
    "node_id": ["MDQ6VXNlcjkzOTE5OTc="],
    "avatar_url": ["https://avatars3.githubusercontent.com/u/9391997?v=4"],
    "gravatar_id": [""],
    "url": ["https://api.github.com/users/liq07lzucn"],
    "html_url": ["https://github.com/liq07lzucn"],
    "followers_url": ["https://api.github.com/users/liq07lzucn/followers"],
    "following_url": ["https://api.github.com/users/liq07lzucn/following{/other_user}"],
    "gists_url": ["https://api.github.com/users/liq07lzucn/gists{/gist_id}"],
    "starred_url": ["https://api.github.com/users/liq07lzucn/starred{/owner}{/repo}"],
    "subscriptions_url": ["https://api.github.com/users/liq07lzucn/subscriptions"],
    "organizations_url": ["https://api.github.com/users/liq07lzucn/orgs"],
    "repos_url": ["https://api.github.com/users/liq07lzucn/repos"],
    "events_url": ["https://api.github.com/users/liq07lzucn/events{/privacy}"],
    "received_events_url": ["https://api.github.com/users/liq07lzucn/received_events"],
    "type": ["User"],
    "site_admin": [false]
  }
]
