[
  {
    "login": ["rubindersinghsandhu"],
    "id": [46024206],
    "node_id": ["MDQ6VXNlcjQ2MDI0MjA2"],
    "avatar_url": ["https://avatars1.githubusercontent.com/u/46024206?v=4"],
    "gravatar_id": [""],
    "url": ["https://api.github.com/users/rubindersinghsandhu"],
    "html_url": ["https://github.com/rubindersinghsandhu"],
    "followers_url": ["https://api.github.com/users/rubindersinghsandhu/followers"],
    "following_url": ["https://api.github.com/users/rubindersinghsandhu/following{/other_user}"],
    "gists_url": ["https://api.github.com/users/rubindersinghsandhu/gists{/gist_id}"],
    "starred_url": ["https://api.github.com/users/rubindersinghsandhu/starred{/owner}{/repo}"],
    "subscriptions_url": ["https://api.github.com/users/rubindersinghsandhu/subscriptions"],
    "organizations_url": ["https://api.github.com/users/rubindersinghsandhu/orgs"],
    "repos_url": ["https://api.github.com/users/rubindersinghsandhu/repos"],
    "events_url": ["https://api.github.com/users/rubindersinghsandhu/events{/privacy}"],
    "received_events_url": ["https://api.github.com/users/rubindersinghsandhu/received_events"],
    "type": ["User"],
    "site_admin": [false]
  }
]
