[
  {
    "login": ["ManjunathGIT"],
    "id": [6657684],
    "node_id": ["MDQ6VXNlcjY2NTc2ODQ="],
    "avatar_url": ["https://avatars2.githubusercontent.com/u/6657684?v=4"],
    "gravatar_id": [""],
    "url": ["https://api.github.com/users/ManjunathGIT"],
    "html_url": ["https://github.com/ManjunathGIT"],
    "followers_url": ["https://api.github.com/users/ManjunathGIT/followers"],
    "following_url": ["https://api.github.com/users/ManjunathGIT/following{/other_user}"],
    "gists_url": ["https://api.github.com/users/ManjunathGIT/gists{/gist_id}"],
    "starred_url": ["https://api.github.com/users/ManjunathGIT/starred{/owner}{/repo}"],
    "subscriptions_url": ["https://api.github.com/users/ManjunathGIT/subscriptions"],
    "organizations_url": ["https://api.github.com/users/ManjunathGIT/orgs"],
    "repos_url": ["https://api.github.com/users/ManjunathGIT/repos"],
    "events_url": ["https://api.github.com/users/ManjunathGIT/events{/privacy}"],
    "received_events_url": ["https://api.github.com/users/ManjunathGIT/received_events"],
    "type": ["User"],
    "site_admin": [false]
  }
]
