[
  {
    "login": ["SMony-L"],
    "id": [28117888],
    "node_id": ["MDQ6VXNlcjI4MTE3ODg4"],
    "avatar_url": ["https://avatars1.githubusercontent.com/u/28117888?v=4"],
    "gravatar_id": [""],
    "url": ["https://api.github.com/users/SMony-L"],
    "html_url": ["https://github.com/SMony-L"],
    "followers_url": ["https://api.github.com/users/SMony-L/followers"],
    "following_url": ["https://api.github.com/users/SMony-L/following{/other_user}"],
    "gists_url": ["https://api.github.com/users/SMony-L/gists{/gist_id}"],
    "starred_url": ["https://api.github.com/users/SMony-L/starred{/owner}{/repo}"],
    "subscriptions_url": ["https://api.github.com/users/SMony-L/subscriptions"],
    "organizations_url": ["https://api.github.com/users/SMony-L/orgs"],
    "repos_url": ["https://api.github.com/users/SMony-L/repos"],
    "events_url": ["https://api.github.com/users/SMony-L/events{/privacy}"],
    "received_events_url": ["https://api.github.com/users/SMony-L/received_events"],
    "type": ["User"],
    "site_admin": [false]
  }
]
