[
  {
    "login": ["samantarayprasantkumar"],
    "id": [22358198],
    "node_id": ["MDQ6VXNlcjIyMzU4MTk4"],
    "avatar_url": ["https://avatars2.githubusercontent.com/u/22358198?v=4"],
    "gravatar_id": [""],
    "url": ["https://api.github.com/users/samantarayprasantkumar"],
    "html_url": ["https://github.com/samantarayprasantkumar"],
    "followers_url": ["https://api.github.com/users/samantarayprasantkumar/followers"],
    "following_url": ["https://api.github.com/users/samantarayprasantkumar/following{/other_user}"],
    "gists_url": ["https://api.github.com/users/samantarayprasantkumar/gists{/gist_id}"],
    "starred_url": ["https://api.github.com/users/samantarayprasantkumar/starred{/owner}{/repo}"],
    "subscriptions_url": ["https://api.github.com/users/samantarayprasantkumar/subscriptions"],
    "organizations_url": ["https://api.github.com/users/samantarayprasantkumar/orgs"],
    "repos_url": ["https://api.github.com/users/samantarayprasantkumar/repos"],
    "events_url": ["https://api.github.com/users/samantarayprasantkumar/events{/privacy}"],
    "received_events_url": ["https://api.github.com/users/samantarayprasantkumar/received_events"],
    "type": ["User"],
    "site_admin": [false]
  }
]
