[
  {
    "login": ["strafe"],
    "id": [15663890],
    "node_id": ["MDQ6VXNlcjE1NjYzODkw"],
    "avatar_url": ["https://avatars0.githubusercontent.com/u/15663890?v=4"],
    "gravatar_id": [""],
    "url": ["https://api.github.com/users/strafe"],
    "html_url": ["https://github.com/strafe"],
    "followers_url": ["https://api.github.com/users/strafe/followers"],
    "following_url": ["https://api.github.com/users/strafe/following{/other_user}"],
    "gists_url": ["https://api.github.com/users/strafe/gists{/gist_id}"],
    "starred_url": ["https://api.github.com/users/strafe/starred{/owner}{/repo}"],
    "subscriptions_url": ["https://api.github.com/users/strafe/subscriptions"],
    "organizations_url": ["https://api.github.com/users/strafe/orgs"],
    "repos_url": ["https://api.github.com/users/strafe/repos"],
    "events_url": ["https://api.github.com/users/strafe/events{/privacy}"],
    "received_events_url": ["https://api.github.com/users/strafe/received_events"],
    "type": ["User"],
    "site_admin": [false]
  }
]
