[
  {
    "login": ["sunilmourya"],
    "id": [22537547],
    "node_id": ["MDQ6VXNlcjIyNTM3NTQ3"],
    "avatar_url": ["https://avatars3.githubusercontent.com/u/22537547?v=4"],
    "gravatar_id": [""],
    "url": ["https://api.github.com/users/sunilmourya"],
    "html_url": ["https://github.com/sunilmourya"],
    "followers_url": ["https://api.github.com/users/sunilmourya/followers"],
    "following_url": ["https://api.github.com/users/sunilmourya/following{/other_user}"],
    "gists_url": ["https://api.github.com/users/sunilmourya/gists{/gist_id}"],
    "starred_url": ["https://api.github.com/users/sunilmourya/starred{/owner}{/repo}"],
    "subscriptions_url": ["https://api.github.com/users/sunilmourya/subscriptions"],
    "organizations_url": ["https://api.github.com/users/sunilmourya/orgs"],
    "repos_url": ["https://api.github.com/users/sunilmourya/repos"],
    "events_url": ["https://api.github.com/users/sunilmourya/events{/privacy}"],
    "received_events_url": ["https://api.github.com/users/sunilmourya/received_events"],
    "type": ["User"],
    "site_admin": [false]
  }
]
