[
  {
    "login": ["sandeepanand"],
    "id": [22769686],
    "node_id": ["MDQ6VXNlcjIyNzY5Njg2"],
    "avatar_url": ["https://avatars1.githubusercontent.com/u/22769686?v=4"],
    "gravatar_id": [""],
    "url": ["https://api.github.com/users/sandeepanand"],
    "html_url": ["https://github.com/sandeepanand"],
    "followers_url": ["https://api.github.com/users/sandeepanand/followers"],
    "following_url": ["https://api.github.com/users/sandeepanand/following{/other_user}"],
    "gists_url": ["https://api.github.com/users/sandeepanand/gists{/gist_id}"],
    "starred_url": ["https://api.github.com/users/sandeepanand/starred{/owner}{/repo}"],
    "subscriptions_url": ["https://api.github.com/users/sandeepanand/subscriptions"],
    "organizations_url": ["https://api.github.com/users/sandeepanand/orgs"],
    "repos_url": ["https://api.github.com/users/sandeepanand/repos"],
    "events_url": ["https://api.github.com/users/sandeepanand/events{/privacy}"],
    "received_events_url": ["https://api.github.com/users/sandeepanand/received_events"],
    "type": ["User"],
    "site_admin": [false]
  }
]
