[
  {
    "login": ["jojoramos"],
    "id": [45288610],
    "node_id": ["MDQ6VXNlcjQ1Mjg4NjEw"],
    "avatar_url": ["https://avatars2.githubusercontent.com/u/45288610?v=4"],
    "gravatar_id": [""],
    "url": ["https://api.github.com/users/jojoramos"],
    "html_url": ["https://github.com/jojoramos"],
    "followers_url": ["https://api.github.com/users/jojoramos/followers"],
    "following_url": ["https://api.github.com/users/jojoramos/following{/other_user}"],
    "gists_url": ["https://api.github.com/users/jojoramos/gists{/gist_id}"],
    "starred_url": ["https://api.github.com/users/jojoramos/starred{/owner}{/repo}"],
    "subscriptions_url": ["https://api.github.com/users/jojoramos/subscriptions"],
    "organizations_url": ["https://api.github.com/users/jojoramos/orgs"],
    "repos_url": ["https://api.github.com/users/jojoramos/repos"],
    "events_url": ["https://api.github.com/users/jojoramos/events{/privacy}"],
    "received_events_url": ["https://api.github.com/users/jojoramos/received_events"],
    "type": ["User"],
    "site_admin": [false]
  }
]
