[
  {
    "login": ["moughamir"],
    "id": [8163598],
    "node_id": ["MDQ6VXNlcjgxNjM1OTg="],
    "avatar_url": ["https://avatars3.githubusercontent.com/u/8163598?v=4"],
    "gravatar_id": [""],
    "url": ["https://api.github.com/users/moughamir"],
    "html_url": ["https://github.com/moughamir"],
    "followers_url": ["https://api.github.com/users/moughamir/followers"],
    "following_url": ["https://api.github.com/users/moughamir/following{/other_user}"],
    "gists_url": ["https://api.github.com/users/moughamir/gists{/gist_id}"],
    "starred_url": ["https://api.github.com/users/moughamir/starred{/owner}{/repo}"],
    "subscriptions_url": ["https://api.github.com/users/moughamir/subscriptions"],
    "organizations_url": ["https://api.github.com/users/moughamir/orgs"],
    "repos_url": ["https://api.github.com/users/moughamir/repos"],
    "events_url": ["https://api.github.com/users/moughamir/events{/privacy}"],
    "received_events_url": ["https://api.github.com/users/moughamir/received_events"],
    "type": ["User"],
    "site_admin": [false]
  }
]
