[
  {
    "login": ["anildyk"],
    "id": [13611410],
    "node_id": ["MDQ6VXNlcjEzNjExNDEw"],
    "avatar_url": ["https://avatars2.githubusercontent.com/u/13611410?v=4"],
    "gravatar_id": [""],
    "url": ["https://api.github.com/users/anildyk"],
    "html_url": ["https://github.com/anildyk"],
    "followers_url": ["https://api.github.com/users/anildyk/followers"],
    "following_url": ["https://api.github.com/users/anildyk/following{/other_user}"],
    "gists_url": ["https://api.github.com/users/anildyk/gists{/gist_id}"],
    "starred_url": ["https://api.github.com/users/anildyk/starred{/owner}{/repo}"],
    "subscriptions_url": ["https://api.github.com/users/anildyk/subscriptions"],
    "organizations_url": ["https://api.github.com/users/anildyk/orgs"],
    "repos_url": ["https://api.github.com/users/anildyk/repos"],
    "events_url": ["https://api.github.com/users/anildyk/events{/privacy}"],
    "received_events_url": ["https://api.github.com/users/anildyk/received_events"],
    "type": ["User"],
    "site_admin": [false]
  }
]
