[
  {
    "login": ["sheltowt"],
    "id": [2442663],
    "node_id": ["MDQ6VXNlcjI0NDI2NjM="],
    "avatar_url": ["https://avatars2.githubusercontent.com/u/2442663?v=4"],
    "gravatar_id": [""],
    "url": ["https://api.github.com/users/sheltowt"],
    "html_url": ["https://github.com/sheltowt"],
    "followers_url": ["https://api.github.com/users/sheltowt/followers"],
    "following_url": ["https://api.github.com/users/sheltowt/following{/other_user}"],
    "gists_url": ["https://api.github.com/users/sheltowt/gists{/gist_id}"],
    "starred_url": ["https://api.github.com/users/sheltowt/starred{/owner}{/repo}"],
    "subscriptions_url": ["https://api.github.com/users/sheltowt/subscriptions"],
    "organizations_url": ["https://api.github.com/users/sheltowt/orgs"],
    "repos_url": ["https://api.github.com/users/sheltowt/repos"],
    "events_url": ["https://api.github.com/users/sheltowt/events{/privacy}"],
    "received_events_url": ["https://api.github.com/users/sheltowt/received_events"],
    "type": ["User"],
    "site_admin": [false]
  }
]
