[
  {
    "login": ["divyanshu-rawat"],
    "id": [13464678],
    "node_id": ["MDQ6VXNlcjEzNDY0Njc4"],
    "avatar_url": ["https://avatars3.githubusercontent.com/u/13464678?v=4"],
    "gravatar_id": [""],
    "url": ["https://api.github.com/users/divyanshu-rawat"],
    "html_url": ["https://github.com/divyanshu-rawat"],
    "followers_url": ["https://api.github.com/users/divyanshu-rawat/followers"],
    "following_url": ["https://api.github.com/users/divyanshu-rawat/following{/other_user}"],
    "gists_url": ["https://api.github.com/users/divyanshu-rawat/gists{/gist_id}"],
    "starred_url": ["https://api.github.com/users/divyanshu-rawat/starred{/owner}{/repo}"],
    "subscriptions_url": ["https://api.github.com/users/divyanshu-rawat/subscriptions"],
    "organizations_url": ["https://api.github.com/users/divyanshu-rawat/orgs"],
    "repos_url": ["https://api.github.com/users/divyanshu-rawat/repos"],
    "events_url": ["https://api.github.com/users/divyanshu-rawat/events{/privacy}"],
    "received_events_url": ["https://api.github.com/users/divyanshu-rawat/received_events"],
    "type": ["User"],
    "site_admin": [false]
  }
]
