[
  {
    "login": ["SvenGege"],
    "id": [30181146],
    "node_id": ["MDQ6VXNlcjMwMTgxMTQ2"],
    "avatar_url": ["https://avatars2.githubusercontent.com/u/30181146?v=4"],
    "gravatar_id": [""],
    "url": ["https://api.github.com/users/SvenGege"],
    "html_url": ["https://github.com/SvenGege"],
    "followers_url": ["https://api.github.com/users/SvenGege/followers"],
    "following_url": ["https://api.github.com/users/SvenGege/following{/other_user}"],
    "gists_url": ["https://api.github.com/users/SvenGege/gists{/gist_id}"],
    "starred_url": ["https://api.github.com/users/SvenGege/starred{/owner}{/repo}"],
    "subscriptions_url": ["https://api.github.com/users/SvenGege/subscriptions"],
    "organizations_url": ["https://api.github.com/users/SvenGege/orgs"],
    "repos_url": ["https://api.github.com/users/SvenGege/repos"],
    "events_url": ["https://api.github.com/users/SvenGege/events{/privacy}"],
    "received_events_url": ["https://api.github.com/users/SvenGege/received_events"],
    "type": ["User"],
    "site_admin": [false]
  }
]
