[
  {
    "login": ["mrSekom"],
    "id": [34239304],
    "node_id": ["MDQ6VXNlcjM0MjM5MzA0"],
    "avatar_url": ["https://avatars0.githubusercontent.com/u/34239304?v=4"],
    "gravatar_id": [""],
    "url": ["https://api.github.com/users/mrSekom"],
    "html_url": ["https://github.com/mrSekom"],
    "followers_url": ["https://api.github.com/users/mrSekom/followers"],
    "following_url": ["https://api.github.com/users/mrSekom/following{/other_user}"],
    "gists_url": ["https://api.github.com/users/mrSekom/gists{/gist_id}"],
    "starred_url": ["https://api.github.com/users/mrSekom/starred{/owner}{/repo}"],
    "subscriptions_url": ["https://api.github.com/users/mrSekom/subscriptions"],
    "organizations_url": ["https://api.github.com/users/mrSekom/orgs"],
    "repos_url": ["https://api.github.com/users/mrSekom/repos"],
    "events_url": ["https://api.github.com/users/mrSekom/events{/privacy}"],
    "received_events_url": ["https://api.github.com/users/mrSekom/received_events"],
    "type": ["User"],
    "site_admin": [false]
  }
]
