[
  {
    "login": ["pygaganthon"],
    "id": [24483162],
    "node_id": ["MDQ6VXNlcjI0NDgzMTYy"],
    "avatar_url": ["https://avatars1.githubusercontent.com/u/24483162?v=4"],
    "gravatar_id": [""],
    "url": ["https://api.github.com/users/pygaganthon"],
    "html_url": ["https://github.com/pygaganthon"],
    "followers_url": ["https://api.github.com/users/pygaganthon/followers"],
    "following_url": ["https://api.github.com/users/pygaganthon/following{/other_user}"],
    "gists_url": ["https://api.github.com/users/pygaganthon/gists{/gist_id}"],
    "starred_url": ["https://api.github.com/users/pygaganthon/starred{/owner}{/repo}"],
    "subscriptions_url": ["https://api.github.com/users/pygaganthon/subscriptions"],
    "organizations_url": ["https://api.github.com/users/pygaganthon/orgs"],
    "repos_url": ["https://api.github.com/users/pygaganthon/repos"],
    "events_url": ["https://api.github.com/users/pygaganthon/events{/privacy}"],
    "received_events_url": ["https://api.github.com/users/pygaganthon/received_events"],
    "type": ["User"],
    "site_admin": [false]
  }
]
