[
  {
    "login": ["Milifeifei"],
    "id": [23088613],
    "node_id": ["MDQ6VXNlcjIzMDg4NjEz"],
    "avatar_url": ["https://avatars0.githubusercontent.com/u/23088613?v=4"],
    "gravatar_id": [""],
    "url": ["https://api.github.com/users/Milifeifei"],
    "html_url": ["https://github.com/Milifeifei"],
    "followers_url": ["https://api.github.com/users/Milifeifei/followers"],
    "following_url": ["https://api.github.com/users/Milifeifei/following{/other_user}"],
    "gists_url": ["https://api.github.com/users/Milifeifei/gists{/gist_id}"],
    "starred_url": ["https://api.github.com/users/Milifeifei/starred{/owner}{/repo}"],
    "subscriptions_url": ["https://api.github.com/users/Milifeifei/subscriptions"],
    "organizations_url": ["https://api.github.com/users/Milifeifei/orgs"],
    "repos_url": ["https://api.github.com/users/Milifeifei/repos"],
    "events_url": ["https://api.github.com/users/Milifeifei/events{/privacy}"],
    "received_events_url": ["https://api.github.com/users/Milifeifei/received_events"],
    "type": ["User"],
    "site_admin": [false]
  }
]
