[
  {
    "login": ["master-0098"],
    "id": [26199927],
    "node_id": ["MDQ6VXNlcjI2MTk5OTI3"],
    "avatar_url": ["https://avatars2.githubusercontent.com/u/26199927?v=4"],
    "gravatar_id": [""],
    "url": ["https://api.github.com/users/master-0098"],
    "html_url": ["https://github.com/master-0098"],
    "followers_url": ["https://api.github.com/users/master-0098/followers"],
    "following_url": ["https://api.github.com/users/master-0098/following{/other_user}"],
    "gists_url": ["https://api.github.com/users/master-0098/gists{/gist_id}"],
    "starred_url": ["https://api.github.com/users/master-0098/starred{/owner}{/repo}"],
    "subscriptions_url": ["https://api.github.com/users/master-0098/subscriptions"],
    "organizations_url": ["https://api.github.com/users/master-0098/orgs"],
    "repos_url": ["https://api.github.com/users/master-0098/repos"],
    "events_url": ["https://api.github.com/users/master-0098/events{/privacy}"],
    "received_events_url": ["https://api.github.com/users/master-0098/received_events"],
    "type": ["User"],
    "site_admin": [false]
  }
]
