[
  {
    "login": ["Noor-ALHassan"],
    "id": [8110621],
    "node_id": ["MDQ6VXNlcjgxMTA2MjE="],
    "avatar_url": ["https://avatars2.githubusercontent.com/u/8110621?v=4"],
    "gravatar_id": [""],
    "url": ["https://api.github.com/users/Noor-ALHassan"],
    "html_url": ["https://github.com/Noor-ALHassan"],
    "followers_url": ["https://api.github.com/users/Noor-ALHassan/followers"],
    "following_url": ["https://api.github.com/users/Noor-ALHassan/following{/other_user}"],
    "gists_url": ["https://api.github.com/users/Noor-ALHassan/gists{/gist_id}"],
    "starred_url": ["https://api.github.com/users/Noor-ALHassan/starred{/owner}{/repo}"],
    "subscriptions_url": ["https://api.github.com/users/Noor-ALHassan/subscriptions"],
    "organizations_url": ["https://api.github.com/users/Noor-ALHassan/orgs"],
    "repos_url": ["https://api.github.com/users/Noor-ALHassan/repos"],
    "events_url": ["https://api.github.com/users/Noor-ALHassan/events{/privacy}"],
    "received_events_url": ["https://api.github.com/users/Noor-ALHassan/received_events"],
    "type": ["User"],
    "site_admin": [false]
  }
]
