[
  {
    "login": ["ibnahmadbello"],
    "id": [14893581],
    "node_id": ["MDQ6VXNlcjE0ODkzNTgx"],
    "avatar_url": ["https://avatars3.githubusercontent.com/u/14893581?v=4"],
    "gravatar_id": [""],
    "url": ["https://api.github.com/users/ibnahmadbello"],
    "html_url": ["https://github.com/ibnahmadbello"],
    "followers_url": ["https://api.github.com/users/ibnahmadbello/followers"],
    "following_url": ["https://api.github.com/users/ibnahmadbello/following{/other_user}"],
    "gists_url": ["https://api.github.com/users/ibnahmadbello/gists{/gist_id}"],
    "starred_url": ["https://api.github.com/users/ibnahmadbello/starred{/owner}{/repo}"],
    "subscriptions_url": ["https://api.github.com/users/ibnahmadbello/subscriptions"],
    "organizations_url": ["https://api.github.com/users/ibnahmadbello/orgs"],
    "repos_url": ["https://api.github.com/users/ibnahmadbello/repos"],
    "events_url": ["https://api.github.com/users/ibnahmadbello/events{/privacy}"],
    "received_events_url": ["https://api.github.com/users/ibnahmadbello/received_events"],
    "type": ["User"],
    "site_admin": [false]
  }
]
