[
  {
    "login": ["achillessaxby"],
    "id": [21346834],
    "node_id": ["MDQ6VXNlcjIxMzQ2ODM0"],
    "avatar_url": ["https://avatars2.githubusercontent.com/u/21346834?v=4"],
    "gravatar_id": [""],
    "url": ["https://api.github.com/users/achillessaxby"],
    "html_url": ["https://github.com/achillessaxby"],
    "followers_url": ["https://api.github.com/users/achillessaxby/followers"],
    "following_url": ["https://api.github.com/users/achillessaxby/following{/other_user}"],
    "gists_url": ["https://api.github.com/users/achillessaxby/gists{/gist_id}"],
    "starred_url": ["https://api.github.com/users/achillessaxby/starred{/owner}{/repo}"],
    "subscriptions_url": ["https://api.github.com/users/achillessaxby/subscriptions"],
    "organizations_url": ["https://api.github.com/users/achillessaxby/orgs"],
    "repos_url": ["https://api.github.com/users/achillessaxby/repos"],
    "events_url": ["https://api.github.com/users/achillessaxby/events{/privacy}"],
    "received_events_url": ["https://api.github.com/users/achillessaxby/received_events"],
    "type": ["User"],
    "site_admin": [false]
  }
]
