[
  {
    "login": ["acmisiti"],
    "id": [259050],
    "node_id": ["MDQ6VXNlcjI1OTA1MA=="],
    "avatar_url": ["https://avatars1.githubusercontent.com/u/259050?v=4"],
    "gravatar_id": [""],
    "url": ["https://api.github.com/users/acmisiti"],
    "html_url": ["https://github.com/acmisiti"],
    "followers_url": ["https://api.github.com/users/acmisiti/followers"],
    "following_url": ["https://api.github.com/users/acmisiti/following{/other_user}"],
    "gists_url": ["https://api.github.com/users/acmisiti/gists{/gist_id}"],
    "starred_url": ["https://api.github.com/users/acmisiti/starred{/owner}{/repo}"],
    "subscriptions_url": ["https://api.github.com/users/acmisiti/subscriptions"],
    "organizations_url": ["https://api.github.com/users/acmisiti/orgs"],
    "repos_url": ["https://api.github.com/users/acmisiti/repos"],
    "events_url": ["https://api.github.com/users/acmisiti/events{/privacy}"],
    "received_events_url": ["https://api.github.com/users/acmisiti/received_events"],
    "type": ["User"],
    "site_admin": [false]
  }
]
