[
  {
    "login": ["1997vishalrao"],
    "id": [22426658],
    "node_id": ["MDQ6VXNlcjIyNDI2NjU4"],
    "avatar_url": ["https://avatars1.githubusercontent.com/u/22426658?v=4"],
    "gravatar_id": [""],
    "url": ["https://api.github.com/users/1997vishalrao"],
    "html_url": ["https://github.com/1997vishalrao"],
    "followers_url": ["https://api.github.com/users/1997vishalrao/followers"],
    "following_url": ["https://api.github.com/users/1997vishalrao/following{/other_user}"],
    "gists_url": ["https://api.github.com/users/1997vishalrao/gists{/gist_id}"],
    "starred_url": ["https://api.github.com/users/1997vishalrao/starred{/owner}{/repo}"],
    "subscriptions_url": ["https://api.github.com/users/1997vishalrao/subscriptions"],
    "organizations_url": ["https://api.github.com/users/1997vishalrao/orgs"],
    "repos_url": ["https://api.github.com/users/1997vishalrao/repos"],
    "events_url": ["https://api.github.com/users/1997vishalrao/events{/privacy}"],
    "received_events_url": ["https://api.github.com/users/1997vishalrao/received_events"],
    "type": ["User"],
    "site_admin": [false]
  }
]
