[
  {
    "login": ["quarbby"],
    "id": [1669598],
    "node_id": ["MDQ6VXNlcjE2Njk1OTg="],
    "avatar_url": ["https://avatars3.githubusercontent.com/u/1669598?v=4"],
    "gravatar_id": [""],
    "url": ["https://api.github.com/users/quarbby"],
    "html_url": ["https://github.com/quarbby"],
    "followers_url": ["https://api.github.com/users/quarbby/followers"],
    "following_url": ["https://api.github.com/users/quarbby/following{/other_user}"],
    "gists_url": ["https://api.github.com/users/quarbby/gists{/gist_id}"],
    "starred_url": ["https://api.github.com/users/quarbby/starred{/owner}{/repo}"],
    "subscriptions_url": ["https://api.github.com/users/quarbby/subscriptions"],
    "organizations_url": ["https://api.github.com/users/quarbby/orgs"],
    "repos_url": ["https://api.github.com/users/quarbby/repos"],
    "events_url": ["https://api.github.com/users/quarbby/events{/privacy}"],
    "received_events_url": ["https://api.github.com/users/quarbby/received_events"],
    "type": ["User"],
    "site_admin": [false]
  }
]
