[
  {
    "login": ["wainshine"],
    "id": [3929807],
    "node_id": ["MDQ6VXNlcjM5Mjk4MDc="],
    "avatar_url": ["https://avatars2.githubusercontent.com/u/3929807?v=4"],
    "gravatar_id": [""],
    "url": ["https://api.github.com/users/wainshine"],
    "html_url": ["https://github.com/wainshine"],
    "followers_url": ["https://api.github.com/users/wainshine/followers"],
    "following_url": ["https://api.github.com/users/wainshine/following{/other_user}"],
    "gists_url": ["https://api.github.com/users/wainshine/gists{/gist_id}"],
    "starred_url": ["https://api.github.com/users/wainshine/starred{/owner}{/repo}"],
    "subscriptions_url": ["https://api.github.com/users/wainshine/subscriptions"],
    "organizations_url": ["https://api.github.com/users/wainshine/orgs"],
    "repos_url": ["https://api.github.com/users/wainshine/repos"],
    "events_url": ["https://api.github.com/users/wainshine/events{/privacy}"],
    "received_events_url": ["https://api.github.com/users/wainshine/received_events"],
    "type": ["User"],
    "site_admin": [false]
  }
]
