[
  {
    "login": ["GCoe"],
    "id": [9327726],
    "node_id": ["MDQ6VXNlcjkzMjc3MjY="],
    "avatar_url": ["https://avatars3.githubusercontent.com/u/9327726?v=4"],
    "gravatar_id": [""],
    "url": ["https://api.github.com/users/GCoe"],
    "html_url": ["https://github.com/GCoe"],
    "followers_url": ["https://api.github.com/users/GCoe/followers"],
    "following_url": ["https://api.github.com/users/GCoe/following{/other_user}"],
    "gists_url": ["https://api.github.com/users/GCoe/gists{/gist_id}"],
    "starred_url": ["https://api.github.com/users/GCoe/starred{/owner}{/repo}"],
    "subscriptions_url": ["https://api.github.com/users/GCoe/subscriptions"],
    "organizations_url": ["https://api.github.com/users/GCoe/orgs"],
    "repos_url": ["https://api.github.com/users/GCoe/repos"],
    "events_url": ["https://api.github.com/users/GCoe/events{/privacy}"],
    "received_events_url": ["https://api.github.com/users/GCoe/received_events"],
    "type": ["User"],
    "site_admin": [false]
  }
]
