[
  {
    "login": ["murilodaluz"],
    "id": [1851182],
    "node_id": ["MDQ6VXNlcjE4NTExODI="],
    "avatar_url": ["https://avatars3.githubusercontent.com/u/1851182?v=4"],
    "gravatar_id": [""],
    "url": ["https://api.github.com/users/murilodaluz"],
    "html_url": ["https://github.com/murilodaluz"],
    "followers_url": ["https://api.github.com/users/murilodaluz/followers"],
    "following_url": ["https://api.github.com/users/murilodaluz/following{/other_user}"],
    "gists_url": ["https://api.github.com/users/murilodaluz/gists{/gist_id}"],
    "starred_url": ["https://api.github.com/users/murilodaluz/starred{/owner}{/repo}"],
    "subscriptions_url": ["https://api.github.com/users/murilodaluz/subscriptions"],
    "organizations_url": ["https://api.github.com/users/murilodaluz/orgs"],
    "repos_url": ["https://api.github.com/users/murilodaluz/repos"],
    "events_url": ["https://api.github.com/users/murilodaluz/events{/privacy}"],
    "received_events_url": ["https://api.github.com/users/murilodaluz/received_events"],
    "type": ["User"],
    "site_admin": [false]
  }
]
