[
  {
    "login": ["ashriredy"],
    "id": [5827632],
    "node_id": ["MDQ6VXNlcjU4Mjc2MzI="],
    "avatar_url": ["https://avatars2.githubusercontent.com/u/5827632?v=4"],
    "gravatar_id": [""],
    "url": ["https://api.github.com/users/ashriredy"],
    "html_url": ["https://github.com/ashriredy"],
    "followers_url": ["https://api.github.com/users/ashriredy/followers"],
    "following_url": ["https://api.github.com/users/ashriredy/following{/other_user}"],
    "gists_url": ["https://api.github.com/users/ashriredy/gists{/gist_id}"],
    "starred_url": ["https://api.github.com/users/ashriredy/starred{/owner}{/repo}"],
    "subscriptions_url": ["https://api.github.com/users/ashriredy/subscriptions"],
    "organizations_url": ["https://api.github.com/users/ashriredy/orgs"],
    "repos_url": ["https://api.github.com/users/ashriredy/repos"],
    "events_url": ["https://api.github.com/users/ashriredy/events{/privacy}"],
    "received_events_url": ["https://api.github.com/users/ashriredy/received_events"],
    "type": ["User"],
    "site_admin": [false]
  }
]
