[
  {
    "login": ["ishantbansal"],
    "id": [22516316],
    "node_id": ["MDQ6VXNlcjIyNTE2MzE2"],
    "avatar_url": ["https://avatars2.githubusercontent.com/u/22516316?v=4"],
    "gravatar_id": [""],
    "url": ["https://api.github.com/users/ishantbansal"],
    "html_url": ["https://github.com/ishantbansal"],
    "followers_url": ["https://api.github.com/users/ishantbansal/followers"],
    "following_url": ["https://api.github.com/users/ishantbansal/following{/other_user}"],
    "gists_url": ["https://api.github.com/users/ishantbansal/gists{/gist_id}"],
    "starred_url": ["https://api.github.com/users/ishantbansal/starred{/owner}{/repo}"],
    "subscriptions_url": ["https://api.github.com/users/ishantbansal/subscriptions"],
    "organizations_url": ["https://api.github.com/users/ishantbansal/orgs"],
    "repos_url": ["https://api.github.com/users/ishantbansal/repos"],
    "events_url": ["https://api.github.com/users/ishantbansal/events{/privacy}"],
    "received_events_url": ["https://api.github.com/users/ishantbansal/received_events"],
    "type": ["User"],
    "site_admin": [false]
  }
]
