[
  {
    "login": ["zxlwrz"],
    "id": [18588366],
    "node_id": ["MDQ6VXNlcjE4NTg4MzY2"],
    "avatar_url": ["https://avatars3.githubusercontent.com/u/18588366?v=4"],
    "gravatar_id": [""],
    "url": ["https://api.github.com/users/zxlwrz"],
    "html_url": ["https://github.com/zxlwrz"],
    "followers_url": ["https://api.github.com/users/zxlwrz/followers"],
    "following_url": ["https://api.github.com/users/zxlwrz/following{/other_user}"],
    "gists_url": ["https://api.github.com/users/zxlwrz/gists{/gist_id}"],
    "starred_url": ["https://api.github.com/users/zxlwrz/starred{/owner}{/repo}"],
    "subscriptions_url": ["https://api.github.com/users/zxlwrz/subscriptions"],
    "organizations_url": ["https://api.github.com/users/zxlwrz/orgs"],
    "repos_url": ["https://api.github.com/users/zxlwrz/repos"],
    "events_url": ["https://api.github.com/users/zxlwrz/events{/privacy}"],
    "received_events_url": ["https://api.github.com/users/zxlwrz/received_events"],
    "type": ["User"],
    "site_admin": [false]
  }
]
