[
  {
    "login": ["Grammos"],
    "id": [9820550],
    "node_id": ["MDQ6VXNlcjk4MjA1NTA="],
    "avatar_url": ["https://avatars0.githubusercontent.com/u/9820550?v=4"],
    "gravatar_id": [""],
    "url": ["https://api.github.com/users/Grammos"],
    "html_url": ["https://github.com/Grammos"],
    "followers_url": ["https://api.github.com/users/Grammos/followers"],
    "following_url": ["https://api.github.com/users/Grammos/following{/other_user}"],
    "gists_url": ["https://api.github.com/users/Grammos/gists{/gist_id}"],
    "starred_url": ["https://api.github.com/users/Grammos/starred{/owner}{/repo}"],
    "subscriptions_url": ["https://api.github.com/users/Grammos/subscriptions"],
    "organizations_url": ["https://api.github.com/users/Grammos/orgs"],
    "repos_url": ["https://api.github.com/users/Grammos/repos"],
    "events_url": ["https://api.github.com/users/Grammos/events{/privacy}"],
    "received_events_url": ["https://api.github.com/users/Grammos/received_events"],
    "type": ["User"],
    "site_admin": [false]
  }
]
