[
  {
    "login": ["JinHwanJung"],
    "id": [14274463],
    "node_id": ["MDQ6VXNlcjE0Mjc0NDYz"],
    "avatar_url": ["https://avatars1.githubusercontent.com/u/14274463?v=4"],
    "gravatar_id": [""],
    "url": ["https://api.github.com/users/JinHwanJung"],
    "html_url": ["https://github.com/JinHwanJung"],
    "followers_url": ["https://api.github.com/users/JinHwanJung/followers"],
    "following_url": ["https://api.github.com/users/JinHwanJung/following{/other_user}"],
    "gists_url": ["https://api.github.com/users/JinHwanJung/gists{/gist_id}"],
    "starred_url": ["https://api.github.com/users/JinHwanJung/starred{/owner}{/repo}"],
    "subscriptions_url": ["https://api.github.com/users/JinHwanJung/subscriptions"],
    "organizations_url": ["https://api.github.com/users/JinHwanJung/orgs"],
    "repos_url": ["https://api.github.com/users/JinHwanJung/repos"],
    "events_url": ["https://api.github.com/users/JinHwanJung/events{/privacy}"],
    "received_events_url": ["https://api.github.com/users/JinHwanJung/received_events"],
    "type": ["User"],
    "site_admin": [false]
  }
]
