[
  {
    "login": ["jatin-khurana"],
    "id": [16467796],
    "node_id": ["MDQ6VXNlcjE2NDY3Nzk2"],
    "avatar_url": ["https://avatars3.githubusercontent.com/u/16467796?v=4"],
    "gravatar_id": [""],
    "url": ["https://api.github.com/users/jatin-khurana"],
    "html_url": ["https://github.com/jatin-khurana"],
    "followers_url": ["https://api.github.com/users/jatin-khurana/followers"],
    "following_url": ["https://api.github.com/users/jatin-khurana/following{/other_user}"],
    "gists_url": ["https://api.github.com/users/jatin-khurana/gists{/gist_id}"],
    "starred_url": ["https://api.github.com/users/jatin-khurana/starred{/owner}{/repo}"],
    "subscriptions_url": ["https://api.github.com/users/jatin-khurana/subscriptions"],
    "organizations_url": ["https://api.github.com/users/jatin-khurana/orgs"],
    "repos_url": ["https://api.github.com/users/jatin-khurana/repos"],
    "events_url": ["https://api.github.com/users/jatin-khurana/events{/privacy}"],
    "received_events_url": ["https://api.github.com/users/jatin-khurana/received_events"],
    "type": ["User"],
    "site_admin": [false]
  }
]
