[
  {
    "login": ["xiaovzhi"],
    "id": [30142208],
    "node_id": ["MDQ6VXNlcjMwMTQyMjA4"],
    "avatar_url": ["https://avatars3.githubusercontent.com/u/30142208?v=4"],
    "gravatar_id": [""],
    "url": ["https://api.github.com/users/xiaovzhi"],
    "html_url": ["https://github.com/xiaovzhi"],
    "followers_url": ["https://api.github.com/users/xiaovzhi/followers"],
    "following_url": ["https://api.github.com/users/xiaovzhi/following{/other_user}"],
    "gists_url": ["https://api.github.com/users/xiaovzhi/gists{/gist_id}"],
    "starred_url": ["https://api.github.com/users/xiaovzhi/starred{/owner}{/repo}"],
    "subscriptions_url": ["https://api.github.com/users/xiaovzhi/subscriptions"],
    "organizations_url": ["https://api.github.com/users/xiaovzhi/orgs"],
    "repos_url": ["https://api.github.com/users/xiaovzhi/repos"],
    "events_url": ["https://api.github.com/users/xiaovzhi/events{/privacy}"],
    "received_events_url": ["https://api.github.com/users/xiaovzhi/received_events"],
    "type": ["User"],
    "site_admin": [false]
  }
]
