[
  {
    "login": ["saran1995"],
    "id": [30192773],
    "node_id": ["MDQ6VXNlcjMwMTkyNzcz"],
    "avatar_url": ["https://avatars2.githubusercontent.com/u/30192773?v=4"],
    "gravatar_id": [""],
    "url": ["https://api.github.com/users/saran1995"],
    "html_url": ["https://github.com/saran1995"],
    "followers_url": ["https://api.github.com/users/saran1995/followers"],
    "following_url": ["https://api.github.com/users/saran1995/following{/other_user}"],
    "gists_url": ["https://api.github.com/users/saran1995/gists{/gist_id}"],
    "starred_url": ["https://api.github.com/users/saran1995/starred{/owner}{/repo}"],
    "subscriptions_url": ["https://api.github.com/users/saran1995/subscriptions"],
    "organizations_url": ["https://api.github.com/users/saran1995/orgs"],
    "repos_url": ["https://api.github.com/users/saran1995/repos"],
    "events_url": ["https://api.github.com/users/saran1995/events{/privacy}"],
    "received_events_url": ["https://api.github.com/users/saran1995/received_events"],
    "type": ["User"],
    "site_admin": [false]
  }
]
