[
  {
    "login": ["chenyidongdada"],
    "id": [24935543],
    "node_id": ["MDQ6VXNlcjI0OTM1NTQz"],
    "avatar_url": ["https://avatars3.githubusercontent.com/u/24935543?v=4"],
    "gravatar_id": [""],
    "url": ["https://api.github.com/users/chenyidongdada"],
    "html_url": ["https://github.com/chenyidongdada"],
    "followers_url": ["https://api.github.com/users/chenyidongdada/followers"],
    "following_url": ["https://api.github.com/users/chenyidongdada/following{/other_user}"],
    "gists_url": ["https://api.github.com/users/chenyidongdada/gists{/gist_id}"],
    "starred_url": ["https://api.github.com/users/chenyidongdada/starred{/owner}{/repo}"],
    "subscriptions_url": ["https://api.github.com/users/chenyidongdada/subscriptions"],
    "organizations_url": ["https://api.github.com/users/chenyidongdada/orgs"],
    "repos_url": ["https://api.github.com/users/chenyidongdada/repos"],
    "events_url": ["https://api.github.com/users/chenyidongdada/events{/privacy}"],
    "received_events_url": ["https://api.github.com/users/chenyidongdada/received_events"],
    "type": ["User"],
    "site_admin": [false]
  }
]
