[
  {
    "login": ["elzaksspro"],
    "id": [15104411],
    "node_id": ["MDQ6VXNlcjE1MTA0NDEx"],
    "avatar_url": ["https://avatars3.githubusercontent.com/u/15104411?v=4"],
    "gravatar_id": [""],
    "url": ["https://api.github.com/users/elzaksspro"],
    "html_url": ["https://github.com/elzaksspro"],
    "followers_url": ["https://api.github.com/users/elzaksspro/followers"],
    "following_url": ["https://api.github.com/users/elzaksspro/following{/other_user}"],
    "gists_url": ["https://api.github.com/users/elzaksspro/gists{/gist_id}"],
    "starred_url": ["https://api.github.com/users/elzaksspro/starred{/owner}{/repo}"],
    "subscriptions_url": ["https://api.github.com/users/elzaksspro/subscriptions"],
    "organizations_url": ["https://api.github.com/users/elzaksspro/orgs"],
    "repos_url": ["https://api.github.com/users/elzaksspro/repos"],
    "events_url": ["https://api.github.com/users/elzaksspro/events{/privacy}"],
    "received_events_url": ["https://api.github.com/users/elzaksspro/received_events"],
    "type": ["User"],
    "site_admin": [false]
  }
]
