[
  {
    "login": ["paba50"],
    "id": [47723243],
    "node_id": ["MDQ6VXNlcjQ3NzIzMjQz"],
    "avatar_url": ["https://avatars3.githubusercontent.com/u/47723243?v=4"],
    "gravatar_id": [""],
    "url": ["https://api.github.com/users/paba50"],
    "html_url": ["https://github.com/paba50"],
    "followers_url": ["https://api.github.com/users/paba50/followers"],
    "following_url": ["https://api.github.com/users/paba50/following{/other_user}"],
    "gists_url": ["https://api.github.com/users/paba50/gists{/gist_id}"],
    "starred_url": ["https://api.github.com/users/paba50/starred{/owner}{/repo}"],
    "subscriptions_url": ["https://api.github.com/users/paba50/subscriptions"],
    "organizations_url": ["https://api.github.com/users/paba50/orgs"],
    "repos_url": ["https://api.github.com/users/paba50/repos"],
    "events_url": ["https://api.github.com/users/paba50/events{/privacy}"],
    "received_events_url": ["https://api.github.com/users/paba50/received_events"],
    "type": ["User"],
    "site_admin": [false]
  }
]
