[
  {
    "login": ["fahimkhan"],
    "id": [2958993],
    "node_id": ["MDQ6VXNlcjI5NTg5OTM="],
    "avatar_url": ["https://avatars1.githubusercontent.com/u/2958993?v=4"],
    "gravatar_id": [""],
    "url": ["https://api.github.com/users/fahimkhan"],
    "html_url": ["https://github.com/fahimkhan"],
    "followers_url": ["https://api.github.com/users/fahimkhan/followers"],
    "following_url": ["https://api.github.com/users/fahimkhan/following{/other_user}"],
    "gists_url": ["https://api.github.com/users/fahimkhan/gists{/gist_id}"],
    "starred_url": ["https://api.github.com/users/fahimkhan/starred{/owner}{/repo}"],
    "subscriptions_url": ["https://api.github.com/users/fahimkhan/subscriptions"],
    "organizations_url": ["https://api.github.com/users/fahimkhan/orgs"],
    "repos_url": ["https://api.github.com/users/fahimkhan/repos"],
    "events_url": ["https://api.github.com/users/fahimkhan/events{/privacy}"],
    "received_events_url": ["https://api.github.com/users/fahimkhan/received_events"],
    "type": ["User"],
    "site_admin": [false]
  }
]
