[
  {
    "login": ["EricSchles"],
    "id": [928957],
    "node_id": ["MDQ6VXNlcjkyODk1Nw=="],
    "avatar_url": ["https://avatars2.githubusercontent.com/u/928957?v=4"],
    "gravatar_id": [""],
    "url": ["https://api.github.com/users/EricSchles"],
    "html_url": ["https://github.com/EricSchles"],
    "followers_url": ["https://api.github.com/users/EricSchles/followers"],
    "following_url": ["https://api.github.com/users/EricSchles/following{/other_user}"],
    "gists_url": ["https://api.github.com/users/EricSchles/gists{/gist_id}"],
    "starred_url": ["https://api.github.com/users/EricSchles/starred{/owner}{/repo}"],
    "subscriptions_url": ["https://api.github.com/users/EricSchles/subscriptions"],
    "organizations_url": ["https://api.github.com/users/EricSchles/orgs"],
    "repos_url": ["https://api.github.com/users/EricSchles/repos"],
    "events_url": ["https://api.github.com/users/EricSchles/events{/privacy}"],
    "received_events_url": ["https://api.github.com/users/EricSchles/received_events"],
    "type": ["User"],
    "site_admin": [false]
  }
]
