[
  {
    "login": ["cedrickdepauw"],
    "id": [44288366],
    "node_id": ["MDQ6VXNlcjQ0Mjg4MzY2"],
    "avatar_url": ["https://avatars1.githubusercontent.com/u/44288366?v=4"],
    "gravatar_id": [""],
    "url": ["https://api.github.com/users/cedrickdepauw"],
    "html_url": ["https://github.com/cedrickdepauw"],
    "followers_url": ["https://api.github.com/users/cedrickdepauw/followers"],
    "following_url": ["https://api.github.com/users/cedrickdepauw/following{/other_user}"],
    "gists_url": ["https://api.github.com/users/cedrickdepauw/gists{/gist_id}"],
    "starred_url": ["https://api.github.com/users/cedrickdepauw/starred{/owner}{/repo}"],
    "subscriptions_url": ["https://api.github.com/users/cedrickdepauw/subscriptions"],
    "organizations_url": ["https://api.github.com/users/cedrickdepauw/orgs"],
    "repos_url": ["https://api.github.com/users/cedrickdepauw/repos"],
    "events_url": ["https://api.github.com/users/cedrickdepauw/events{/privacy}"],
    "received_events_url": ["https://api.github.com/users/cedrickdepauw/received_events"],
    "type": ["User"],
    "site_admin": [false]
  }
]
