[
  {
    "login": ["sfxinhen"],
    "id": [1404151],
    "node_id": ["MDQ6VXNlcjE0MDQxNTE="],
    "avatar_url": ["https://avatars0.githubusercontent.com/u/1404151?v=4"],
    "gravatar_id": [""],
    "url": ["https://api.github.com/users/sfxinhen"],
    "html_url": ["https://github.com/sfxinhen"],
    "followers_url": ["https://api.github.com/users/sfxinhen/followers"],
    "following_url": ["https://api.github.com/users/sfxinhen/following{/other_user}"],
    "gists_url": ["https://api.github.com/users/sfxinhen/gists{/gist_id}"],
    "starred_url": ["https://api.github.com/users/sfxinhen/starred{/owner}{/repo}"],
    "subscriptions_url": ["https://api.github.com/users/sfxinhen/subscriptions"],
    "organizations_url": ["https://api.github.com/users/sfxinhen/orgs"],
    "repos_url": ["https://api.github.com/users/sfxinhen/repos"],
    "events_url": ["https://api.github.com/users/sfxinhen/events{/privacy}"],
    "received_events_url": ["https://api.github.com/users/sfxinhen/received_events"],
    "type": ["User"],
    "site_admin": [false]
  }
]
