[
  {
    "login": ["mrmign"],
    "id": [1880532],
    "node_id": ["MDQ6VXNlcjE4ODA1MzI="],
    "avatar_url": ["https://avatars2.githubusercontent.com/u/1880532?v=4"],
    "gravatar_id": [""],
    "url": ["https://api.github.com/users/mrmign"],
    "html_url": ["https://github.com/mrmign"],
    "followers_url": ["https://api.github.com/users/mrmign/followers"],
    "following_url": ["https://api.github.com/users/mrmign/following{/other_user}"],
    "gists_url": ["https://api.github.com/users/mrmign/gists{/gist_id}"],
    "starred_url": ["https://api.github.com/users/mrmign/starred{/owner}{/repo}"],
    "subscriptions_url": ["https://api.github.com/users/mrmign/subscriptions"],
    "organizations_url": ["https://api.github.com/users/mrmign/orgs"],
    "repos_url": ["https://api.github.com/users/mrmign/repos"],
    "events_url": ["https://api.github.com/users/mrmign/events{/privacy}"],
    "received_events_url": ["https://api.github.com/users/mrmign/received_events"],
    "type": ["User"],
    "site_admin": [false]
  }
]
