[
  {
    "login": ["ZheyuLi"],
    "id": [22088887],
    "node_id": ["MDQ6VXNlcjIyMDg4ODg3"],
    "avatar_url": ["https://avatars1.githubusercontent.com/u/22088887?v=4"],
    "gravatar_id": [""],
    "url": ["https://api.github.com/users/ZheyuLi"],
    "html_url": ["https://github.com/ZheyuLi"],
    "followers_url": ["https://api.github.com/users/ZheyuLi/followers"],
    "following_url": ["https://api.github.com/users/ZheyuLi/following{/other_user}"],
    "gists_url": ["https://api.github.com/users/ZheyuLi/gists{/gist_id}"],
    "starred_url": ["https://api.github.com/users/ZheyuLi/starred{/owner}{/repo}"],
    "subscriptions_url": ["https://api.github.com/users/ZheyuLi/subscriptions"],
    "organizations_url": ["https://api.github.com/users/ZheyuLi/orgs"],
    "repos_url": ["https://api.github.com/users/ZheyuLi/repos"],
    "events_url": ["https://api.github.com/users/ZheyuLi/events{/privacy}"],
    "received_events_url": ["https://api.github.com/users/ZheyuLi/received_events"],
    "type": ["User"],
    "site_admin": [false]
  }
]
