[
  {
    "login": ["kritihans"],
    "id": [12122347],
    "node_id": ["MDQ6VXNlcjEyMTIyMzQ3"],
    "avatar_url": ["https://avatars0.githubusercontent.com/u/12122347?v=4"],
    "gravatar_id": [""],
    "url": ["https://api.github.com/users/kritihans"],
    "html_url": ["https://github.com/kritihans"],
    "followers_url": ["https://api.github.com/users/kritihans/followers"],
    "following_url": ["https://api.github.com/users/kritihans/following{/other_user}"],
    "gists_url": ["https://api.github.com/users/kritihans/gists{/gist_id}"],
    "starred_url": ["https://api.github.com/users/kritihans/starred{/owner}{/repo}"],
    "subscriptions_url": ["https://api.github.com/users/kritihans/subscriptions"],
    "organizations_url": ["https://api.github.com/users/kritihans/orgs"],
    "repos_url": ["https://api.github.com/users/kritihans/repos"],
    "events_url": ["https://api.github.com/users/kritihans/events{/privacy}"],
    "received_events_url": ["https://api.github.com/users/kritihans/received_events"],
    "type": ["User"],
    "site_admin": [false]
  }
]
