[
  {
    "login": ["punjish"],
    "id": [45598146],
    "node_id": ["MDQ6VXNlcjQ1NTk4MTQ2"],
    "avatar_url": ["https://avatars1.githubusercontent.com/u/45598146?v=4"],
    "gravatar_id": [""],
    "url": ["https://api.github.com/users/punjish"],
    "html_url": ["https://github.com/punjish"],
    "followers_url": ["https://api.github.com/users/punjish/followers"],
    "following_url": ["https://api.github.com/users/punjish/following{/other_user}"],
    "gists_url": ["https://api.github.com/users/punjish/gists{/gist_id}"],
    "starred_url": ["https://api.github.com/users/punjish/starred{/owner}{/repo}"],
    "subscriptions_url": ["https://api.github.com/users/punjish/subscriptions"],
    "organizations_url": ["https://api.github.com/users/punjish/orgs"],
    "repos_url": ["https://api.github.com/users/punjish/repos"],
    "events_url": ["https://api.github.com/users/punjish/events{/privacy}"],
    "received_events_url": ["https://api.github.com/users/punjish/received_events"],
    "type": ["User"],
    "site_admin": [false]
  }
]
