[
  {
    "login": ["jorellano"],
    "id": [15188986],
    "node_id": ["MDQ6VXNlcjE1MTg4OTg2"],
    "avatar_url": ["https://avatars0.githubusercontent.com/u/15188986?v=4"],
    "gravatar_id": [""],
    "url": ["https://api.github.com/users/jorellano"],
    "html_url": ["https://github.com/jorellano"],
    "followers_url": ["https://api.github.com/users/jorellano/followers"],
    "following_url": ["https://api.github.com/users/jorellano/following{/other_user}"],
    "gists_url": ["https://api.github.com/users/jorellano/gists{/gist_id}"],
    "starred_url": ["https://api.github.com/users/jorellano/starred{/owner}{/repo}"],
    "subscriptions_url": ["https://api.github.com/users/jorellano/subscriptions"],
    "organizations_url": ["https://api.github.com/users/jorellano/orgs"],
    "repos_url": ["https://api.github.com/users/jorellano/repos"],
    "events_url": ["https://api.github.com/users/jorellano/events{/privacy}"],
    "received_events_url": ["https://api.github.com/users/jorellano/received_events"],
    "type": ["User"],
    "site_admin": [false]
  }
]
