[
  {
    "login": ["RuixuanDai"],
    "id": [21232926],
    "node_id": ["MDQ6VXNlcjIxMjMyOTI2"],
    "avatar_url": ["https://avatars2.githubusercontent.com/u/21232926?v=4"],
    "gravatar_id": [""],
    "url": ["https://api.github.com/users/RuixuanDai"],
    "html_url": ["https://github.com/RuixuanDai"],
    "followers_url": ["https://api.github.com/users/RuixuanDai/followers"],
    "following_url": ["https://api.github.com/users/RuixuanDai/following{/other_user}"],
    "gists_url": ["https://api.github.com/users/RuixuanDai/gists{/gist_id}"],
    "starred_url": ["https://api.github.com/users/RuixuanDai/starred{/owner}{/repo}"],
    "subscriptions_url": ["https://api.github.com/users/RuixuanDai/subscriptions"],
    "organizations_url": ["https://api.github.com/users/RuixuanDai/orgs"],
    "repos_url": ["https://api.github.com/users/RuixuanDai/repos"],
    "events_url": ["https://api.github.com/users/RuixuanDai/events{/privacy}"],
    "received_events_url": ["https://api.github.com/users/RuixuanDai/received_events"],
    "type": ["User"],
    "site_admin": [false]
  }
]
