[
  {
    "login": ["shaikansari"],
    "id": [10742938],
    "node_id": ["MDQ6VXNlcjEwNzQyOTM4"],
    "avatar_url": ["https://avatars3.githubusercontent.com/u/10742938?v=4"],
    "gravatar_id": [""],
    "url": ["https://api.github.com/users/shaikansari"],
    "html_url": ["https://github.com/shaikansari"],
    "followers_url": ["https://api.github.com/users/shaikansari/followers"],
    "following_url": ["https://api.github.com/users/shaikansari/following{/other_user}"],
    "gists_url": ["https://api.github.com/users/shaikansari/gists{/gist_id}"],
    "starred_url": ["https://api.github.com/users/shaikansari/starred{/owner}{/repo}"],
    "subscriptions_url": ["https://api.github.com/users/shaikansari/subscriptions"],
    "organizations_url": ["https://api.github.com/users/shaikansari/orgs"],
    "repos_url": ["https://api.github.com/users/shaikansari/repos"],
    "events_url": ["https://api.github.com/users/shaikansari/events{/privacy}"],
    "received_events_url": ["https://api.github.com/users/shaikansari/received_events"],
    "type": ["User"],
    "site_admin": [false]
  }
]
