[
  {
    "login": ["vanleantking"],
    "id": [5556174],
    "node_id": ["MDQ6VXNlcjU1NTYxNzQ="],
    "avatar_url": ["https://avatars1.githubusercontent.com/u/5556174?v=4"],
    "gravatar_id": [""],
    "url": ["https://api.github.com/users/vanleantking"],
    "html_url": ["https://github.com/vanleantking"],
    "followers_url": ["https://api.github.com/users/vanleantking/followers"],
    "following_url": ["https://api.github.com/users/vanleantking/following{/other_user}"],
    "gists_url": ["https://api.github.com/users/vanleantking/gists{/gist_id}"],
    "starred_url": ["https://api.github.com/users/vanleantking/starred{/owner}{/repo}"],
    "subscriptions_url": ["https://api.github.com/users/vanleantking/subscriptions"],
    "organizations_url": ["https://api.github.com/users/vanleantking/orgs"],
    "repos_url": ["https://api.github.com/users/vanleantking/repos"],
    "events_url": ["https://api.github.com/users/vanleantking/events{/privacy}"],
    "received_events_url": ["https://api.github.com/users/vanleantking/received_events"],
    "type": ["User"],
    "site_admin": [false]
  }
]
