[
  {
    "login": ["rusrushal13"],
    "id": [8607745],
    "node_id": ["MDQ6VXNlcjg2MDc3NDU="],
    "avatar_url": ["https://avatars0.githubusercontent.com/u/8607745?v=4"],
    "gravatar_id": [""],
    "url": ["https://api.github.com/users/rusrushal13"],
    "html_url": ["https://github.com/rusrushal13"],
    "followers_url": ["https://api.github.com/users/rusrushal13/followers"],
    "following_url": ["https://api.github.com/users/rusrushal13/following{/other_user}"],
    "gists_url": ["https://api.github.com/users/rusrushal13/gists{/gist_id}"],
    "starred_url": ["https://api.github.com/users/rusrushal13/starred{/owner}{/repo}"],
    "subscriptions_url": ["https://api.github.com/users/rusrushal13/subscriptions"],
    "organizations_url": ["https://api.github.com/users/rusrushal13/orgs"],
    "repos_url": ["https://api.github.com/users/rusrushal13/repos"],
    "events_url": ["https://api.github.com/users/rusrushal13/events{/privacy}"],
    "received_events_url": ["https://api.github.com/users/rusrushal13/received_events"],
    "type": ["User"],
    "site_admin": [false]
  }
]
