[
  {
    "login": ["emaraschio"],
    "id": [988715],
    "node_id": ["MDQ6VXNlcjk4ODcxNQ=="],
    "avatar_url": ["https://avatars3.githubusercontent.com/u/988715?v=4"],
    "gravatar_id": [""],
    "url": ["https://api.github.com/users/emaraschio"],
    "html_url": ["https://github.com/emaraschio"],
    "followers_url": ["https://api.github.com/users/emaraschio/followers"],
    "following_url": ["https://api.github.com/users/emaraschio/following{/other_user}"],
    "gists_url": ["https://api.github.com/users/emaraschio/gists{/gist_id}"],
    "starred_url": ["https://api.github.com/users/emaraschio/starred{/owner}{/repo}"],
    "subscriptions_url": ["https://api.github.com/users/emaraschio/subscriptions"],
    "organizations_url": ["https://api.github.com/users/emaraschio/orgs"],
    "repos_url": ["https://api.github.com/users/emaraschio/repos"],
    "events_url": ["https://api.github.com/users/emaraschio/events{/privacy}"],
    "received_events_url": ["https://api.github.com/users/emaraschio/received_events"],
    "type": ["User"],
    "site_admin": [false]
  }
]
