[
  {
    "login": ["extreme-assistant"],
    "id": [23378199],
    "node_id": ["MDQ6VXNlcjIzMzc4MTk5"],
    "avatar_url": ["https://avatars0.githubusercontent.com/u/23378199?v=4"],
    "gravatar_id": [""],
    "url": ["https://api.github.com/users/extreme-assistant"],
    "html_url": ["https://github.com/extreme-assistant"],
    "followers_url": ["https://api.github.com/users/extreme-assistant/followers"],
    "following_url": ["https://api.github.com/users/extreme-assistant/following{/other_user}"],
    "gists_url": ["https://api.github.com/users/extreme-assistant/gists{/gist_id}"],
    "starred_url": ["https://api.github.com/users/extreme-assistant/starred{/owner}{/repo}"],
    "subscriptions_url": ["https://api.github.com/users/extreme-assistant/subscriptions"],
    "organizations_url": ["https://api.github.com/users/extreme-assistant/orgs"],
    "repos_url": ["https://api.github.com/users/extreme-assistant/repos"],
    "events_url": ["https://api.github.com/users/extreme-assistant/events{/privacy}"],
    "received_events_url": ["https://api.github.com/users/extreme-assistant/received_events"],
    "type": ["User"],
    "site_admin": [false]
  }
]
