[
  {
    "login": ["agrib"],
    "id": [10333797],
    "node_id": ["MDQ6VXNlcjEwMzMzNzk3"],
    "avatar_url": ["https://avatars0.githubusercontent.com/u/10333797?v=4"],
    "gravatar_id": [""],
    "url": ["https://api.github.com/users/agrib"],
    "html_url": ["https://github.com/agrib"],
    "followers_url": ["https://api.github.com/users/agrib/followers"],
    "following_url": ["https://api.github.com/users/agrib/following{/other_user}"],
    "gists_url": ["https://api.github.com/users/agrib/gists{/gist_id}"],
    "starred_url": ["https://api.github.com/users/agrib/starred{/owner}{/repo}"],
    "subscriptions_url": ["https://api.github.com/users/agrib/subscriptions"],
    "organizations_url": ["https://api.github.com/users/agrib/orgs"],
    "repos_url": ["https://api.github.com/users/agrib/repos"],
    "events_url": ["https://api.github.com/users/agrib/events{/privacy}"],
    "received_events_url": ["https://api.github.com/users/agrib/received_events"],
    "type": ["User"],
    "site_admin": [false]
  }
]
