[
  {
    "login": ["lambsteak"],
    "id": [28823908],
    "node_id": ["MDQ6VXNlcjI4ODIzOTA4"],
    "avatar_url": ["https://avatars1.githubusercontent.com/u/28823908?v=4"],
    "gravatar_id": [""],
    "url": ["https://api.github.com/users/lambsteak"],
    "html_url": ["https://github.com/lambsteak"],
    "followers_url": ["https://api.github.com/users/lambsteak/followers"],
    "following_url": ["https://api.github.com/users/lambsteak/following{/other_user}"],
    "gists_url": ["https://api.github.com/users/lambsteak/gists{/gist_id}"],
    "starred_url": ["https://api.github.com/users/lambsteak/starred{/owner}{/repo}"],
    "subscriptions_url": ["https://api.github.com/users/lambsteak/subscriptions"],
    "organizations_url": ["https://api.github.com/users/lambsteak/orgs"],
    "repos_url": ["https://api.github.com/users/lambsteak/repos"],
    "events_url": ["https://api.github.com/users/lambsteak/events{/privacy}"],
    "received_events_url": ["https://api.github.com/users/lambsteak/received_events"],
    "type": ["User"],
    "site_admin": [false]
  }
]
