[
  {
    "login": ["ghostofjupiter"],
    "id": [34625894],
    "node_id": ["MDQ6VXNlcjM0NjI1ODk0"],
    "avatar_url": ["https://avatars0.githubusercontent.com/u/34625894?v=4"],
    "gravatar_id": [""],
    "url": ["https://api.github.com/users/ghostofjupiter"],
    "html_url": ["https://github.com/ghostofjupiter"],
    "followers_url": ["https://api.github.com/users/ghostofjupiter/followers"],
    "following_url": ["https://api.github.com/users/ghostofjupiter/following{/other_user}"],
    "gists_url": ["https://api.github.com/users/ghostofjupiter/gists{/gist_id}"],
    "starred_url": ["https://api.github.com/users/ghostofjupiter/starred{/owner}{/repo}"],
    "subscriptions_url": ["https://api.github.com/users/ghostofjupiter/subscriptions"],
    "organizations_url": ["https://api.github.com/users/ghostofjupiter/orgs"],
    "repos_url": ["https://api.github.com/users/ghostofjupiter/repos"],
    "events_url": ["https://api.github.com/users/ghostofjupiter/events{/privacy}"],
    "received_events_url": ["https://api.github.com/users/ghostofjupiter/received_events"],
    "type": ["User"],
    "site_admin": [false]
  }
]
