[
  {
    "login": ["Warren-Wei"],
    "id": [11838523],
    "node_id": ["MDQ6VXNlcjExODM4NTIz"],
    "avatar_url": ["https://avatars3.githubusercontent.com/u/11838523?v=4"],
    "gravatar_id": [""],
    "url": ["https://api.github.com/users/Warren-Wei"],
    "html_url": ["https://github.com/Warren-Wei"],
    "followers_url": ["https://api.github.com/users/Warren-Wei/followers"],
    "following_url": ["https://api.github.com/users/Warren-Wei/following{/other_user}"],
    "gists_url": ["https://api.github.com/users/Warren-Wei/gists{/gist_id}"],
    "starred_url": ["https://api.github.com/users/Warren-Wei/starred{/owner}{/repo}"],
    "subscriptions_url": ["https://api.github.com/users/Warren-Wei/subscriptions"],
    "organizations_url": ["https://api.github.com/users/Warren-Wei/orgs"],
    "repos_url": ["https://api.github.com/users/Warren-Wei/repos"],
    "events_url": ["https://api.github.com/users/Warren-Wei/events{/privacy}"],
    "received_events_url": ["https://api.github.com/users/Warren-Wei/received_events"],
    "type": ["User"],
    "site_admin": [false]
  }
]
