[
  {
    "login": ["JimiPepper"],
    "id": [2674915],
    "node_id": ["MDQ6VXNlcjI2NzQ5MTU="],
    "avatar_url": ["https://avatars0.githubusercontent.com/u/2674915?v=4"],
    "gravatar_id": [""],
    "url": ["https://api.github.com/users/JimiPepper"],
    "html_url": ["https://github.com/JimiPepper"],
    "followers_url": ["https://api.github.com/users/JimiPepper/followers"],
    "following_url": ["https://api.github.com/users/JimiPepper/following{/other_user}"],
    "gists_url": ["https://api.github.com/users/JimiPepper/gists{/gist_id}"],
    "starred_url": ["https://api.github.com/users/JimiPepper/starred{/owner}{/repo}"],
    "subscriptions_url": ["https://api.github.com/users/JimiPepper/subscriptions"],
    "organizations_url": ["https://api.github.com/users/JimiPepper/orgs"],
    "repos_url": ["https://api.github.com/users/JimiPepper/repos"],
    "events_url": ["https://api.github.com/users/JimiPepper/events{/privacy}"],
    "received_events_url": ["https://api.github.com/users/JimiPepper/received_events"],
    "type": ["User"],
    "site_admin": [false]
  }
]
