[
  {
    "login": ["tonyle9"],
    "id": [15383700],
    "node_id": ["MDQ6VXNlcjE1MzgzNzAw"],
    "avatar_url": ["https://avatars3.githubusercontent.com/u/15383700?v=4"],
    "gravatar_id": [""],
    "url": ["https://api.github.com/users/tonyle9"],
    "html_url": ["https://github.com/tonyle9"],
    "followers_url": ["https://api.github.com/users/tonyle9/followers"],
    "following_url": ["https://api.github.com/users/tonyle9/following{/other_user}"],
    "gists_url": ["https://api.github.com/users/tonyle9/gists{/gist_id}"],
    "starred_url": ["https://api.github.com/users/tonyle9/starred{/owner}{/repo}"],
    "subscriptions_url": ["https://api.github.com/users/tonyle9/subscriptions"],
    "organizations_url": ["https://api.github.com/users/tonyle9/orgs"],
    "repos_url": ["https://api.github.com/users/tonyle9/repos"],
    "events_url": ["https://api.github.com/users/tonyle9/events{/privacy}"],
    "received_events_url": ["https://api.github.com/users/tonyle9/received_events"],
    "type": ["User"],
    "site_admin": [false]
  }
]
