[
  {
    "login": ["codingWang"],
    "id": [9383975],
    "node_id": ["MDQ6VXNlcjkzODM5NzU="],
    "avatar_url": ["https://avatars1.githubusercontent.com/u/9383975?v=4"],
    "gravatar_id": [""],
    "url": ["https://api.github.com/users/codingWang"],
    "html_url": ["https://github.com/codingWang"],
    "followers_url": ["https://api.github.com/users/codingWang/followers"],
    "following_url": ["https://api.github.com/users/codingWang/following{/other_user}"],
    "gists_url": ["https://api.github.com/users/codingWang/gists{/gist_id}"],
    "starred_url": ["https://api.github.com/users/codingWang/starred{/owner}{/repo}"],
    "subscriptions_url": ["https://api.github.com/users/codingWang/subscriptions"],
    "organizations_url": ["https://api.github.com/users/codingWang/orgs"],
    "repos_url": ["https://api.github.com/users/codingWang/repos"],
    "events_url": ["https://api.github.com/users/codingWang/events{/privacy}"],
    "received_events_url": ["https://api.github.com/users/codingWang/received_events"],
    "type": ["User"],
    "site_admin": [false]
  }
]
