[
  {
    "login": ["rahuljha71"],
    "id": [7933405],
    "node_id": ["MDQ6VXNlcjc5MzM0MDU="],
    "avatar_url": ["https://avatars3.githubusercontent.com/u/7933405?v=4"],
    "gravatar_id": [""],
    "url": ["https://api.github.com/users/rahuljha71"],
    "html_url": ["https://github.com/rahuljha71"],
    "followers_url": ["https://api.github.com/users/rahuljha71/followers"],
    "following_url": ["https://api.github.com/users/rahuljha71/following{/other_user}"],
    "gists_url": ["https://api.github.com/users/rahuljha71/gists{/gist_id}"],
    "starred_url": ["https://api.github.com/users/rahuljha71/starred{/owner}{/repo}"],
    "subscriptions_url": ["https://api.github.com/users/rahuljha71/subscriptions"],
    "organizations_url": ["https://api.github.com/users/rahuljha71/orgs"],
    "repos_url": ["https://api.github.com/users/rahuljha71/repos"],
    "events_url": ["https://api.github.com/users/rahuljha71/events{/privacy}"],
    "received_events_url": ["https://api.github.com/users/rahuljha71/received_events"],
    "type": ["User"],
    "site_admin": [false]
  }
]
