[
  {
    "login": ["NeilNie"],
    "id": [10865578],
    "node_id": ["MDQ6VXNlcjEwODY1NTc4"],
    "avatar_url": ["https://avatars3.githubusercontent.com/u/10865578?v=4"],
    "gravatar_id": [""],
    "url": ["https://api.github.com/users/NeilNie"],
    "html_url": ["https://github.com/NeilNie"],
    "followers_url": ["https://api.github.com/users/NeilNie/followers"],
    "following_url": ["https://api.github.com/users/NeilNie/following{/other_user}"],
    "gists_url": ["https://api.github.com/users/NeilNie/gists{/gist_id}"],
    "starred_url": ["https://api.github.com/users/NeilNie/starred{/owner}{/repo}"],
    "subscriptions_url": ["https://api.github.com/users/NeilNie/subscriptions"],
    "organizations_url": ["https://api.github.com/users/NeilNie/orgs"],
    "repos_url": ["https://api.github.com/users/NeilNie/repos"],
    "events_url": ["https://api.github.com/users/NeilNie/events{/privacy}"],
    "received_events_url": ["https://api.github.com/users/NeilNie/received_events"],
    "type": ["User"],
    "site_admin": [false]
  }
]
