[
  {
    "login": ["tmickleydoyle"],
    "id": [8069675],
    "node_id": ["MDQ6VXNlcjgwNjk2NzU="],
    "avatar_url": ["https://avatars1.githubusercontent.com/u/8069675?v=4"],
    "gravatar_id": [""],
    "url": ["https://api.github.com/users/tmickleydoyle"],
    "html_url": ["https://github.com/tmickleydoyle"],
    "followers_url": ["https://api.github.com/users/tmickleydoyle/followers"],
    "following_url": ["https://api.github.com/users/tmickleydoyle/following{/other_user}"],
    "gists_url": ["https://api.github.com/users/tmickleydoyle/gists{/gist_id}"],
    "starred_url": ["https://api.github.com/users/tmickleydoyle/starred{/owner}{/repo}"],
    "subscriptions_url": ["https://api.github.com/users/tmickleydoyle/subscriptions"],
    "organizations_url": ["https://api.github.com/users/tmickleydoyle/orgs"],
    "repos_url": ["https://api.github.com/users/tmickleydoyle/repos"],
    "events_url": ["https://api.github.com/users/tmickleydoyle/events{/privacy}"],
    "received_events_url": ["https://api.github.com/users/tmickleydoyle/received_events"],
    "type": ["User"],
    "site_admin": [true]
  }
]
