[
  {
    "login": ["YankonPeng"],
    "id": [29247186],
    "node_id": ["MDQ6VXNlcjI5MjQ3MTg2"],
    "avatar_url": ["https://avatars3.githubusercontent.com/u/29247186?v=4"],
    "gravatar_id": [""],
    "url": ["https://api.github.com/users/YankonPeng"],
    "html_url": ["https://github.com/YankonPeng"],
    "followers_url": ["https://api.github.com/users/YankonPeng/followers"],
    "following_url": ["https://api.github.com/users/YankonPeng/following{/other_user}"],
    "gists_url": ["https://api.github.com/users/YankonPeng/gists{/gist_id}"],
    "starred_url": ["https://api.github.com/users/YankonPeng/starred{/owner}{/repo}"],
    "subscriptions_url": ["https://api.github.com/users/YankonPeng/subscriptions"],
    "organizations_url": ["https://api.github.com/users/YankonPeng/orgs"],
    "repos_url": ["https://api.github.com/users/YankonPeng/repos"],
    "events_url": ["https://api.github.com/users/YankonPeng/events{/privacy}"],
    "received_events_url": ["https://api.github.com/users/YankonPeng/received_events"],
    "type": ["User"],
    "site_admin": [false]
  }
]
