[
  {
    "login": ["benimadhab11"],
    "id": [6471922],
    "node_id": ["MDQ6VXNlcjY0NzE5MjI="],
    "avatar_url": ["https://avatars1.githubusercontent.com/u/6471922?v=4"],
    "gravatar_id": [""],
    "url": ["https://api.github.com/users/benimadhab11"],
    "html_url": ["https://github.com/benimadhab11"],
    "followers_url": ["https://api.github.com/users/benimadhab11/followers"],
    "following_url": ["https://api.github.com/users/benimadhab11/following{/other_user}"],
    "gists_url": ["https://api.github.com/users/benimadhab11/gists{/gist_id}"],
    "starred_url": ["https://api.github.com/users/benimadhab11/starred{/owner}{/repo}"],
    "subscriptions_url": ["https://api.github.com/users/benimadhab11/subscriptions"],
    "organizations_url": ["https://api.github.com/users/benimadhab11/orgs"],
    "repos_url": ["https://api.github.com/users/benimadhab11/repos"],
    "events_url": ["https://api.github.com/users/benimadhab11/events{/privacy}"],
    "received_events_url": ["https://api.github.com/users/benimadhab11/received_events"],
    "type": ["User"],
    "site_admin": [false]
  }
]
