[
  {
    "login": ["kosmicbit"],
    "id": [1912809],
    "node_id": ["MDQ6VXNlcjE5MTI4MDk="],
    "avatar_url": ["https://avatars1.githubusercontent.com/u/1912809?v=4"],
    "gravatar_id": [""],
    "url": ["https://api.github.com/users/kosmicbit"],
    "html_url": ["https://github.com/kosmicbit"],
    "followers_url": ["https://api.github.com/users/kosmicbit/followers"],
    "following_url": ["https://api.github.com/users/kosmicbit/following{/other_user}"],
    "gists_url": ["https://api.github.com/users/kosmicbit/gists{/gist_id}"],
    "starred_url": ["https://api.github.com/users/kosmicbit/starred{/owner}{/repo}"],
    "subscriptions_url": ["https://api.github.com/users/kosmicbit/subscriptions"],
    "organizations_url": ["https://api.github.com/users/kosmicbit/orgs"],
    "repos_url": ["https://api.github.com/users/kosmicbit/repos"],
    "events_url": ["https://api.github.com/users/kosmicbit/events{/privacy}"],
    "received_events_url": ["https://api.github.com/users/kosmicbit/received_events"],
    "type": ["User"],
    "site_admin": [false]
  }
]
