[
  {
    "login": ["edwinakatosh"],
    "id": [7285700],
    "node_id": ["MDQ6VXNlcjcyODU3MDA="],
    "avatar_url": ["https://avatars3.githubusercontent.com/u/7285700?v=4"],
    "gravatar_id": [""],
    "url": ["https://api.github.com/users/edwinakatosh"],
    "html_url": ["https://github.com/edwinakatosh"],
    "followers_url": ["https://api.github.com/users/edwinakatosh/followers"],
    "following_url": ["https://api.github.com/users/edwinakatosh/following{/other_user}"],
    "gists_url": ["https://api.github.com/users/edwinakatosh/gists{/gist_id}"],
    "starred_url": ["https://api.github.com/users/edwinakatosh/starred{/owner}{/repo}"],
    "subscriptions_url": ["https://api.github.com/users/edwinakatosh/subscriptions"],
    "organizations_url": ["https://api.github.com/users/edwinakatosh/orgs"],
    "repos_url": ["https://api.github.com/users/edwinakatosh/repos"],
    "events_url": ["https://api.github.com/users/edwinakatosh/events{/privacy}"],
    "received_events_url": ["https://api.github.com/users/edwinakatosh/received_events"],
    "type": ["User"],
    "site_admin": [false]
  }
]
