[
  {
    "login": ["karaninder"],
    "id": [34513461],
    "node_id": ["MDQ6VXNlcjM0NTEzNDYx"],
    "avatar_url": ["https://avatars0.githubusercontent.com/u/34513461?v=4"],
    "gravatar_id": [""],
    "url": ["https://api.github.com/users/karaninder"],
    "html_url": ["https://github.com/karaninder"],
    "followers_url": ["https://api.github.com/users/karaninder/followers"],
    "following_url": ["https://api.github.com/users/karaninder/following{/other_user}"],
    "gists_url": ["https://api.github.com/users/karaninder/gists{/gist_id}"],
    "starred_url": ["https://api.github.com/users/karaninder/starred{/owner}{/repo}"],
    "subscriptions_url": ["https://api.github.com/users/karaninder/subscriptions"],
    "organizations_url": ["https://api.github.com/users/karaninder/orgs"],
    "repos_url": ["https://api.github.com/users/karaninder/repos"],
    "events_url": ["https://api.github.com/users/karaninder/events{/privacy}"],
    "received_events_url": ["https://api.github.com/users/karaninder/received_events"],
    "type": ["User"],
    "site_admin": [false]
  }
]
