[
  {
    "login": ["tianhuaiyuan"],
    "id": [25613099],
    "node_id": ["MDQ6VXNlcjI1NjEzMDk5"],
    "avatar_url": ["https://avatars3.githubusercontent.com/u/25613099?v=4"],
    "gravatar_id": [""],
    "url": ["https://api.github.com/users/tianhuaiyuan"],
    "html_url": ["https://github.com/tianhuaiyuan"],
    "followers_url": ["https://api.github.com/users/tianhuaiyuan/followers"],
    "following_url": ["https://api.github.com/users/tianhuaiyuan/following{/other_user}"],
    "gists_url": ["https://api.github.com/users/tianhuaiyuan/gists{/gist_id}"],
    "starred_url": ["https://api.github.com/users/tianhuaiyuan/starred{/owner}{/repo}"],
    "subscriptions_url": ["https://api.github.com/users/tianhuaiyuan/subscriptions"],
    "organizations_url": ["https://api.github.com/users/tianhuaiyuan/orgs"],
    "repos_url": ["https://api.github.com/users/tianhuaiyuan/repos"],
    "events_url": ["https://api.github.com/users/tianhuaiyuan/events{/privacy}"],
    "received_events_url": ["https://api.github.com/users/tianhuaiyuan/received_events"],
    "type": ["User"],
    "site_admin": [false]
  }
]
