[
  {
    "login": ["xuliker"],
    "id": [5671315],
    "node_id": ["MDQ6VXNlcjU2NzEzMTU="],
    "avatar_url": ["https://avatars1.githubusercontent.com/u/5671315?v=4"],
    "gravatar_id": [""],
    "url": ["https://api.github.com/users/xuliker"],
    "html_url": ["https://github.com/xuliker"],
    "followers_url": ["https://api.github.com/users/xuliker/followers"],
    "following_url": ["https://api.github.com/users/xuliker/following{/other_user}"],
    "gists_url": ["https://api.github.com/users/xuliker/gists{/gist_id}"],
    "starred_url": ["https://api.github.com/users/xuliker/starred{/owner}{/repo}"],
    "subscriptions_url": ["https://api.github.com/users/xuliker/subscriptions"],
    "organizations_url": ["https://api.github.com/users/xuliker/orgs"],
    "repos_url": ["https://api.github.com/users/xuliker/repos"],
    "events_url": ["https://api.github.com/users/xuliker/events{/privacy}"],
    "received_events_url": ["https://api.github.com/users/xuliker/received_events"],
    "type": ["User"],
    "site_admin": [false]
  }
]
