[
  {
    "login": ["kevinhjk"],
    "id": [16932478],
    "node_id": ["MDQ6VXNlcjE2OTMyNDc4"],
    "avatar_url": ["https://avatars0.githubusercontent.com/u/16932478?v=4"],
    "gravatar_id": [""],
    "url": ["https://api.github.com/users/kevinhjk"],
    "html_url": ["https://github.com/kevinhjk"],
    "followers_url": ["https://api.github.com/users/kevinhjk/followers"],
    "following_url": ["https://api.github.com/users/kevinhjk/following{/other_user}"],
    "gists_url": ["https://api.github.com/users/kevinhjk/gists{/gist_id}"],
    "starred_url": ["https://api.github.com/users/kevinhjk/starred{/owner}{/repo}"],
    "subscriptions_url": ["https://api.github.com/users/kevinhjk/subscriptions"],
    "organizations_url": ["https://api.github.com/users/kevinhjk/orgs"],
    "repos_url": ["https://api.github.com/users/kevinhjk/repos"],
    "events_url": ["https://api.github.com/users/kevinhjk/events{/privacy}"],
    "received_events_url": ["https://api.github.com/users/kevinhjk/received_events"],
    "type": ["User"],
    "site_admin": [false]
  }
]
