[
  {
    "login": ["Borlaff"],
    "id": [24572237],
    "node_id": ["MDQ6VXNlcjI0NTcyMjM3"],
    "avatar_url": ["https://avatars2.githubusercontent.com/u/24572237?v=4"],
    "gravatar_id": [""],
    "url": ["https://api.github.com/users/Borlaff"],
    "html_url": ["https://github.com/Borlaff"],
    "followers_url": ["https://api.github.com/users/Borlaff/followers"],
    "following_url": ["https://api.github.com/users/Borlaff/following{/other_user}"],
    "gists_url": ["https://api.github.com/users/Borlaff/gists{/gist_id}"],
    "starred_url": ["https://api.github.com/users/Borlaff/starred{/owner}{/repo}"],
    "subscriptions_url": ["https://api.github.com/users/Borlaff/subscriptions"],
    "organizations_url": ["https://api.github.com/users/Borlaff/orgs"],
    "repos_url": ["https://api.github.com/users/Borlaff/repos"],
    "events_url": ["https://api.github.com/users/Borlaff/events{/privacy}"],
    "received_events_url": ["https://api.github.com/users/Borlaff/received_events"],
    "type": ["User"],
    "site_admin": [false]
  }
]
