[
  {
    "login": ["yatendrayadav"],
    "id": [8637814],
    "node_id": ["MDQ6VXNlcjg2Mzc4MTQ="],
    "avatar_url": ["https://avatars3.githubusercontent.com/u/8637814?v=4"],
    "gravatar_id": [""],
    "url": ["https://api.github.com/users/yatendrayadav"],
    "html_url": ["https://github.com/yatendrayadav"],
    "followers_url": ["https://api.github.com/users/yatendrayadav/followers"],
    "following_url": ["https://api.github.com/users/yatendrayadav/following{/other_user}"],
    "gists_url": ["https://api.github.com/users/yatendrayadav/gists{/gist_id}"],
    "starred_url": ["https://api.github.com/users/yatendrayadav/starred{/owner}{/repo}"],
    "subscriptions_url": ["https://api.github.com/users/yatendrayadav/subscriptions"],
    "organizations_url": ["https://api.github.com/users/yatendrayadav/orgs"],
    "repos_url": ["https://api.github.com/users/yatendrayadav/repos"],
    "events_url": ["https://api.github.com/users/yatendrayadav/events{/privacy}"],
    "received_events_url": ["https://api.github.com/users/yatendrayadav/received_events"],
    "type": ["User"],
    "site_admin": [false]
  }
]
