[
  {
    "login": ["Jide-Yuan"],
    "id": [29204512],
    "node_id": ["MDQ6VXNlcjI5MjA0NTEy"],
    "avatar_url": ["https://avatars3.githubusercontent.com/u/29204512?v=4"],
    "gravatar_id": [""],
    "url": ["https://api.github.com/users/Jide-Yuan"],
    "html_url": ["https://github.com/Jide-Yuan"],
    "followers_url": ["https://api.github.com/users/Jide-Yuan/followers"],
    "following_url": ["https://api.github.com/users/Jide-Yuan/following{/other_user}"],
    "gists_url": ["https://api.github.com/users/Jide-Yuan/gists{/gist_id}"],
    "starred_url": ["https://api.github.com/users/Jide-Yuan/starred{/owner}{/repo}"],
    "subscriptions_url": ["https://api.github.com/users/Jide-Yuan/subscriptions"],
    "organizations_url": ["https://api.github.com/users/Jide-Yuan/orgs"],
    "repos_url": ["https://api.github.com/users/Jide-Yuan/repos"],
    "events_url": ["https://api.github.com/users/Jide-Yuan/events{/privacy}"],
    "received_events_url": ["https://api.github.com/users/Jide-Yuan/received_events"],
    "type": ["User"],
    "site_admin": [false]
  }
]
