[
  {
    "login": ["rsakib15"],
    "id": [7459152],
    "node_id": ["MDQ6VXNlcjc0NTkxNTI="],
    "avatar_url": ["https://avatars1.githubusercontent.com/u/7459152?v=4"],
    "gravatar_id": [""],
    "url": ["https://api.github.com/users/rsakib15"],
    "html_url": ["https://github.com/rsakib15"],
    "followers_url": ["https://api.github.com/users/rsakib15/followers"],
    "following_url": ["https://api.github.com/users/rsakib15/following{/other_user}"],
    "gists_url": ["https://api.github.com/users/rsakib15/gists{/gist_id}"],
    "starred_url": ["https://api.github.com/users/rsakib15/starred{/owner}{/repo}"],
    "subscriptions_url": ["https://api.github.com/users/rsakib15/subscriptions"],
    "organizations_url": ["https://api.github.com/users/rsakib15/orgs"],
    "repos_url": ["https://api.github.com/users/rsakib15/repos"],
    "events_url": ["https://api.github.com/users/rsakib15/events{/privacy}"],
    "received_events_url": ["https://api.github.com/users/rsakib15/received_events"],
    "type": ["User"],
    "site_admin": [false]
  }
]
