[
  {
    "login": ["msbanik"],
    "id": [848682],
    "node_id": ["MDQ6VXNlcjg0ODY4Mg=="],
    "avatar_url": ["https://avatars1.githubusercontent.com/u/848682?v=4"],
    "gravatar_id": [""],
    "url": ["https://api.github.com/users/msbanik"],
    "html_url": ["https://github.com/msbanik"],
    "followers_url": ["https://api.github.com/users/msbanik/followers"],
    "following_url": ["https://api.github.com/users/msbanik/following{/other_user}"],
    "gists_url": ["https://api.github.com/users/msbanik/gists{/gist_id}"],
    "starred_url": ["https://api.github.com/users/msbanik/starred{/owner}{/repo}"],
    "subscriptions_url": ["https://api.github.com/users/msbanik/subscriptions"],
    "organizations_url": ["https://api.github.com/users/msbanik/orgs"],
    "repos_url": ["https://api.github.com/users/msbanik/repos"],
    "events_url": ["https://api.github.com/users/msbanik/events{/privacy}"],
    "received_events_url": ["https://api.github.com/users/msbanik/received_events"],
    "type": ["User"],
    "site_admin": [false]
  }
]
