[
  {
    "login": ["nd1511"],
    "id": [7533953],
    "node_id": ["MDQ6VXNlcjc1MzM5NTM="],
    "avatar_url": ["https://avatars2.githubusercontent.com/u/7533953?v=4"],
    "gravatar_id": [""],
    "url": ["https://api.github.com/users/nd1511"],
    "html_url": ["https://github.com/nd1511"],
    "followers_url": ["https://api.github.com/users/nd1511/followers"],
    "following_url": ["https://api.github.com/users/nd1511/following{/other_user}"],
    "gists_url": ["https://api.github.com/users/nd1511/gists{/gist_id}"],
    "starred_url": ["https://api.github.com/users/nd1511/starred{/owner}{/repo}"],
    "subscriptions_url": ["https://api.github.com/users/nd1511/subscriptions"],
    "organizations_url": ["https://api.github.com/users/nd1511/orgs"],
    "repos_url": ["https://api.github.com/users/nd1511/repos"],
    "events_url": ["https://api.github.com/users/nd1511/events{/privacy}"],
    "received_events_url": ["https://api.github.com/users/nd1511/received_events"],
    "type": ["User"],
    "site_admin": [false]
  }
]
