[
  {
    "login": ["d8bug"],
    "id": [34596658],
    "node_id": ["MDQ6VXNlcjM0NTk2NjU4"],
    "avatar_url": ["https://avatars2.githubusercontent.com/u/34596658?v=4"],
    "gravatar_id": [""],
    "url": ["https://api.github.com/users/d8bug"],
    "html_url": ["https://github.com/d8bug"],
    "followers_url": ["https://api.github.com/users/d8bug/followers"],
    "following_url": ["https://api.github.com/users/d8bug/following{/other_user}"],
    "gists_url": ["https://api.github.com/users/d8bug/gists{/gist_id}"],
    "starred_url": ["https://api.github.com/users/d8bug/starred{/owner}{/repo}"],
    "subscriptions_url": ["https://api.github.com/users/d8bug/subscriptions"],
    "organizations_url": ["https://api.github.com/users/d8bug/orgs"],
    "repos_url": ["https://api.github.com/users/d8bug/repos"],
    "events_url": ["https://api.github.com/users/d8bug/events{/privacy}"],
    "received_events_url": ["https://api.github.com/users/d8bug/received_events"],
    "type": ["User"],
    "site_admin": [false]
  }
]
