[
  {
    "login": ["YounesRahimi"],
    "id": [3702747],
    "node_id": ["MDQ6VXNlcjM3MDI3NDc="],
    "avatar_url": ["https://avatars2.githubusercontent.com/u/3702747?v=4"],
    "gravatar_id": [""],
    "url": ["https://api.github.com/users/YounesRahimi"],
    "html_url": ["https://github.com/YounesRahimi"],
    "followers_url": ["https://api.github.com/users/YounesRahimi/followers"],
    "following_url": ["https://api.github.com/users/YounesRahimi/following{/other_user}"],
    "gists_url": ["https://api.github.com/users/YounesRahimi/gists{/gist_id}"],
    "starred_url": ["https://api.github.com/users/YounesRahimi/starred{/owner}{/repo}"],
    "subscriptions_url": ["https://api.github.com/users/YounesRahimi/subscriptions"],
    "organizations_url": ["https://api.github.com/users/YounesRahimi/orgs"],
    "repos_url": ["https://api.github.com/users/YounesRahimi/repos"],
    "events_url": ["https://api.github.com/users/YounesRahimi/events{/privacy}"],
    "received_events_url": ["https://api.github.com/users/YounesRahimi/received_events"],
    "type": ["User"],
    "site_admin": [false]
  }
]
