[
  {
    "login": ["harinav"],
    "id": [35144039],
    "node_id": ["MDQ6VXNlcjM1MTQ0MDM5"],
    "avatar_url": ["https://avatars1.githubusercontent.com/u/35144039?v=4"],
    "gravatar_id": [""],
    "url": ["https://api.github.com/users/harinav"],
    "html_url": ["https://github.com/harinav"],
    "followers_url": ["https://api.github.com/users/harinav/followers"],
    "following_url": ["https://api.github.com/users/harinav/following{/other_user}"],
    "gists_url": ["https://api.github.com/users/harinav/gists{/gist_id}"],
    "starred_url": ["https://api.github.com/users/harinav/starred{/owner}{/repo}"],
    "subscriptions_url": ["https://api.github.com/users/harinav/subscriptions"],
    "organizations_url": ["https://api.github.com/users/harinav/orgs"],
    "repos_url": ["https://api.github.com/users/harinav/repos"],
    "events_url": ["https://api.github.com/users/harinav/events{/privacy}"],
    "received_events_url": ["https://api.github.com/users/harinav/received_events"],
    "type": ["User"],
    "site_admin": [false]
  }
]
