[
  {
    "login": ["yanguoxi"],
    "id": [5560999],
    "node_id": ["MDQ6VXNlcjU1NjA5OTk="],
    "avatar_url": ["https://avatars1.githubusercontent.com/u/5560999?v=4"],
    "gravatar_id": [""],
    "url": ["https://api.github.com/users/yanguoxi"],
    "html_url": ["https://github.com/yanguoxi"],
    "followers_url": ["https://api.github.com/users/yanguoxi/followers"],
    "following_url": ["https://api.github.com/users/yanguoxi/following{/other_user}"],
    "gists_url": ["https://api.github.com/users/yanguoxi/gists{/gist_id}"],
    "starred_url": ["https://api.github.com/users/yanguoxi/starred{/owner}{/repo}"],
    "subscriptions_url": ["https://api.github.com/users/yanguoxi/subscriptions"],
    "organizations_url": ["https://api.github.com/users/yanguoxi/orgs"],
    "repos_url": ["https://api.github.com/users/yanguoxi/repos"],
    "events_url": ["https://api.github.com/users/yanguoxi/events{/privacy}"],
    "received_events_url": ["https://api.github.com/users/yanguoxi/received_events"],
    "type": ["User"],
    "site_admin": [false]
  }
]
