[
  {
    "login": ["IemProg"],
    "id": [29262325],
    "node_id": ["MDQ6VXNlcjI5MjYyMzI1"],
    "avatar_url": ["https://avatars2.githubusercontent.com/u/29262325?v=4"],
    "gravatar_id": [""],
    "url": ["https://api.github.com/users/IemProg"],
    "html_url": ["https://github.com/IemProg"],
    "followers_url": ["https://api.github.com/users/IemProg/followers"],
    "following_url": ["https://api.github.com/users/IemProg/following{/other_user}"],
    "gists_url": ["https://api.github.com/users/IemProg/gists{/gist_id}"],
    "starred_url": ["https://api.github.com/users/IemProg/starred{/owner}{/repo}"],
    "subscriptions_url": ["https://api.github.com/users/IemProg/subscriptions"],
    "organizations_url": ["https://api.github.com/users/IemProg/orgs"],
    "repos_url": ["https://api.github.com/users/IemProg/repos"],
    "events_url": ["https://api.github.com/users/IemProg/events{/privacy}"],
    "received_events_url": ["https://api.github.com/users/IemProg/received_events"],
    "type": ["User"],
    "site_admin": [false]
  }
]
