[
  {
    "login": ["kimizhu8"],
    "id": [21995288],
    "node_id": ["MDQ6VXNlcjIxOTk1Mjg4"],
    "avatar_url": ["https://avatars3.githubusercontent.com/u/21995288?v=4"],
    "gravatar_id": [""],
    "url": ["https://api.github.com/users/kimizhu8"],
    "html_url": ["https://github.com/kimizhu8"],
    "followers_url": ["https://api.github.com/users/kimizhu8/followers"],
    "following_url": ["https://api.github.com/users/kimizhu8/following{/other_user}"],
    "gists_url": ["https://api.github.com/users/kimizhu8/gists{/gist_id}"],
    "starred_url": ["https://api.github.com/users/kimizhu8/starred{/owner}{/repo}"],
    "subscriptions_url": ["https://api.github.com/users/kimizhu8/subscriptions"],
    "organizations_url": ["https://api.github.com/users/kimizhu8/orgs"],
    "repos_url": ["https://api.github.com/users/kimizhu8/repos"],
    "events_url": ["https://api.github.com/users/kimizhu8/events{/privacy}"],
    "received_events_url": ["https://api.github.com/users/kimizhu8/received_events"],
    "type": ["User"],
    "site_admin": [false]
  }
]
