[
  {
    "login": ["praveenjutur"],
    "id": [25852430],
    "node_id": ["MDQ6VXNlcjI1ODUyNDMw"],
    "avatar_url": ["https://avatars2.githubusercontent.com/u/25852430?v=4"],
    "gravatar_id": [""],
    "url": ["https://api.github.com/users/praveenjutur"],
    "html_url": ["https://github.com/praveenjutur"],
    "followers_url": ["https://api.github.com/users/praveenjutur/followers"],
    "following_url": ["https://api.github.com/users/praveenjutur/following{/other_user}"],
    "gists_url": ["https://api.github.com/users/praveenjutur/gists{/gist_id}"],
    "starred_url": ["https://api.github.com/users/praveenjutur/starred{/owner}{/repo}"],
    "subscriptions_url": ["https://api.github.com/users/praveenjutur/subscriptions"],
    "organizations_url": ["https://api.github.com/users/praveenjutur/orgs"],
    "repos_url": ["https://api.github.com/users/praveenjutur/repos"],
    "events_url": ["https://api.github.com/users/praveenjutur/events{/privacy}"],
    "received_events_url": ["https://api.github.com/users/praveenjutur/received_events"],
    "type": ["User"],
    "site_admin": [false]
  }
]
