[
  {
    "login": ["XiongPan826"],
    "id": [49145789],
    "node_id": ["MDQ6VXNlcjQ5MTQ1Nzg5"],
    "avatar_url": ["https://avatars2.githubusercontent.com/u/49145789?v=4"],
    "gravatar_id": [""],
    "url": ["https://api.github.com/users/XiongPan826"],
    "html_url": ["https://github.com/XiongPan826"],
    "followers_url": ["https://api.github.com/users/XiongPan826/followers"],
    "following_url": ["https://api.github.com/users/XiongPan826/following{/other_user}"],
    "gists_url": ["https://api.github.com/users/XiongPan826/gists{/gist_id}"],
    "starred_url": ["https://api.github.com/users/XiongPan826/starred{/owner}{/repo}"],
    "subscriptions_url": ["https://api.github.com/users/XiongPan826/subscriptions"],
    "organizations_url": ["https://api.github.com/users/XiongPan826/orgs"],
    "repos_url": ["https://api.github.com/users/XiongPan826/repos"],
    "events_url": ["https://api.github.com/users/XiongPan826/events{/privacy}"],
    "received_events_url": ["https://api.github.com/users/XiongPan826/received_events"],
    "type": ["User"],
    "site_admin": [false]
  }
]
