[
  {
    "login": ["pein0119"],
    "id": [3726601],
    "node_id": ["MDQ6VXNlcjM3MjY2MDE="],
    "avatar_url": ["https://avatars0.githubusercontent.com/u/3726601?v=4"],
    "gravatar_id": [""],
    "url": ["https://api.github.com/users/pein0119"],
    "html_url": ["https://github.com/pein0119"],
    "followers_url": ["https://api.github.com/users/pein0119/followers"],
    "following_url": ["https://api.github.com/users/pein0119/following{/other_user}"],
    "gists_url": ["https://api.github.com/users/pein0119/gists{/gist_id}"],
    "starred_url": ["https://api.github.com/users/pein0119/starred{/owner}{/repo}"],
    "subscriptions_url": ["https://api.github.com/users/pein0119/subscriptions"],
    "organizations_url": ["https://api.github.com/users/pein0119/orgs"],
    "repos_url": ["https://api.github.com/users/pein0119/repos"],
    "events_url": ["https://api.github.com/users/pein0119/events{/privacy}"],
    "received_events_url": ["https://api.github.com/users/pein0119/received_events"],
    "type": ["User"],
    "site_admin": [false]
  }
]
