[
  {
    "login": ["Shicoder"],
    "id": [17957553],
    "node_id": ["MDQ6VXNlcjE3OTU3NTUz"],
    "avatar_url": ["https://avatars0.githubusercontent.com/u/17957553?v=4"],
    "gravatar_id": [""],
    "url": ["https://api.github.com/users/Shicoder"],
    "html_url": ["https://github.com/Shicoder"],
    "followers_url": ["https://api.github.com/users/Shicoder/followers"],
    "following_url": ["https://api.github.com/users/Shicoder/following{/other_user}"],
    "gists_url": ["https://api.github.com/users/Shicoder/gists{/gist_id}"],
    "starred_url": ["https://api.github.com/users/Shicoder/starred{/owner}{/repo}"],
    "subscriptions_url": ["https://api.github.com/users/Shicoder/subscriptions"],
    "organizations_url": ["https://api.github.com/users/Shicoder/orgs"],
    "repos_url": ["https://api.github.com/users/Shicoder/repos"],
    "events_url": ["https://api.github.com/users/Shicoder/events{/privacy}"],
    "received_events_url": ["https://api.github.com/users/Shicoder/received_events"],
    "type": ["User"],
    "site_admin": [false]
  }
]
