[
  {
    "login": ["Deepak-Ahirwal"],
    "id": [23453184],
    "node_id": ["MDQ6VXNlcjIzNDUzMTg0"],
    "avatar_url": ["https://avatars1.githubusercontent.com/u/23453184?v=4"],
    "gravatar_id": [""],
    "url": ["https://api.github.com/users/Deepak-Ahirwal"],
    "html_url": ["https://github.com/Deepak-Ahirwal"],
    "followers_url": ["https://api.github.com/users/Deepak-Ahirwal/followers"],
    "following_url": ["https://api.github.com/users/Deepak-Ahirwal/following{/other_user}"],
    "gists_url": ["https://api.github.com/users/Deepak-Ahirwal/gists{/gist_id}"],
    "starred_url": ["https://api.github.com/users/Deepak-Ahirwal/starred{/owner}{/repo}"],
    "subscriptions_url": ["https://api.github.com/users/Deepak-Ahirwal/subscriptions"],
    "organizations_url": ["https://api.github.com/users/Deepak-Ahirwal/orgs"],
    "repos_url": ["https://api.github.com/users/Deepak-Ahirwal/repos"],
    "events_url": ["https://api.github.com/users/Deepak-Ahirwal/events{/privacy}"],
    "received_events_url": ["https://api.github.com/users/Deepak-Ahirwal/received_events"],
    "type": ["User"],
    "site_admin": [false]
  }
]
