[
  {
    "login": ["pau-lo"],
    "id": [8420448],
    "node_id": ["MDQ6VXNlcjg0MjA0NDg="],
    "avatar_url": ["https://avatars2.githubusercontent.com/u/8420448?v=4"],
    "gravatar_id": [""],
    "url": ["https://api.github.com/users/pau-lo"],
    "html_url": ["https://github.com/pau-lo"],
    "followers_url": ["https://api.github.com/users/pau-lo/followers"],
    "following_url": ["https://api.github.com/users/pau-lo/following{/other_user}"],
    "gists_url": ["https://api.github.com/users/pau-lo/gists{/gist_id}"],
    "starred_url": ["https://api.github.com/users/pau-lo/starred{/owner}{/repo}"],
    "subscriptions_url": ["https://api.github.com/users/pau-lo/subscriptions"],
    "organizations_url": ["https://api.github.com/users/pau-lo/orgs"],
    "repos_url": ["https://api.github.com/users/pau-lo/repos"],
    "events_url": ["https://api.github.com/users/pau-lo/events{/privacy}"],
    "received_events_url": ["https://api.github.com/users/pau-lo/received_events"],
    "type": ["User"],
    "site_admin": [false]
  }
]
