[
  {
    "login": ["Mr-iFan"],
    "id": [24791393],
    "node_id": ["MDQ6VXNlcjI0NzkxMzkz"],
    "avatar_url": ["https://avatars0.githubusercontent.com/u/24791393?v=4"],
    "gravatar_id": [""],
    "url": ["https://api.github.com/users/Mr-iFan"],
    "html_url": ["https://github.com/Mr-iFan"],
    "followers_url": ["https://api.github.com/users/Mr-iFan/followers"],
    "following_url": ["https://api.github.com/users/Mr-iFan/following{/other_user}"],
    "gists_url": ["https://api.github.com/users/Mr-iFan/gists{/gist_id}"],
    "starred_url": ["https://api.github.com/users/Mr-iFan/starred{/owner}{/repo}"],
    "subscriptions_url": ["https://api.github.com/users/Mr-iFan/subscriptions"],
    "organizations_url": ["https://api.github.com/users/Mr-iFan/orgs"],
    "repos_url": ["https://api.github.com/users/Mr-iFan/repos"],
    "events_url": ["https://api.github.com/users/Mr-iFan/events{/privacy}"],
    "received_events_url": ["https://api.github.com/users/Mr-iFan/received_events"],
    "type": ["User"],
    "site_admin": [false]
  }
]
