[
  {
    "login": ["minhpqn"],
    "id": [7865331],
    "node_id": ["MDQ6VXNlcjc4NjUzMzE="],
    "avatar_url": ["https://avatars1.githubusercontent.com/u/7865331?v=4"],
    "gravatar_id": [""],
    "url": ["https://api.github.com/users/minhpqn"],
    "html_url": ["https://github.com/minhpqn"],
    "followers_url": ["https://api.github.com/users/minhpqn/followers"],
    "following_url": ["https://api.github.com/users/minhpqn/following{/other_user}"],
    "gists_url": ["https://api.github.com/users/minhpqn/gists{/gist_id}"],
    "starred_url": ["https://api.github.com/users/minhpqn/starred{/owner}{/repo}"],
    "subscriptions_url": ["https://api.github.com/users/minhpqn/subscriptions"],
    "organizations_url": ["https://api.github.com/users/minhpqn/orgs"],
    "repos_url": ["https://api.github.com/users/minhpqn/repos"],
    "events_url": ["https://api.github.com/users/minhpqn/events{/privacy}"],
    "received_events_url": ["https://api.github.com/users/minhpqn/received_events"],
    "type": ["User"],
    "site_admin": [false]
  }
]
