[
  {
    "login": ["anilkumarnandamuri"],
    "id": [5524296],
    "node_id": ["MDQ6VXNlcjU1MjQyOTY="],
    "avatar_url": ["https://avatars0.githubusercontent.com/u/5524296?v=4"],
    "gravatar_id": [""],
    "url": ["https://api.github.com/users/anilkumarnandamuri"],
    "html_url": ["https://github.com/anilkumarnandamuri"],
    "followers_url": ["https://api.github.com/users/anilkumarnandamuri/followers"],
    "following_url": ["https://api.github.com/users/anilkumarnandamuri/following{/other_user}"],
    "gists_url": ["https://api.github.com/users/anilkumarnandamuri/gists{/gist_id}"],
    "starred_url": ["https://api.github.com/users/anilkumarnandamuri/starred{/owner}{/repo}"],
    "subscriptions_url": ["https://api.github.com/users/anilkumarnandamuri/subscriptions"],
    "organizations_url": ["https://api.github.com/users/anilkumarnandamuri/orgs"],
    "repos_url": ["https://api.github.com/users/anilkumarnandamuri/repos"],
    "events_url": ["https://api.github.com/users/anilkumarnandamuri/events{/privacy}"],
    "received_events_url": ["https://api.github.com/users/anilkumarnandamuri/received_events"],
    "type": ["User"],
    "site_admin": [false]
  }
]
