[
  {
    "login": ["arka"],
    "id": [67051],
    "node_id": ["MDQ6VXNlcjY3MDUx"],
    "avatar_url": ["https://avatars2.githubusercontent.com/u/67051?v=4"],
    "gravatar_id": [""],
    "url": ["https://api.github.com/users/arka"],
    "html_url": ["https://github.com/arka"],
    "followers_url": ["https://api.github.com/users/arka/followers"],
    "following_url": ["https://api.github.com/users/arka/following{/other_user}"],
    "gists_url": ["https://api.github.com/users/arka/gists{/gist_id}"],
    "starred_url": ["https://api.github.com/users/arka/starred{/owner}{/repo}"],
    "subscriptions_url": ["https://api.github.com/users/arka/subscriptions"],
    "organizations_url": ["https://api.github.com/users/arka/orgs"],
    "repos_url": ["https://api.github.com/users/arka/repos"],
    "events_url": ["https://api.github.com/users/arka/events{/privacy}"],
    "received_events_url": ["https://api.github.com/users/arka/received_events"],
    "type": ["User"],
    "site_admin": [false]
  }
]
