[
  {
    "login": ["gtraines"],
    "id": [5980948],
    "node_id": ["MDQ6VXNlcjU5ODA5NDg="],
    "avatar_url": ["https://avatars3.githubusercontent.com/u/5980948?v=4"],
    "gravatar_id": [""],
    "url": ["https://api.github.com/users/gtraines"],
    "html_url": ["https://github.com/gtraines"],
    "followers_url": ["https://api.github.com/users/gtraines/followers"],
    "following_url": ["https://api.github.com/users/gtraines/following{/other_user}"],
    "gists_url": ["https://api.github.com/users/gtraines/gists{/gist_id}"],
    "starred_url": ["https://api.github.com/users/gtraines/starred{/owner}{/repo}"],
    "subscriptions_url": ["https://api.github.com/users/gtraines/subscriptions"],
    "organizations_url": ["https://api.github.com/users/gtraines/orgs"],
    "repos_url": ["https://api.github.com/users/gtraines/repos"],
    "events_url": ["https://api.github.com/users/gtraines/events{/privacy}"],
    "received_events_url": ["https://api.github.com/users/gtraines/received_events"],
    "type": ["User"],
    "site_admin": [false]
  }
]
