[
  {
    "login": ["rinayulianti"],
    "id": [40913975],
    "node_id": ["MDQ6VXNlcjQwOTEzOTc1"],
    "avatar_url": ["https://avatars2.githubusercontent.com/u/40913975?v=4"],
    "gravatar_id": [""],
    "url": ["https://api.github.com/users/rinayulianti"],
    "html_url": ["https://github.com/rinayulianti"],
    "followers_url": ["https://api.github.com/users/rinayulianti/followers"],
    "following_url": ["https://api.github.com/users/rinayulianti/following{/other_user}"],
    "gists_url": ["https://api.github.com/users/rinayulianti/gists{/gist_id}"],
    "starred_url": ["https://api.github.com/users/rinayulianti/starred{/owner}{/repo}"],
    "subscriptions_url": ["https://api.github.com/users/rinayulianti/subscriptions"],
    "organizations_url": ["https://api.github.com/users/rinayulianti/orgs"],
    "repos_url": ["https://api.github.com/users/rinayulianti/repos"],
    "events_url": ["https://api.github.com/users/rinayulianti/events{/privacy}"],
    "received_events_url": ["https://api.github.com/users/rinayulianti/received_events"],
    "type": ["User"],
    "site_admin": [false]
  }
]
