[
  {
    "login": ["robertjack"],
    "id": [1023269],
    "node_id": ["MDQ6VXNlcjEwMjMyNjk="],
    "avatar_url": ["https://avatars3.githubusercontent.com/u/1023269?v=4"],
    "gravatar_id": [""],
    "url": ["https://api.github.com/users/robertjack"],
    "html_url": ["https://github.com/robertjack"],
    "followers_url": ["https://api.github.com/users/robertjack/followers"],
    "following_url": ["https://api.github.com/users/robertjack/following{/other_user}"],
    "gists_url": ["https://api.github.com/users/robertjack/gists{/gist_id}"],
    "starred_url": ["https://api.github.com/users/robertjack/starred{/owner}{/repo}"],
    "subscriptions_url": ["https://api.github.com/users/robertjack/subscriptions"],
    "organizations_url": ["https://api.github.com/users/robertjack/orgs"],
    "repos_url": ["https://api.github.com/users/robertjack/repos"],
    "events_url": ["https://api.github.com/users/robertjack/events{/privacy}"],
    "received_events_url": ["https://api.github.com/users/robertjack/received_events"],
    "type": ["User"],
    "site_admin": [false]
  }
]
