[
  {
    "login": ["bc1812"],
    "id": [9944148],
    "node_id": ["MDQ6VXNlcjk5NDQxNDg="],
    "avatar_url": ["https://avatars1.githubusercontent.com/u/9944148?v=4"],
    "gravatar_id": [""],
    "url": ["https://api.github.com/users/bc1812"],
    "html_url": ["https://github.com/bc1812"],
    "followers_url": ["https://api.github.com/users/bc1812/followers"],
    "following_url": ["https://api.github.com/users/bc1812/following{/other_user}"],
    "gists_url": ["https://api.github.com/users/bc1812/gists{/gist_id}"],
    "starred_url": ["https://api.github.com/users/bc1812/starred{/owner}{/repo}"],
    "subscriptions_url": ["https://api.github.com/users/bc1812/subscriptions"],
    "organizations_url": ["https://api.github.com/users/bc1812/orgs"],
    "repos_url": ["https://api.github.com/users/bc1812/repos"],
    "events_url": ["https://api.github.com/users/bc1812/events{/privacy}"],
    "received_events_url": ["https://api.github.com/users/bc1812/received_events"],
    "type": ["User"],
    "site_admin": [false]
  }
]
