[
  {
    "login": ["sujitprasad2309"],
    "id": [13486030],
    "node_id": ["MDQ6VXNlcjEzNDg2MDMw"],
    "avatar_url": ["https://avatars1.githubusercontent.com/u/13486030?v=4"],
    "gravatar_id": [""],
    "url": ["https://api.github.com/users/sujitprasad2309"],
    "html_url": ["https://github.com/sujitprasad2309"],
    "followers_url": ["https://api.github.com/users/sujitprasad2309/followers"],
    "following_url": ["https://api.github.com/users/sujitprasad2309/following{/other_user}"],
    "gists_url": ["https://api.github.com/users/sujitprasad2309/gists{/gist_id}"],
    "starred_url": ["https://api.github.com/users/sujitprasad2309/starred{/owner}{/repo}"],
    "subscriptions_url": ["https://api.github.com/users/sujitprasad2309/subscriptions"],
    "organizations_url": ["https://api.github.com/users/sujitprasad2309/orgs"],
    "repos_url": ["https://api.github.com/users/sujitprasad2309/repos"],
    "events_url": ["https://api.github.com/users/sujitprasad2309/events{/privacy}"],
    "received_events_url": ["https://api.github.com/users/sujitprasad2309/received_events"],
    "type": ["User"],
    "site_admin": [false]
  }
]
