[
  {
    "login": ["thefuryelement"],
    "id": [20333476],
    "node_id": ["MDQ6VXNlcjIwMzMzNDc2"],
    "avatar_url": ["https://avatars1.githubusercontent.com/u/20333476?v=4"],
    "gravatar_id": [""],
    "url": ["https://api.github.com/users/thefuryelement"],
    "html_url": ["https://github.com/thefuryelement"],
    "followers_url": ["https://api.github.com/users/thefuryelement/followers"],
    "following_url": ["https://api.github.com/users/thefuryelement/following{/other_user}"],
    "gists_url": ["https://api.github.com/users/thefuryelement/gists{/gist_id}"],
    "starred_url": ["https://api.github.com/users/thefuryelement/starred{/owner}{/repo}"],
    "subscriptions_url": ["https://api.github.com/users/thefuryelement/subscriptions"],
    "organizations_url": ["https://api.github.com/users/thefuryelement/orgs"],
    "repos_url": ["https://api.github.com/users/thefuryelement/repos"],
    "events_url": ["https://api.github.com/users/thefuryelement/events{/privacy}"],
    "received_events_url": ["https://api.github.com/users/thefuryelement/received_events"],
    "type": ["User"],
    "site_admin": [false]
  }
]
