[
  {
    "login": ["hiteshdua1"],
    "id": [1966349],
    "node_id": ["MDQ6VXNlcjE5NjYzNDk="],
    "avatar_url": ["https://avatars2.githubusercontent.com/u/1966349?v=4"],
    "gravatar_id": [""],
    "url": ["https://api.github.com/users/hiteshdua1"],
    "html_url": ["https://github.com/hiteshdua1"],
    "followers_url": ["https://api.github.com/users/hiteshdua1/followers"],
    "following_url": ["https://api.github.com/users/hiteshdua1/following{/other_user}"],
    "gists_url": ["https://api.github.com/users/hiteshdua1/gists{/gist_id}"],
    "starred_url": ["https://api.github.com/users/hiteshdua1/starred{/owner}{/repo}"],
    "subscriptions_url": ["https://api.github.com/users/hiteshdua1/subscriptions"],
    "organizations_url": ["https://api.github.com/users/hiteshdua1/orgs"],
    "repos_url": ["https://api.github.com/users/hiteshdua1/repos"],
    "events_url": ["https://api.github.com/users/hiteshdua1/events{/privacy}"],
    "received_events_url": ["https://api.github.com/users/hiteshdua1/received_events"],
    "type": ["User"],
    "site_admin": [false]
  }
]
