[
  {
    "login": ["mkhm"],
    "id": [6302765],
    "node_id": ["MDQ6VXNlcjYzMDI3NjU="],
    "avatar_url": ["https://avatars1.githubusercontent.com/u/6302765?v=4"],
    "gravatar_id": [""],
    "url": ["https://api.github.com/users/mkhm"],
    "html_url": ["https://github.com/mkhm"],
    "followers_url": ["https://api.github.com/users/mkhm/followers"],
    "following_url": ["https://api.github.com/users/mkhm/following{/other_user}"],
    "gists_url": ["https://api.github.com/users/mkhm/gists{/gist_id}"],
    "starred_url": ["https://api.github.com/users/mkhm/starred{/owner}{/repo}"],
    "subscriptions_url": ["https://api.github.com/users/mkhm/subscriptions"],
    "organizations_url": ["https://api.github.com/users/mkhm/orgs"],
    "repos_url": ["https://api.github.com/users/mkhm/repos"],
    "events_url": ["https://api.github.com/users/mkhm/events{/privacy}"],
    "received_events_url": ["https://api.github.com/users/mkhm/received_events"],
    "type": ["User"],
    "site_admin": [false]
  }
]
