[
  {
    "login": ["alwayssai"],
    "id": [8786924],
    "node_id": ["MDQ6VXNlcjg3ODY5MjQ="],
    "avatar_url": ["https://avatars0.githubusercontent.com/u/8786924?v=4"],
    "gravatar_id": [""],
    "url": ["https://api.github.com/users/alwayssai"],
    "html_url": ["https://github.com/alwayssai"],
    "followers_url": ["https://api.github.com/users/alwayssai/followers"],
    "following_url": ["https://api.github.com/users/alwayssai/following{/other_user}"],
    "gists_url": ["https://api.github.com/users/alwayssai/gists{/gist_id}"],
    "starred_url": ["https://api.github.com/users/alwayssai/starred{/owner}{/repo}"],
    "subscriptions_url": ["https://api.github.com/users/alwayssai/subscriptions"],
    "organizations_url": ["https://api.github.com/users/alwayssai/orgs"],
    "repos_url": ["https://api.github.com/users/alwayssai/repos"],
    "events_url": ["https://api.github.com/users/alwayssai/events{/privacy}"],
    "received_events_url": ["https://api.github.com/users/alwayssai/received_events"],
    "type": ["User"],
    "site_admin": [false]
  }
]
