[
  {
    "login": ["shubhsoni"],
    "id": [29355795],
    "node_id": ["MDQ6VXNlcjI5MzU1Nzk1"],
    "avatar_url": ["https://avatars0.githubusercontent.com/u/29355795?v=4"],
    "gravatar_id": [""],
    "url": ["https://api.github.com/users/shubhsoni"],
    "html_url": ["https://github.com/shubhsoni"],
    "followers_url": ["https://api.github.com/users/shubhsoni/followers"],
    "following_url": ["https://api.github.com/users/shubhsoni/following{/other_user}"],
    "gists_url": ["https://api.github.com/users/shubhsoni/gists{/gist_id}"],
    "starred_url": ["https://api.github.com/users/shubhsoni/starred{/owner}{/repo}"],
    "subscriptions_url": ["https://api.github.com/users/shubhsoni/subscriptions"],
    "organizations_url": ["https://api.github.com/users/shubhsoni/orgs"],
    "repos_url": ["https://api.github.com/users/shubhsoni/repos"],
    "events_url": ["https://api.github.com/users/shubhsoni/events{/privacy}"],
    "received_events_url": ["https://api.github.com/users/shubhsoni/received_events"],
    "type": ["User"],
    "site_admin": [false]
  }
]
