[
  {
    "login": ["dfinley"],
    "id": [5496492],
    "node_id": ["MDQ6VXNlcjU0OTY0OTI="],
    "avatar_url": ["https://avatars0.githubusercontent.com/u/5496492?v=4"],
    "gravatar_id": [""],
    "url": ["https://api.github.com/users/dfinley"],
    "html_url": ["https://github.com/dfinley"],
    "followers_url": ["https://api.github.com/users/dfinley/followers"],
    "following_url": ["https://api.github.com/users/dfinley/following{/other_user}"],
    "gists_url": ["https://api.github.com/users/dfinley/gists{/gist_id}"],
    "starred_url": ["https://api.github.com/users/dfinley/starred{/owner}{/repo}"],
    "subscriptions_url": ["https://api.github.com/users/dfinley/subscriptions"],
    "organizations_url": ["https://api.github.com/users/dfinley/orgs"],
    "repos_url": ["https://api.github.com/users/dfinley/repos"],
    "events_url": ["https://api.github.com/users/dfinley/events{/privacy}"],
    "received_events_url": ["https://api.github.com/users/dfinley/received_events"],
    "type": ["User"],
    "site_admin": [false]
  }
]
