[
  {
    "login": ["susanli2016"],
    "id": [24217243],
    "node_id": ["MDQ6VXNlcjI0MjE3MjQz"],
    "avatar_url": ["https://avatars1.githubusercontent.com/u/24217243?v=4"],
    "gravatar_id": [""],
    "url": ["https://api.github.com/users/susanli2016"],
    "html_url": ["https://github.com/susanli2016"],
    "followers_url": ["https://api.github.com/users/susanli2016/followers"],
    "following_url": ["https://api.github.com/users/susanli2016/following{/other_user}"],
    "gists_url": ["https://api.github.com/users/susanli2016/gists{/gist_id}"],
    "starred_url": ["https://api.github.com/users/susanli2016/starred{/owner}{/repo}"],
    "subscriptions_url": ["https://api.github.com/users/susanli2016/subscriptions"],
    "organizations_url": ["https://api.github.com/users/susanli2016/orgs"],
    "repos_url": ["https://api.github.com/users/susanli2016/repos"],
    "events_url": ["https://api.github.com/users/susanli2016/events{/privacy}"],
    "received_events_url": ["https://api.github.com/users/susanli2016/received_events"],
    "type": ["User"],
    "site_admin": [false]
  }
]
