[
  {
    "login": ["matthewfeickert"],
    "id": [5142394],
    "node_id": ["MDQ6VXNlcjUxNDIzOTQ="],
    "avatar_url": ["https://avatars3.githubusercontent.com/u/5142394?v=4"],
    "gravatar_id": [""],
    "url": ["https://api.github.com/users/matthewfeickert"],
    "html_url": ["https://github.com/matthewfeickert"],
    "followers_url": ["https://api.github.com/users/matthewfeickert/followers"],
    "following_url": ["https://api.github.com/users/matthewfeickert/following{/other_user}"],
    "gists_url": ["https://api.github.com/users/matthewfeickert/gists{/gist_id}"],
    "starred_url": ["https://api.github.com/users/matthewfeickert/starred{/owner}{/repo}"],
    "subscriptions_url": ["https://api.github.com/users/matthewfeickert/subscriptions"],
    "organizations_url": ["https://api.github.com/users/matthewfeickert/orgs"],
    "repos_url": ["https://api.github.com/users/matthewfeickert/repos"],
    "events_url": ["https://api.github.com/users/matthewfeickert/events{/privacy}"],
    "received_events_url": ["https://api.github.com/users/matthewfeickert/received_events"],
    "type": ["User"],
    "site_admin": [false]
  }
]
