[
  {
    "login": ["xpfans"],
    "id": [3907700],
    "node_id": ["MDQ6VXNlcjM5MDc3MDA="],
    "avatar_url": ["https://avatars3.githubusercontent.com/u/3907700?v=4"],
    "gravatar_id": [""],
    "url": ["https://api.github.com/users/xpfans"],
    "html_url": ["https://github.com/xpfans"],
    "followers_url": ["https://api.github.com/users/xpfans/followers"],
    "following_url": ["https://api.github.com/users/xpfans/following{/other_user}"],
    "gists_url": ["https://api.github.com/users/xpfans/gists{/gist_id}"],
    "starred_url": ["https://api.github.com/users/xpfans/starred{/owner}{/repo}"],
    "subscriptions_url": ["https://api.github.com/users/xpfans/subscriptions"],
    "organizations_url": ["https://api.github.com/users/xpfans/orgs"],
    "repos_url": ["https://api.github.com/users/xpfans/repos"],
    "events_url": ["https://api.github.com/users/xpfans/events{/privacy}"],
    "received_events_url": ["https://api.github.com/users/xpfans/received_events"],
    "type": ["User"],
    "site_admin": [false]
  }
]
