[
  {
    "login": ["roshanjonah"],
    "id": [20136098],
    "node_id": ["MDQ6VXNlcjIwMTM2MDk4"],
    "avatar_url": ["https://avatars2.githubusercontent.com/u/20136098?v=4"],
    "gravatar_id": [""],
    "url": ["https://api.github.com/users/roshanjonah"],
    "html_url": ["https://github.com/roshanjonah"],
    "followers_url": ["https://api.github.com/users/roshanjonah/followers"],
    "following_url": ["https://api.github.com/users/roshanjonah/following{/other_user}"],
    "gists_url": ["https://api.github.com/users/roshanjonah/gists{/gist_id}"],
    "starred_url": ["https://api.github.com/users/roshanjonah/starred{/owner}{/repo}"],
    "subscriptions_url": ["https://api.github.com/users/roshanjonah/subscriptions"],
    "organizations_url": ["https://api.github.com/users/roshanjonah/orgs"],
    "repos_url": ["https://api.github.com/users/roshanjonah/repos"],
    "events_url": ["https://api.github.com/users/roshanjonah/events{/privacy}"],
    "received_events_url": ["https://api.github.com/users/roshanjonah/received_events"],
    "type": ["User"],
    "site_admin": [false]
  }
]
