[
  {
    "login": ["NimritaKoul"],
    "id": [29142616],
    "node_id": ["MDQ6VXNlcjI5MTQyNjE2"],
    "avatar_url": ["https://avatars2.githubusercontent.com/u/29142616?v=4"],
    "gravatar_id": [""],
    "url": ["https://api.github.com/users/NimritaKoul"],
    "html_url": ["https://github.com/NimritaKoul"],
    "followers_url": ["https://api.github.com/users/NimritaKoul/followers"],
    "following_url": ["https://api.github.com/users/NimritaKoul/following{/other_user}"],
    "gists_url": ["https://api.github.com/users/NimritaKoul/gists{/gist_id}"],
    "starred_url": ["https://api.github.com/users/NimritaKoul/starred{/owner}{/repo}"],
    "subscriptions_url": ["https://api.github.com/users/NimritaKoul/subscriptions"],
    "organizations_url": ["https://api.github.com/users/NimritaKoul/orgs"],
    "repos_url": ["https://api.github.com/users/NimritaKoul/repos"],
    "events_url": ["https://api.github.com/users/NimritaKoul/events{/privacy}"],
    "received_events_url": ["https://api.github.com/users/NimritaKoul/received_events"],
    "type": ["User"],
    "site_admin": [false]
  }
]
