[
  {
    "login": ["XuDong-Zhang"],
    "id": [14347101],
    "node_id": ["MDQ6VXNlcjE0MzQ3MTAx"],
    "avatar_url": ["https://avatars3.githubusercontent.com/u/14347101?v=4"],
    "gravatar_id": [""],
    "url": ["https://api.github.com/users/XuDong-Zhang"],
    "html_url": ["https://github.com/XuDong-Zhang"],
    "followers_url": ["https://api.github.com/users/XuDong-Zhang/followers"],
    "following_url": ["https://api.github.com/users/XuDong-Zhang/following{/other_user}"],
    "gists_url": ["https://api.github.com/users/XuDong-Zhang/gists{/gist_id}"],
    "starred_url": ["https://api.github.com/users/XuDong-Zhang/starred{/owner}{/repo}"],
    "subscriptions_url": ["https://api.github.com/users/XuDong-Zhang/subscriptions"],
    "organizations_url": ["https://api.github.com/users/XuDong-Zhang/orgs"],
    "repos_url": ["https://api.github.com/users/XuDong-Zhang/repos"],
    "events_url": ["https://api.github.com/users/XuDong-Zhang/events{/privacy}"],
    "received_events_url": ["https://api.github.com/users/XuDong-Zhang/received_events"],
    "type": ["User"],
    "site_admin": [false]
  }
]
