[
  {
    "login": ["isu17"],
    "id": [29686916],
    "node_id": ["MDQ6VXNlcjI5Njg2OTE2"],
    "avatar_url": ["https://avatars0.githubusercontent.com/u/29686916?v=4"],
    "gravatar_id": [""],
    "url": ["https://api.github.com/users/isu17"],
    "html_url": ["https://github.com/isu17"],
    "followers_url": ["https://api.github.com/users/isu17/followers"],
    "following_url": ["https://api.github.com/users/isu17/following{/other_user}"],
    "gists_url": ["https://api.github.com/users/isu17/gists{/gist_id}"],
    "starred_url": ["https://api.github.com/users/isu17/starred{/owner}{/repo}"],
    "subscriptions_url": ["https://api.github.com/users/isu17/subscriptions"],
    "organizations_url": ["https://api.github.com/users/isu17/orgs"],
    "repos_url": ["https://api.github.com/users/isu17/repos"],
    "events_url": ["https://api.github.com/users/isu17/events{/privacy}"],
    "received_events_url": ["https://api.github.com/users/isu17/received_events"],
    "type": ["User"],
    "site_admin": [false]
  }
]
