[
  {
    "login": ["b-patel"],
    "id": [5340177],
    "node_id": ["MDQ6VXNlcjUzNDAxNzc="],
    "avatar_url": ["https://avatars2.githubusercontent.com/u/5340177?v=4"],
    "gravatar_id": [""],
    "url": ["https://api.github.com/users/b-patel"],
    "html_url": ["https://github.com/b-patel"],
    "followers_url": ["https://api.github.com/users/b-patel/followers"],
    "following_url": ["https://api.github.com/users/b-patel/following{/other_user}"],
    "gists_url": ["https://api.github.com/users/b-patel/gists{/gist_id}"],
    "starred_url": ["https://api.github.com/users/b-patel/starred{/owner}{/repo}"],
    "subscriptions_url": ["https://api.github.com/users/b-patel/subscriptions"],
    "organizations_url": ["https://api.github.com/users/b-patel/orgs"],
    "repos_url": ["https://api.github.com/users/b-patel/repos"],
    "events_url": ["https://api.github.com/users/b-patel/events{/privacy}"],
    "received_events_url": ["https://api.github.com/users/b-patel/received_events"],
    "type": ["User"],
    "site_admin": [false]
  }
]
