[
  {
    "login": ["lanzheng0728"],
    "id": [11345890],
    "node_id": ["MDQ6VXNlcjExMzQ1ODkw"],
    "avatar_url": ["https://avatars3.githubusercontent.com/u/11345890?v=4"],
    "gravatar_id": [""],
    "url": ["https://api.github.com/users/lanzheng0728"],
    "html_url": ["https://github.com/lanzheng0728"],
    "followers_url": ["https://api.github.com/users/lanzheng0728/followers"],
    "following_url": ["https://api.github.com/users/lanzheng0728/following{/other_user}"],
    "gists_url": ["https://api.github.com/users/lanzheng0728/gists{/gist_id}"],
    "starred_url": ["https://api.github.com/users/lanzheng0728/starred{/owner}{/repo}"],
    "subscriptions_url": ["https://api.github.com/users/lanzheng0728/subscriptions"],
    "organizations_url": ["https://api.github.com/users/lanzheng0728/orgs"],
    "repos_url": ["https://api.github.com/users/lanzheng0728/repos"],
    "events_url": ["https://api.github.com/users/lanzheng0728/events{/privacy}"],
    "received_events_url": ["https://api.github.com/users/lanzheng0728/received_events"],
    "type": ["User"],
    "site_admin": [false]
  }
]
