[
  {
    "login": ["Xenerberg"],
    "id": [4919226],
    "node_id": ["MDQ6VXNlcjQ5MTkyMjY="],
    "avatar_url": ["https://avatars1.githubusercontent.com/u/4919226?v=4"],
    "gravatar_id": [""],
    "url": ["https://api.github.com/users/Xenerberg"],
    "html_url": ["https://github.com/Xenerberg"],
    "followers_url": ["https://api.github.com/users/Xenerberg/followers"],
    "following_url": ["https://api.github.com/users/Xenerberg/following{/other_user}"],
    "gists_url": ["https://api.github.com/users/Xenerberg/gists{/gist_id}"],
    "starred_url": ["https://api.github.com/users/Xenerberg/starred{/owner}{/repo}"],
    "subscriptions_url": ["https://api.github.com/users/Xenerberg/subscriptions"],
    "organizations_url": ["https://api.github.com/users/Xenerberg/orgs"],
    "repos_url": ["https://api.github.com/users/Xenerberg/repos"],
    "events_url": ["https://api.github.com/users/Xenerberg/events{/privacy}"],
    "received_events_url": ["https://api.github.com/users/Xenerberg/received_events"],
    "type": ["User"],
    "site_admin": [false]
  }
]
