[
  {
    "login": ["chenruibin"],
    "id": [15718639],
    "node_id": ["MDQ6VXNlcjE1NzE4NjM5"],
    "avatar_url": ["https://avatars3.githubusercontent.com/u/15718639?v=4"],
    "gravatar_id": [""],
    "url": ["https://api.github.com/users/chenruibin"],
    "html_url": ["https://github.com/chenruibin"],
    "followers_url": ["https://api.github.com/users/chenruibin/followers"],
    "following_url": ["https://api.github.com/users/chenruibin/following{/other_user}"],
    "gists_url": ["https://api.github.com/users/chenruibin/gists{/gist_id}"],
    "starred_url": ["https://api.github.com/users/chenruibin/starred{/owner}{/repo}"],
    "subscriptions_url": ["https://api.github.com/users/chenruibin/subscriptions"],
    "organizations_url": ["https://api.github.com/users/chenruibin/orgs"],
    "repos_url": ["https://api.github.com/users/chenruibin/repos"],
    "events_url": ["https://api.github.com/users/chenruibin/events{/privacy}"],
    "received_events_url": ["https://api.github.com/users/chenruibin/received_events"],
    "type": ["User"],
    "site_admin": [false]
  }
]
