[
  {
    "login": ["patonoide"],
    "id": [11774529],
    "node_id": ["MDQ6VXNlcjExNzc0NTI5"],
    "avatar_url": ["https://avatars0.githubusercontent.com/u/11774529?v=4"],
    "gravatar_id": [""],
    "url": ["https://api.github.com/users/patonoide"],
    "html_url": ["https://github.com/patonoide"],
    "followers_url": ["https://api.github.com/users/patonoide/followers"],
    "following_url": ["https://api.github.com/users/patonoide/following{/other_user}"],
    "gists_url": ["https://api.github.com/users/patonoide/gists{/gist_id}"],
    "starred_url": ["https://api.github.com/users/patonoide/starred{/owner}{/repo}"],
    "subscriptions_url": ["https://api.github.com/users/patonoide/subscriptions"],
    "organizations_url": ["https://api.github.com/users/patonoide/orgs"],
    "repos_url": ["https://api.github.com/users/patonoide/repos"],
    "events_url": ["https://api.github.com/users/patonoide/events{/privacy}"],
    "received_events_url": ["https://api.github.com/users/patonoide/received_events"],
    "type": ["User"],
    "site_admin": [false]
  }
]
