[
  {
    "login": ["eleyeth"],
    "id": [20803772],
    "node_id": ["MDQ6VXNlcjIwODAzNzcy"],
    "avatar_url": ["https://avatars2.githubusercontent.com/u/20803772?v=4"],
    "gravatar_id": [""],
    "url": ["https://api.github.com/users/eleyeth"],
    "html_url": ["https://github.com/eleyeth"],
    "followers_url": ["https://api.github.com/users/eleyeth/followers"],
    "following_url": ["https://api.github.com/users/eleyeth/following{/other_user}"],
    "gists_url": ["https://api.github.com/users/eleyeth/gists{/gist_id}"],
    "starred_url": ["https://api.github.com/users/eleyeth/starred{/owner}{/repo}"],
    "subscriptions_url": ["https://api.github.com/users/eleyeth/subscriptions"],
    "organizations_url": ["https://api.github.com/users/eleyeth/orgs"],
    "repos_url": ["https://api.github.com/users/eleyeth/repos"],
    "events_url": ["https://api.github.com/users/eleyeth/events{/privacy}"],
    "received_events_url": ["https://api.github.com/users/eleyeth/received_events"],
    "type": ["User"],
    "site_admin": [false]
  }
]
