[
  {
    "login": ["mushfiqulIslam"],
    "id": [34342460],
    "node_id": ["MDQ6VXNlcjM0MzQyNDYw"],
    "avatar_url": ["https://avatars2.githubusercontent.com/u/34342460?v=4"],
    "gravatar_id": [""],
    "url": ["https://api.github.com/users/mushfiqulIslam"],
    "html_url": ["https://github.com/mushfiqulIslam"],
    "followers_url": ["https://api.github.com/users/mushfiqulIslam/followers"],
    "following_url": ["https://api.github.com/users/mushfiqulIslam/following{/other_user}"],
    "gists_url": ["https://api.github.com/users/mushfiqulIslam/gists{/gist_id}"],
    "starred_url": ["https://api.github.com/users/mushfiqulIslam/starred{/owner}{/repo}"],
    "subscriptions_url": ["https://api.github.com/users/mushfiqulIslam/subscriptions"],
    "organizations_url": ["https://api.github.com/users/mushfiqulIslam/orgs"],
    "repos_url": ["https://api.github.com/users/mushfiqulIslam/repos"],
    "events_url": ["https://api.github.com/users/mushfiqulIslam/events{/privacy}"],
    "received_events_url": ["https://api.github.com/users/mushfiqulIslam/received_events"],
    "type": ["User"],
    "site_admin": [false]
  }
]
