[
  {
    "login": ["rakeshksaraf"],
    "id": [16104404],
    "node_id": ["MDQ6VXNlcjE2MTA0NDA0"],
    "avatar_url": ["https://avatars3.githubusercontent.com/u/16104404?v=4"],
    "gravatar_id": [""],
    "url": ["https://api.github.com/users/rakeshksaraf"],
    "html_url": ["https://github.com/rakeshksaraf"],
    "followers_url": ["https://api.github.com/users/rakeshksaraf/followers"],
    "following_url": ["https://api.github.com/users/rakeshksaraf/following{/other_user}"],
    "gists_url": ["https://api.github.com/users/rakeshksaraf/gists{/gist_id}"],
    "starred_url": ["https://api.github.com/users/rakeshksaraf/starred{/owner}{/repo}"],
    "subscriptions_url": ["https://api.github.com/users/rakeshksaraf/subscriptions"],
    "organizations_url": ["https://api.github.com/users/rakeshksaraf/orgs"],
    "repos_url": ["https://api.github.com/users/rakeshksaraf/repos"],
    "events_url": ["https://api.github.com/users/rakeshksaraf/events{/privacy}"],
    "received_events_url": ["https://api.github.com/users/rakeshksaraf/received_events"],
    "type": ["User"],
    "site_admin": [false]
  }
]
