[
  {
    "login": ["simonbaier"],
    "id": [615713],
    "node_id": ["MDQ6VXNlcjYxNTcxMw=="],
    "avatar_url": ["https://avatars0.githubusercontent.com/u/615713?v=4"],
    "gravatar_id": [""],
    "url": ["https://api.github.com/users/simonbaier"],
    "html_url": ["https://github.com/simonbaier"],
    "followers_url": ["https://api.github.com/users/simonbaier/followers"],
    "following_url": ["https://api.github.com/users/simonbaier/following{/other_user}"],
    "gists_url": ["https://api.github.com/users/simonbaier/gists{/gist_id}"],
    "starred_url": ["https://api.github.com/users/simonbaier/starred{/owner}{/repo}"],
    "subscriptions_url": ["https://api.github.com/users/simonbaier/subscriptions"],
    "organizations_url": ["https://api.github.com/users/simonbaier/orgs"],
    "repos_url": ["https://api.github.com/users/simonbaier/repos"],
    "events_url": ["https://api.github.com/users/simonbaier/events{/privacy}"],
    "received_events_url": ["https://api.github.com/users/simonbaier/received_events"],
    "type": ["User"],
    "site_admin": [false]
  }
]
