[
  {
    "login": ["trevormozingo"],
    "id": [9957720],
    "node_id": ["MDQ6VXNlcjk5NTc3MjA="],
    "avatar_url": ["https://avatars3.githubusercontent.com/u/9957720?v=4"],
    "gravatar_id": [""],
    "url": ["https://api.github.com/users/trevormozingo"],
    "html_url": ["https://github.com/trevormozingo"],
    "followers_url": ["https://api.github.com/users/trevormozingo/followers"],
    "following_url": ["https://api.github.com/users/trevormozingo/following{/other_user}"],
    "gists_url": ["https://api.github.com/users/trevormozingo/gists{/gist_id}"],
    "starred_url": ["https://api.github.com/users/trevormozingo/starred{/owner}{/repo}"],
    "subscriptions_url": ["https://api.github.com/users/trevormozingo/subscriptions"],
    "organizations_url": ["https://api.github.com/users/trevormozingo/orgs"],
    "repos_url": ["https://api.github.com/users/trevormozingo/repos"],
    "events_url": ["https://api.github.com/users/trevormozingo/events{/privacy}"],
    "received_events_url": ["https://api.github.com/users/trevormozingo/received_events"],
    "type": ["User"],
    "site_admin": [false]
  }
]
