[
  {
    "login": ["jonathanegol"],
    "id": [11355405],
    "node_id": ["MDQ6VXNlcjExMzU1NDA1"],
    "avatar_url": ["https://avatars0.githubusercontent.com/u/11355405?v=4"],
    "gravatar_id": [""],
    "url": ["https://api.github.com/users/jonathanegol"],
    "html_url": ["https://github.com/jonathanegol"],
    "followers_url": ["https://api.github.com/users/jonathanegol/followers"],
    "following_url": ["https://api.github.com/users/jonathanegol/following{/other_user}"],
    "gists_url": ["https://api.github.com/users/jonathanegol/gists{/gist_id}"],
    "starred_url": ["https://api.github.com/users/jonathanegol/starred{/owner}{/repo}"],
    "subscriptions_url": ["https://api.github.com/users/jonathanegol/subscriptions"],
    "organizations_url": ["https://api.github.com/users/jonathanegol/orgs"],
    "repos_url": ["https://api.github.com/users/jonathanegol/repos"],
    "events_url": ["https://api.github.com/users/jonathanegol/events{/privacy}"],
    "received_events_url": ["https://api.github.com/users/jonathanegol/received_events"],
    "type": ["User"],
    "site_admin": [false]
  }
]
