[
  {
    "login": ["santiagosalamanca"],
    "id": [20550536],
    "node_id": ["MDQ6VXNlcjIwNTUwNTM2"],
    "avatar_url": ["https://avatars1.githubusercontent.com/u/20550536?v=4"],
    "gravatar_id": [""],
    "url": ["https://api.github.com/users/santiagosalamanca"],
    "html_url": ["https://github.com/santiagosalamanca"],
    "followers_url": ["https://api.github.com/users/santiagosalamanca/followers"],
    "following_url": ["https://api.github.com/users/santiagosalamanca/following{/other_user}"],
    "gists_url": ["https://api.github.com/users/santiagosalamanca/gists{/gist_id}"],
    "starred_url": ["https://api.github.com/users/santiagosalamanca/starred{/owner}{/repo}"],
    "subscriptions_url": ["https://api.github.com/users/santiagosalamanca/subscriptions"],
    "organizations_url": ["https://api.github.com/users/santiagosalamanca/orgs"],
    "repos_url": ["https://api.github.com/users/santiagosalamanca/repos"],
    "events_url": ["https://api.github.com/users/santiagosalamanca/events{/privacy}"],
    "received_events_url": ["https://api.github.com/users/santiagosalamanca/received_events"],
    "type": ["User"],
    "site_admin": [false]
  }
]
