[
  {
    "login": ["brambleena"],
    "id": [3531109],
    "node_id": ["MDQ6VXNlcjM1MzExMDk="],
    "avatar_url": ["https://avatars0.githubusercontent.com/u/3531109?v=4"],
    "gravatar_id": [""],
    "url": ["https://api.github.com/users/brambleena"],
    "html_url": ["https://github.com/brambleena"],
    "followers_url": ["https://api.github.com/users/brambleena/followers"],
    "following_url": ["https://api.github.com/users/brambleena/following{/other_user}"],
    "gists_url": ["https://api.github.com/users/brambleena/gists{/gist_id}"],
    "starred_url": ["https://api.github.com/users/brambleena/starred{/owner}{/repo}"],
    "subscriptions_url": ["https://api.github.com/users/brambleena/subscriptions"],
    "organizations_url": ["https://api.github.com/users/brambleena/orgs"],
    "repos_url": ["https://api.github.com/users/brambleena/repos"],
    "events_url": ["https://api.github.com/users/brambleena/events{/privacy}"],
    "received_events_url": ["https://api.github.com/users/brambleena/received_events"],
    "type": ["User"],
    "site_admin": [false]
  }
]
