[
  {
    "login": ["KhondokerTanvirHossain"],
    "id": [19868591],
    "node_id": ["MDQ6VXNlcjE5ODY4NTkx"],
    "avatar_url": ["https://avatars2.githubusercontent.com/u/19868591?v=4"],
    "gravatar_id": [""],
    "url": ["https://api.github.com/users/KhondokerTanvirHossain"],
    "html_url": ["https://github.com/KhondokerTanvirHossain"],
    "followers_url": ["https://api.github.com/users/KhondokerTanvirHossain/followers"],
    "following_url": ["https://api.github.com/users/KhondokerTanvirHossain/following{/other_user}"],
    "gists_url": ["https://api.github.com/users/KhondokerTanvirHossain/gists{/gist_id}"],
    "starred_url": ["https://api.github.com/users/KhondokerTanvirHossain/starred{/owner}{/repo}"],
    "subscriptions_url": ["https://api.github.com/users/KhondokerTanvirHossain/subscriptions"],
    "organizations_url": ["https://api.github.com/users/KhondokerTanvirHossain/orgs"],
    "repos_url": ["https://api.github.com/users/KhondokerTanvirHossain/repos"],
    "events_url": ["https://api.github.com/users/KhondokerTanvirHossain/events{/privacy}"],
    "received_events_url": ["https://api.github.com/users/KhondokerTanvirHossain/received_events"],
    "type": ["User"],
    "site_admin": [false]
  }
]
