[
  {
    "login": ["guptarohit"],
    "id": [7895001],
    "node_id": ["MDQ6VXNlcjc4OTUwMDE="],
    "avatar_url": ["https://avatars3.githubusercontent.com/u/7895001?v=4"],
    "gravatar_id": [""],
    "url": ["https://api.github.com/users/guptarohit"],
    "html_url": ["https://github.com/guptarohit"],
    "followers_url": ["https://api.github.com/users/guptarohit/followers"],
    "following_url": ["https://api.github.com/users/guptarohit/following{/other_user}"],
    "gists_url": ["https://api.github.com/users/guptarohit/gists{/gist_id}"],
    "starred_url": ["https://api.github.com/users/guptarohit/starred{/owner}{/repo}"],
    "subscriptions_url": ["https://api.github.com/users/guptarohit/subscriptions"],
    "organizations_url": ["https://api.github.com/users/guptarohit/orgs"],
    "repos_url": ["https://api.github.com/users/guptarohit/repos"],
    "events_url": ["https://api.github.com/users/guptarohit/events{/privacy}"],
    "received_events_url": ["https://api.github.com/users/guptarohit/received_events"],
    "type": ["User"],
    "site_admin": [false]
  }
]
