[
  {
    "login": ["superlaw"],
    "id": [7943955],
    "node_id": ["MDQ6VXNlcjc5NDM5NTU="],
    "avatar_url": ["https://avatars1.githubusercontent.com/u/7943955?v=4"],
    "gravatar_id": [""],
    "url": ["https://api.github.com/users/superlaw"],
    "html_url": ["https://github.com/superlaw"],
    "followers_url": ["https://api.github.com/users/superlaw/followers"],
    "following_url": ["https://api.github.com/users/superlaw/following{/other_user}"],
    "gists_url": ["https://api.github.com/users/superlaw/gists{/gist_id}"],
    "starred_url": ["https://api.github.com/users/superlaw/starred{/owner}{/repo}"],
    "subscriptions_url": ["https://api.github.com/users/superlaw/subscriptions"],
    "organizations_url": ["https://api.github.com/users/superlaw/orgs"],
    "repos_url": ["https://api.github.com/users/superlaw/repos"],
    "events_url": ["https://api.github.com/users/superlaw/events{/privacy}"],
    "received_events_url": ["https://api.github.com/users/superlaw/received_events"],
    "type": ["User"],
    "site_admin": [false]
  }
]
