[
  {
    "login": ["ablearellano"],
    "id": [7059016],
    "node_id": ["MDQ6VXNlcjcwNTkwMTY="],
    "avatar_url": ["https://avatars1.githubusercontent.com/u/7059016?v=4"],
    "gravatar_id": [""],
    "url": ["https://api.github.com/users/ablearellano"],
    "html_url": ["https://github.com/ablearellano"],
    "followers_url": ["https://api.github.com/users/ablearellano/followers"],
    "following_url": ["https://api.github.com/users/ablearellano/following{/other_user}"],
    "gists_url": ["https://api.github.com/users/ablearellano/gists{/gist_id}"],
    "starred_url": ["https://api.github.com/users/ablearellano/starred{/owner}{/repo}"],
    "subscriptions_url": ["https://api.github.com/users/ablearellano/subscriptions"],
    "organizations_url": ["https://api.github.com/users/ablearellano/orgs"],
    "repos_url": ["https://api.github.com/users/ablearellano/repos"],
    "events_url": ["https://api.github.com/users/ablearellano/events{/privacy}"],
    "received_events_url": ["https://api.github.com/users/ablearellano/received_events"],
    "type": ["User"],
    "site_admin": [false]
  }
]
