[
  {
    "login": ["mingz2013"],
    "id": [6958058],
    "node_id": ["MDQ6VXNlcjY5NTgwNTg="],
    "avatar_url": ["https://avatars2.githubusercontent.com/u/6958058?v=4"],
    "gravatar_id": [""],
    "url": ["https://api.github.com/users/mingz2013"],
    "html_url": ["https://github.com/mingz2013"],
    "followers_url": ["https://api.github.com/users/mingz2013/followers"],
    "following_url": ["https://api.github.com/users/mingz2013/following{/other_user}"],
    "gists_url": ["https://api.github.com/users/mingz2013/gists{/gist_id}"],
    "starred_url": ["https://api.github.com/users/mingz2013/starred{/owner}{/repo}"],
    "subscriptions_url": ["https://api.github.com/users/mingz2013/subscriptions"],
    "organizations_url": ["https://api.github.com/users/mingz2013/orgs"],
    "repos_url": ["https://api.github.com/users/mingz2013/repos"],
    "events_url": ["https://api.github.com/users/mingz2013/events{/privacy}"],
    "received_events_url": ["https://api.github.com/users/mingz2013/received_events"],
    "type": ["User"],
    "site_admin": [false]
  }
]
