[
  {
    "login": ["drotich"],
    "id": [38701478],
    "node_id": ["MDQ6VXNlcjM4NzAxNDc4"],
    "avatar_url": ["https://avatars0.githubusercontent.com/u/38701478?v=4"],
    "gravatar_id": [""],
    "url": ["https://api.github.com/users/drotich"],
    "html_url": ["https://github.com/drotich"],
    "followers_url": ["https://api.github.com/users/drotich/followers"],
    "following_url": ["https://api.github.com/users/drotich/following{/other_user}"],
    "gists_url": ["https://api.github.com/users/drotich/gists{/gist_id}"],
    "starred_url": ["https://api.github.com/users/drotich/starred{/owner}{/repo}"],
    "subscriptions_url": ["https://api.github.com/users/drotich/subscriptions"],
    "organizations_url": ["https://api.github.com/users/drotich/orgs"],
    "repos_url": ["https://api.github.com/users/drotich/repos"],
    "events_url": ["https://api.github.com/users/drotich/events{/privacy}"],
    "received_events_url": ["https://api.github.com/users/drotich/received_events"],
    "type": ["User"],
    "site_admin": [false]
  }
]
