[
  {
    "login": ["tp6hannah"],
    "id": [20080114],
    "node_id": ["MDQ6VXNlcjIwMDgwMTE0"],
    "avatar_url": ["https://avatars2.githubusercontent.com/u/20080114?v=4"],
    "gravatar_id": [""],
    "url": ["https://api.github.com/users/tp6hannah"],
    "html_url": ["https://github.com/tp6hannah"],
    "followers_url": ["https://api.github.com/users/tp6hannah/followers"],
    "following_url": ["https://api.github.com/users/tp6hannah/following{/other_user}"],
    "gists_url": ["https://api.github.com/users/tp6hannah/gists{/gist_id}"],
    "starred_url": ["https://api.github.com/users/tp6hannah/starred{/owner}{/repo}"],
    "subscriptions_url": ["https://api.github.com/users/tp6hannah/subscriptions"],
    "organizations_url": ["https://api.github.com/users/tp6hannah/orgs"],
    "repos_url": ["https://api.github.com/users/tp6hannah/repos"],
    "events_url": ["https://api.github.com/users/tp6hannah/events{/privacy}"],
    "received_events_url": ["https://api.github.com/users/tp6hannah/received_events"],
    "type": ["User"],
    "site_admin": [false]
  }
]
