[
  {
    "login": ["ratnaparkhivivek10"],
    "id": [8489072],
    "node_id": ["MDQ6VXNlcjg0ODkwNzI="],
    "avatar_url": ["https://avatars3.githubusercontent.com/u/8489072?v=4"],
    "gravatar_id": [""],
    "url": ["https://api.github.com/users/ratnaparkhivivek10"],
    "html_url": ["https://github.com/ratnaparkhivivek10"],
    "followers_url": ["https://api.github.com/users/ratnaparkhivivek10/followers"],
    "following_url": ["https://api.github.com/users/ratnaparkhivivek10/following{/other_user}"],
    "gists_url": ["https://api.github.com/users/ratnaparkhivivek10/gists{/gist_id}"],
    "starred_url": ["https://api.github.com/users/ratnaparkhivivek10/starred{/owner}{/repo}"],
    "subscriptions_url": ["https://api.github.com/users/ratnaparkhivivek10/subscriptions"],
    "organizations_url": ["https://api.github.com/users/ratnaparkhivivek10/orgs"],
    "repos_url": ["https://api.github.com/users/ratnaparkhivivek10/repos"],
    "events_url": ["https://api.github.com/users/ratnaparkhivivek10/events{/privacy}"],
    "received_events_url": ["https://api.github.com/users/ratnaparkhivivek10/received_events"],
    "type": ["User"],
    "site_admin": [false]
  }
]
