[
  {
    "login": ["bodhwani"],
    "id": [16434560],
    "node_id": ["MDQ6VXNlcjE2NDM0NTYw"],
    "avatar_url": ["https://avatars3.githubusercontent.com/u/16434560?v=4"],
    "gravatar_id": [""],
    "url": ["https://api.github.com/users/bodhwani"],
    "html_url": ["https://github.com/bodhwani"],
    "followers_url": ["https://api.github.com/users/bodhwani/followers"],
    "following_url": ["https://api.github.com/users/bodhwani/following{/other_user}"],
    "gists_url": ["https://api.github.com/users/bodhwani/gists{/gist_id}"],
    "starred_url": ["https://api.github.com/users/bodhwani/starred{/owner}{/repo}"],
    "subscriptions_url": ["https://api.github.com/users/bodhwani/subscriptions"],
    "organizations_url": ["https://api.github.com/users/bodhwani/orgs"],
    "repos_url": ["https://api.github.com/users/bodhwani/repos"],
    "events_url": ["https://api.github.com/users/bodhwani/events{/privacy}"],
    "received_events_url": ["https://api.github.com/users/bodhwani/received_events"],
    "type": ["User"],
    "site_admin": [false]
  }
]
