[
  {
    "login": ["sshakya270"],
    "id": [35344219],
    "node_id": ["MDQ6VXNlcjM1MzQ0MjE5"],
    "avatar_url": ["https://avatars2.githubusercontent.com/u/35344219?v=4"],
    "gravatar_id": [""],
    "url": ["https://api.github.com/users/sshakya270"],
    "html_url": ["https://github.com/sshakya270"],
    "followers_url": ["https://api.github.com/users/sshakya270/followers"],
    "following_url": ["https://api.github.com/users/sshakya270/following{/other_user}"],
    "gists_url": ["https://api.github.com/users/sshakya270/gists{/gist_id}"],
    "starred_url": ["https://api.github.com/users/sshakya270/starred{/owner}{/repo}"],
    "subscriptions_url": ["https://api.github.com/users/sshakya270/subscriptions"],
    "organizations_url": ["https://api.github.com/users/sshakya270/orgs"],
    "repos_url": ["https://api.github.com/users/sshakya270/repos"],
    "events_url": ["https://api.github.com/users/sshakya270/events{/privacy}"],
    "received_events_url": ["https://api.github.com/users/sshakya270/received_events"],
    "type": ["User"],
    "site_admin": [false]
  }
]
