[
  {
    "login": ["achab"],
    "id": [6496035],
    "node_id": ["MDQ6VXNlcjY0OTYwMzU="],
    "avatar_url": ["https://avatars0.githubusercontent.com/u/6496035?v=4"],
    "gravatar_id": [""],
    "url": ["https://api.github.com/users/achab"],
    "html_url": ["https://github.com/achab"],
    "followers_url": ["https://api.github.com/users/achab/followers"],
    "following_url": ["https://api.github.com/users/achab/following{/other_user}"],
    "gists_url": ["https://api.github.com/users/achab/gists{/gist_id}"],
    "starred_url": ["https://api.github.com/users/achab/starred{/owner}{/repo}"],
    "subscriptions_url": ["https://api.github.com/users/achab/subscriptions"],
    "organizations_url": ["https://api.github.com/users/achab/orgs"],
    "repos_url": ["https://api.github.com/users/achab/repos"],
    "events_url": ["https://api.github.com/users/achab/events{/privacy}"],
    "received_events_url": ["https://api.github.com/users/achab/received_events"],
    "type": ["User"],
    "site_admin": [false]
  }
]
