[
  {
    "login": ["cuihuanhuan0"],
    "id": [36887661],
    "node_id": ["MDQ6VXNlcjM2ODg3NjYx"],
    "avatar_url": ["https://avatars1.githubusercontent.com/u/36887661?v=4"],
    "gravatar_id": [""],
    "url": ["https://api.github.com/users/cuihuanhuan0"],
    "html_url": ["https://github.com/cuihuanhuan0"],
    "followers_url": ["https://api.github.com/users/cuihuanhuan0/followers"],
    "following_url": ["https://api.github.com/users/cuihuanhuan0/following{/other_user}"],
    "gists_url": ["https://api.github.com/users/cuihuanhuan0/gists{/gist_id}"],
    "starred_url": ["https://api.github.com/users/cuihuanhuan0/starred{/owner}{/repo}"],
    "subscriptions_url": ["https://api.github.com/users/cuihuanhuan0/subscriptions"],
    "organizations_url": ["https://api.github.com/users/cuihuanhuan0/orgs"],
    "repos_url": ["https://api.github.com/users/cuihuanhuan0/repos"],
    "events_url": ["https://api.github.com/users/cuihuanhuan0/events{/privacy}"],
    "received_events_url": ["https://api.github.com/users/cuihuanhuan0/received_events"],
    "type": ["User"],
    "site_admin": [false]
  }
]
