[
  {
    "login": ["squiba"],
    "id": [17723644],
    "node_id": ["MDQ6VXNlcjE3NzIzNjQ0"],
    "avatar_url": ["https://avatars0.githubusercontent.com/u/17723644?v=4"],
    "gravatar_id": [""],
    "url": ["https://api.github.com/users/squiba"],
    "html_url": ["https://github.com/squiba"],
    "followers_url": ["https://api.github.com/users/squiba/followers"],
    "following_url": ["https://api.github.com/users/squiba/following{/other_user}"],
    "gists_url": ["https://api.github.com/users/squiba/gists{/gist_id}"],
    "starred_url": ["https://api.github.com/users/squiba/starred{/owner}{/repo}"],
    "subscriptions_url": ["https://api.github.com/users/squiba/subscriptions"],
    "organizations_url": ["https://api.github.com/users/squiba/orgs"],
    "repos_url": ["https://api.github.com/users/squiba/repos"],
    "events_url": ["https://api.github.com/users/squiba/events{/privacy}"],
    "received_events_url": ["https://api.github.com/users/squiba/received_events"],
    "type": ["User"],
    "site_admin": [false]
  }
]
