[
  {
    "login": ["nozaq"],
    "id": [1471445],
    "node_id": ["MDQ6VXNlcjE0NzE0NDU="],
    "avatar_url": ["https://avatars3.githubusercontent.com/u/1471445?v=4"],
    "gravatar_id": [""],
    "url": ["https://api.github.com/users/nozaq"],
    "html_url": ["https://github.com/nozaq"],
    "followers_url": ["https://api.github.com/users/nozaq/followers"],
    "following_url": ["https://api.github.com/users/nozaq/following{/other_user}"],
    "gists_url": ["https://api.github.com/users/nozaq/gists{/gist_id}"],
    "starred_url": ["https://api.github.com/users/nozaq/starred{/owner}{/repo}"],
    "subscriptions_url": ["https://api.github.com/users/nozaq/subscriptions"],
    "organizations_url": ["https://api.github.com/users/nozaq/orgs"],
    "repos_url": ["https://api.github.com/users/nozaq/repos"],
    "events_url": ["https://api.github.com/users/nozaq/events{/privacy}"],
    "received_events_url": ["https://api.github.com/users/nozaq/received_events"],
    "type": ["User"],
    "site_admin": [false]
  }
]
