[
  {
    "login": ["nikolayvoronchikhin"],
    "id": [2994693],
    "node_id": ["MDQ6VXNlcjI5OTQ2OTM="],
    "avatar_url": ["https://avatars3.githubusercontent.com/u/2994693?v=4"],
    "gravatar_id": [""],
    "url": ["https://api.github.com/users/nikolayvoronchikhin"],
    "html_url": ["https://github.com/nikolayvoronchikhin"],
    "followers_url": ["https://api.github.com/users/nikolayvoronchikhin/followers"],
    "following_url": ["https://api.github.com/users/nikolayvoronchikhin/following{/other_user}"],
    "gists_url": ["https://api.github.com/users/nikolayvoronchikhin/gists{/gist_id}"],
    "starred_url": ["https://api.github.com/users/nikolayvoronchikhin/starred{/owner}{/repo}"],
    "subscriptions_url": ["https://api.github.com/users/nikolayvoronchikhin/subscriptions"],
    "organizations_url": ["https://api.github.com/users/nikolayvoronchikhin/orgs"],
    "repos_url": ["https://api.github.com/users/nikolayvoronchikhin/repos"],
    "events_url": ["https://api.github.com/users/nikolayvoronchikhin/events{/privacy}"],
    "received_events_url": ["https://api.github.com/users/nikolayvoronchikhin/received_events"],
    "type": ["User"],
    "site_admin": [false]
  }
]
