[
  {
    "login": ["maxsavagekramer"],
    "id": [3189837],
    "node_id": ["MDQ6VXNlcjMxODk4Mzc="],
    "avatar_url": ["https://avatars2.githubusercontent.com/u/3189837?v=4"],
    "gravatar_id": [""],
    "url": ["https://api.github.com/users/maxsavagekramer"],
    "html_url": ["https://github.com/maxsavagekramer"],
    "followers_url": ["https://api.github.com/users/maxsavagekramer/followers"],
    "following_url": ["https://api.github.com/users/maxsavagekramer/following{/other_user}"],
    "gists_url": ["https://api.github.com/users/maxsavagekramer/gists{/gist_id}"],
    "starred_url": ["https://api.github.com/users/maxsavagekramer/starred{/owner}{/repo}"],
    "subscriptions_url": ["https://api.github.com/users/maxsavagekramer/subscriptions"],
    "organizations_url": ["https://api.github.com/users/maxsavagekramer/orgs"],
    "repos_url": ["https://api.github.com/users/maxsavagekramer/repos"],
    "events_url": ["https://api.github.com/users/maxsavagekramer/events{/privacy}"],
    "received_events_url": ["https://api.github.com/users/maxsavagekramer/received_events"],
    "type": ["User"],
    "site_admin": [false]
  }
]
