[
  {
    "login": ["vinaykortikere"],
    "id": [403906],
    "node_id": ["MDQ6VXNlcjQwMzkwNg=="],
    "avatar_url": ["https://avatars1.githubusercontent.com/u/403906?v=4"],
    "gravatar_id": [""],
    "url": ["https://api.github.com/users/vinaykortikere"],
    "html_url": ["https://github.com/vinaykortikere"],
    "followers_url": ["https://api.github.com/users/vinaykortikere/followers"],
    "following_url": ["https://api.github.com/users/vinaykortikere/following{/other_user}"],
    "gists_url": ["https://api.github.com/users/vinaykortikere/gists{/gist_id}"],
    "starred_url": ["https://api.github.com/users/vinaykortikere/starred{/owner}{/repo}"],
    "subscriptions_url": ["https://api.github.com/users/vinaykortikere/subscriptions"],
    "organizations_url": ["https://api.github.com/users/vinaykortikere/orgs"],
    "repos_url": ["https://api.github.com/users/vinaykortikere/repos"],
    "events_url": ["https://api.github.com/users/vinaykortikere/events{/privacy}"],
    "received_events_url": ["https://api.github.com/users/vinaykortikere/received_events"],
    "type": ["User"],
    "site_admin": [false]
  }
]
