[
  {
    "login": ["sandynjchenjie"],
    "id": [16585770],
    "node_id": ["MDQ6VXNlcjE2NTg1Nzcw"],
    "avatar_url": ["https://avatars2.githubusercontent.com/u/16585770?v=4"],
    "gravatar_id": [""],
    "url": ["https://api.github.com/users/sandynjchenjie"],
    "html_url": ["https://github.com/sandynjchenjie"],
    "followers_url": ["https://api.github.com/users/sandynjchenjie/followers"],
    "following_url": ["https://api.github.com/users/sandynjchenjie/following{/other_user}"],
    "gists_url": ["https://api.github.com/users/sandynjchenjie/gists{/gist_id}"],
    "starred_url": ["https://api.github.com/users/sandynjchenjie/starred{/owner}{/repo}"],
    "subscriptions_url": ["https://api.github.com/users/sandynjchenjie/subscriptions"],
    "organizations_url": ["https://api.github.com/users/sandynjchenjie/orgs"],
    "repos_url": ["https://api.github.com/users/sandynjchenjie/repos"],
    "events_url": ["https://api.github.com/users/sandynjchenjie/events{/privacy}"],
    "received_events_url": ["https://api.github.com/users/sandynjchenjie/received_events"],
    "type": ["User"],
    "site_admin": [false]
  }
]
