[
  {
    "login": ["kolanos"],
    "id": [17498],
    "node_id": ["MDQ6VXNlcjE3NDk4"],
    "avatar_url": ["https://avatars2.githubusercontent.com/u/17498?v=4"],
    "gravatar_id": [""],
    "url": ["https://api.github.com/users/kolanos"],
    "html_url": ["https://github.com/kolanos"],
    "followers_url": ["https://api.github.com/users/kolanos/followers"],
    "following_url": ["https://api.github.com/users/kolanos/following{/other_user}"],
    "gists_url": ["https://api.github.com/users/kolanos/gists{/gist_id}"],
    "starred_url": ["https://api.github.com/users/kolanos/starred{/owner}{/repo}"],
    "subscriptions_url": ["https://api.github.com/users/kolanos/subscriptions"],
    "organizations_url": ["https://api.github.com/users/kolanos/orgs"],
    "repos_url": ["https://api.github.com/users/kolanos/repos"],
    "events_url": ["https://api.github.com/users/kolanos/events{/privacy}"],
    "received_events_url": ["https://api.github.com/users/kolanos/received_events"],
    "type": ["User"],
    "site_admin": [false]
  }
]
