[
  {
    "login": ["milavdabgar"],
    "id": [15570811],
    "node_id": ["MDQ6VXNlcjE1NTcwODEx"],
    "avatar_url": ["https://avatars2.githubusercontent.com/u/15570811?v=4"],
    "gravatar_id": [""],
    "url": ["https://api.github.com/users/milavdabgar"],
    "html_url": ["https://github.com/milavdabgar"],
    "followers_url": ["https://api.github.com/users/milavdabgar/followers"],
    "following_url": ["https://api.github.com/users/milavdabgar/following{/other_user}"],
    "gists_url": ["https://api.github.com/users/milavdabgar/gists{/gist_id}"],
    "starred_url": ["https://api.github.com/users/milavdabgar/starred{/owner}{/repo}"],
    "subscriptions_url": ["https://api.github.com/users/milavdabgar/subscriptions"],
    "organizations_url": ["https://api.github.com/users/milavdabgar/orgs"],
    "repos_url": ["https://api.github.com/users/milavdabgar/repos"],
    "events_url": ["https://api.github.com/users/milavdabgar/events{/privacy}"],
    "received_events_url": ["https://api.github.com/users/milavdabgar/received_events"],
    "type": ["User"],
    "site_admin": [false]
  }
]
