[
  {
    "login": ["zhourihu5"],
    "id": [6065046],
    "node_id": ["MDQ6VXNlcjYwNjUwNDY="],
    "avatar_url": ["https://avatars0.githubusercontent.com/u/6065046?v=4"],
    "gravatar_id": [""],
    "url": ["https://api.github.com/users/zhourihu5"],
    "html_url": ["https://github.com/zhourihu5"],
    "followers_url": ["https://api.github.com/users/zhourihu5/followers"],
    "following_url": ["https://api.github.com/users/zhourihu5/following{/other_user}"],
    "gists_url": ["https://api.github.com/users/zhourihu5/gists{/gist_id}"],
    "starred_url": ["https://api.github.com/users/zhourihu5/starred{/owner}{/repo}"],
    "subscriptions_url": ["https://api.github.com/users/zhourihu5/subscriptions"],
    "organizations_url": ["https://api.github.com/users/zhourihu5/orgs"],
    "repos_url": ["https://api.github.com/users/zhourihu5/repos"],
    "events_url": ["https://api.github.com/users/zhourihu5/events{/privacy}"],
    "received_events_url": ["https://api.github.com/users/zhourihu5/received_events"],
    "type": ["User"],
    "site_admin": [false]
  }
]
