[
  {
    "login": ["gro-mit"],
    "id": [11837595],
    "node_id": ["MDQ6VXNlcjExODM3NTk1"],
    "avatar_url": ["https://avatars0.githubusercontent.com/u/11837595?v=4"],
    "gravatar_id": [""],
    "url": ["https://api.github.com/users/gro-mit"],
    "html_url": ["https://github.com/gro-mit"],
    "followers_url": ["https://api.github.com/users/gro-mit/followers"],
    "following_url": ["https://api.github.com/users/gro-mit/following{/other_user}"],
    "gists_url": ["https://api.github.com/users/gro-mit/gists{/gist_id}"],
    "starred_url": ["https://api.github.com/users/gro-mit/starred{/owner}{/repo}"],
    "subscriptions_url": ["https://api.github.com/users/gro-mit/subscriptions"],
    "organizations_url": ["https://api.github.com/users/gro-mit/orgs"],
    "repos_url": ["https://api.github.com/users/gro-mit/repos"],
    "events_url": ["https://api.github.com/users/gro-mit/events{/privacy}"],
    "received_events_url": ["https://api.github.com/users/gro-mit/received_events"],
    "type": ["User"],
    "site_admin": [false]
  }
]
