[
  {
    "login": ["giuseppegagliano"],
    "id": [18189722],
    "node_id": ["MDQ6VXNlcjE4MTg5NzIy"],
    "avatar_url": ["https://avatars2.githubusercontent.com/u/18189722?v=4"],
    "gravatar_id": [""],
    "url": ["https://api.github.com/users/giuseppegagliano"],
    "html_url": ["https://github.com/giuseppegagliano"],
    "followers_url": ["https://api.github.com/users/giuseppegagliano/followers"],
    "following_url": ["https://api.github.com/users/giuseppegagliano/following{/other_user}"],
    "gists_url": ["https://api.github.com/users/giuseppegagliano/gists{/gist_id}"],
    "starred_url": ["https://api.github.com/users/giuseppegagliano/starred{/owner}{/repo}"],
    "subscriptions_url": ["https://api.github.com/users/giuseppegagliano/subscriptions"],
    "organizations_url": ["https://api.github.com/users/giuseppegagliano/orgs"],
    "repos_url": ["https://api.github.com/users/giuseppegagliano/repos"],
    "events_url": ["https://api.github.com/users/giuseppegagliano/events{/privacy}"],
    "received_events_url": ["https://api.github.com/users/giuseppegagliano/received_events"],
    "type": ["User"],
    "site_admin": [false]
  }
]
