[
  {
    "login": ["venknar"],
    "id": [1523023],
    "node_id": ["MDQ6VXNlcjE1MjMwMjM="],
    "avatar_url": ["https://avatars1.githubusercontent.com/u/1523023?v=4"],
    "gravatar_id": [""],
    "url": ["https://api.github.com/users/venknar"],
    "html_url": ["https://github.com/venknar"],
    "followers_url": ["https://api.github.com/users/venknar/followers"],
    "following_url": ["https://api.github.com/users/venknar/following{/other_user}"],
    "gists_url": ["https://api.github.com/users/venknar/gists{/gist_id}"],
    "starred_url": ["https://api.github.com/users/venknar/starred{/owner}{/repo}"],
    "subscriptions_url": ["https://api.github.com/users/venknar/subscriptions"],
    "organizations_url": ["https://api.github.com/users/venknar/orgs"],
    "repos_url": ["https://api.github.com/users/venknar/repos"],
    "events_url": ["https://api.github.com/users/venknar/events{/privacy}"],
    "received_events_url": ["https://api.github.com/users/venknar/received_events"],
    "type": ["User"],
    "site_admin": [false]
  }
]
