[
  {
    "login": ["ipozharliev"],
    "id": [37110683],
    "node_id": ["MDQ6VXNlcjM3MTEwNjgz"],
    "avatar_url": ["https://avatars1.githubusercontent.com/u/37110683?v=4"],
    "gravatar_id": [""],
    "url": ["https://api.github.com/users/ipozharliev"],
    "html_url": ["https://github.com/ipozharliev"],
    "followers_url": ["https://api.github.com/users/ipozharliev/followers"],
    "following_url": ["https://api.github.com/users/ipozharliev/following{/other_user}"],
    "gists_url": ["https://api.github.com/users/ipozharliev/gists{/gist_id}"],
    "starred_url": ["https://api.github.com/users/ipozharliev/starred{/owner}{/repo}"],
    "subscriptions_url": ["https://api.github.com/users/ipozharliev/subscriptions"],
    "organizations_url": ["https://api.github.com/users/ipozharliev/orgs"],
    "repos_url": ["https://api.github.com/users/ipozharliev/repos"],
    "events_url": ["https://api.github.com/users/ipozharliev/events{/privacy}"],
    "received_events_url": ["https://api.github.com/users/ipozharliev/received_events"],
    "type": ["User"],
    "site_admin": [false]
  }
]
