[
  {
    "login": ["callyleye"],
    "id": [29302877],
    "node_id": ["MDQ6VXNlcjI5MzAyODc3"],
    "avatar_url": ["https://avatars3.githubusercontent.com/u/29302877?v=4"],
    "gravatar_id": [""],
    "url": ["https://api.github.com/users/callyleye"],
    "html_url": ["https://github.com/callyleye"],
    "followers_url": ["https://api.github.com/users/callyleye/followers"],
    "following_url": ["https://api.github.com/users/callyleye/following{/other_user}"],
    "gists_url": ["https://api.github.com/users/callyleye/gists{/gist_id}"],
    "starred_url": ["https://api.github.com/users/callyleye/starred{/owner}{/repo}"],
    "subscriptions_url": ["https://api.github.com/users/callyleye/subscriptions"],
    "organizations_url": ["https://api.github.com/users/callyleye/orgs"],
    "repos_url": ["https://api.github.com/users/callyleye/repos"],
    "events_url": ["https://api.github.com/users/callyleye/events{/privacy}"],
    "received_events_url": ["https://api.github.com/users/callyleye/received_events"],
    "type": ["User"],
    "site_admin": [false]
  }
]
