[
  {
    "login": ["laithse1"],
    "id": [14221893],
    "node_id": ["MDQ6VXNlcjE0MjIxODkz"],
    "avatar_url": ["https://avatars3.githubusercontent.com/u/14221893?v=4"],
    "gravatar_id": [""],
    "url": ["https://api.github.com/users/laithse1"],
    "html_url": ["https://github.com/laithse1"],
    "followers_url": ["https://api.github.com/users/laithse1/followers"],
    "following_url": ["https://api.github.com/users/laithse1/following{/other_user}"],
    "gists_url": ["https://api.github.com/users/laithse1/gists{/gist_id}"],
    "starred_url": ["https://api.github.com/users/laithse1/starred{/owner}{/repo}"],
    "subscriptions_url": ["https://api.github.com/users/laithse1/subscriptions"],
    "organizations_url": ["https://api.github.com/users/laithse1/orgs"],
    "repos_url": ["https://api.github.com/users/laithse1/repos"],
    "events_url": ["https://api.github.com/users/laithse1/events{/privacy}"],
    "received_events_url": ["https://api.github.com/users/laithse1/received_events"],
    "type": ["User"],
    "site_admin": [false]
  }
]
