[
  {
    "login": ["fugokidi"],
    "id": [9945857],
    "node_id": ["MDQ6VXNlcjk5NDU4NTc="],
    "avatar_url": ["https://avatars0.githubusercontent.com/u/9945857?v=4"],
    "gravatar_id": [""],
    "url": ["https://api.github.com/users/fugokidi"],
    "html_url": ["https://github.com/fugokidi"],
    "followers_url": ["https://api.github.com/users/fugokidi/followers"],
    "following_url": ["https://api.github.com/users/fugokidi/following{/other_user}"],
    "gists_url": ["https://api.github.com/users/fugokidi/gists{/gist_id}"],
    "starred_url": ["https://api.github.com/users/fugokidi/starred{/owner}{/repo}"],
    "subscriptions_url": ["https://api.github.com/users/fugokidi/subscriptions"],
    "organizations_url": ["https://api.github.com/users/fugokidi/orgs"],
    "repos_url": ["https://api.github.com/users/fugokidi/repos"],
    "events_url": ["https://api.github.com/users/fugokidi/events{/privacy}"],
    "received_events_url": ["https://api.github.com/users/fugokidi/received_events"],
    "type": ["User"],
    "site_admin": [false]
  }
]
