[
  {
    "login": ["Monteven"],
    "id": [6136789],
    "node_id": ["MDQ6VXNlcjYxMzY3ODk="],
    "avatar_url": ["https://avatars2.githubusercontent.com/u/6136789?v=4"],
    "gravatar_id": [""],
    "url": ["https://api.github.com/users/Monteven"],
    "html_url": ["https://github.com/Monteven"],
    "followers_url": ["https://api.github.com/users/Monteven/followers"],
    "following_url": ["https://api.github.com/users/Monteven/following{/other_user}"],
    "gists_url": ["https://api.github.com/users/Monteven/gists{/gist_id}"],
    "starred_url": ["https://api.github.com/users/Monteven/starred{/owner}{/repo}"],
    "subscriptions_url": ["https://api.github.com/users/Monteven/subscriptions"],
    "organizations_url": ["https://api.github.com/users/Monteven/orgs"],
    "repos_url": ["https://api.github.com/users/Monteven/repos"],
    "events_url": ["https://api.github.com/users/Monteven/events{/privacy}"],
    "received_events_url": ["https://api.github.com/users/Monteven/received_events"],
    "type": ["User"],
    "site_admin": [false]
  }
]
