[
  {
    "login": ["Derzouli"],
    "id": [2302702],
    "node_id": ["MDQ6VXNlcjIzMDI3MDI="],
    "avatar_url": ["https://avatars2.githubusercontent.com/u/2302702?v=4"],
    "gravatar_id": [""],
    "url": ["https://api.github.com/users/Derzouli"],
    "html_url": ["https://github.com/Derzouli"],
    "followers_url": ["https://api.github.com/users/Derzouli/followers"],
    "following_url": ["https://api.github.com/users/Derzouli/following{/other_user}"],
    "gists_url": ["https://api.github.com/users/Derzouli/gists{/gist_id}"],
    "starred_url": ["https://api.github.com/users/Derzouli/starred{/owner}{/repo}"],
    "subscriptions_url": ["https://api.github.com/users/Derzouli/subscriptions"],
    "organizations_url": ["https://api.github.com/users/Derzouli/orgs"],
    "repos_url": ["https://api.github.com/users/Derzouli/repos"],
    "events_url": ["https://api.github.com/users/Derzouli/events{/privacy}"],
    "received_events_url": ["https://api.github.com/users/Derzouli/received_events"],
    "type": ["User"],
    "site_admin": [false]
  }
]
