[
  {
    "login": ["VishnuArukat"],
    "id": [2503776],
    "node_id": ["MDQ6VXNlcjI1MDM3NzY="],
    "avatar_url": ["https://avatars3.githubusercontent.com/u/2503776?v=4"],
    "gravatar_id": [""],
    "url": ["https://api.github.com/users/VishnuArukat"],
    "html_url": ["https://github.com/VishnuArukat"],
    "followers_url": ["https://api.github.com/users/VishnuArukat/followers"],
    "following_url": ["https://api.github.com/users/VishnuArukat/following{/other_user}"],
    "gists_url": ["https://api.github.com/users/VishnuArukat/gists{/gist_id}"],
    "starred_url": ["https://api.github.com/users/VishnuArukat/starred{/owner}{/repo}"],
    "subscriptions_url": ["https://api.github.com/users/VishnuArukat/subscriptions"],
    "organizations_url": ["https://api.github.com/users/VishnuArukat/orgs"],
    "repos_url": ["https://api.github.com/users/VishnuArukat/repos"],
    "events_url": ["https://api.github.com/users/VishnuArukat/events{/privacy}"],
    "received_events_url": ["https://api.github.com/users/VishnuArukat/received_events"],
    "type": ["User"],
    "site_admin": [false]
  }
]
