[
  {
    "login": ["tweddielin"],
    "id": [9650575],
    "node_id": ["MDQ6VXNlcjk2NTA1NzU="],
    "avatar_url": ["https://avatars1.githubusercontent.com/u/9650575?v=4"],
    "gravatar_id": [""],
    "url": ["https://api.github.com/users/tweddielin"],
    "html_url": ["https://github.com/tweddielin"],
    "followers_url": ["https://api.github.com/users/tweddielin/followers"],
    "following_url": ["https://api.github.com/users/tweddielin/following{/other_user}"],
    "gists_url": ["https://api.github.com/users/tweddielin/gists{/gist_id}"],
    "starred_url": ["https://api.github.com/users/tweddielin/starred{/owner}{/repo}"],
    "subscriptions_url": ["https://api.github.com/users/tweddielin/subscriptions"],
    "organizations_url": ["https://api.github.com/users/tweddielin/orgs"],
    "repos_url": ["https://api.github.com/users/tweddielin/repos"],
    "events_url": ["https://api.github.com/users/tweddielin/events{/privacy}"],
    "received_events_url": ["https://api.github.com/users/tweddielin/received_events"],
    "type": ["User"],
    "site_admin": [false]
  }
]
