[
  {
    "login": ["afzalkhan20"],
    "id": [26576063],
    "node_id": ["MDQ6VXNlcjI2NTc2MDYz"],
    "avatar_url": ["https://avatars3.githubusercontent.com/u/26576063?v=4"],
    "gravatar_id": [""],
    "url": ["https://api.github.com/users/afzalkhan20"],
    "html_url": ["https://github.com/afzalkhan20"],
    "followers_url": ["https://api.github.com/users/afzalkhan20/followers"],
    "following_url": ["https://api.github.com/users/afzalkhan20/following{/other_user}"],
    "gists_url": ["https://api.github.com/users/afzalkhan20/gists{/gist_id}"],
    "starred_url": ["https://api.github.com/users/afzalkhan20/starred{/owner}{/repo}"],
    "subscriptions_url": ["https://api.github.com/users/afzalkhan20/subscriptions"],
    "organizations_url": ["https://api.github.com/users/afzalkhan20/orgs"],
    "repos_url": ["https://api.github.com/users/afzalkhan20/repos"],
    "events_url": ["https://api.github.com/users/afzalkhan20/events{/privacy}"],
    "received_events_url": ["https://api.github.com/users/afzalkhan20/received_events"],
    "type": ["User"],
    "site_admin": [false]
  }
]
