[
  {
    "login": ["AtomsForPeace"],
    "id": [1306402],
    "node_id": ["MDQ6VXNlcjEzMDY0MDI="],
    "avatar_url": ["https://avatars0.githubusercontent.com/u/1306402?v=4"],
    "gravatar_id": [""],
    "url": ["https://api.github.com/users/AtomsForPeace"],
    "html_url": ["https://github.com/AtomsForPeace"],
    "followers_url": ["https://api.github.com/users/AtomsForPeace/followers"],
    "following_url": ["https://api.github.com/users/AtomsForPeace/following{/other_user}"],
    "gists_url": ["https://api.github.com/users/AtomsForPeace/gists{/gist_id}"],
    "starred_url": ["https://api.github.com/users/AtomsForPeace/starred{/owner}{/repo}"],
    "subscriptions_url": ["https://api.github.com/users/AtomsForPeace/subscriptions"],
    "organizations_url": ["https://api.github.com/users/AtomsForPeace/orgs"],
    "repos_url": ["https://api.github.com/users/AtomsForPeace/repos"],
    "events_url": ["https://api.github.com/users/AtomsForPeace/events{/privacy}"],
    "received_events_url": ["https://api.github.com/users/AtomsForPeace/received_events"],
    "type": ["User"],
    "site_admin": [false]
  }
]
