[
  {
    "login": ["nazifberat"],
    "id": [20217403],
    "node_id": ["MDQ6VXNlcjIwMjE3NDAz"],
    "avatar_url": ["https://avatars3.githubusercontent.com/u/20217403?v=4"],
    "gravatar_id": [""],
    "url": ["https://api.github.com/users/nazifberat"],
    "html_url": ["https://github.com/nazifberat"],
    "followers_url": ["https://api.github.com/users/nazifberat/followers"],
    "following_url": ["https://api.github.com/users/nazifberat/following{/other_user}"],
    "gists_url": ["https://api.github.com/users/nazifberat/gists{/gist_id}"],
    "starred_url": ["https://api.github.com/users/nazifberat/starred{/owner}{/repo}"],
    "subscriptions_url": ["https://api.github.com/users/nazifberat/subscriptions"],
    "organizations_url": ["https://api.github.com/users/nazifberat/orgs"],
    "repos_url": ["https://api.github.com/users/nazifberat/repos"],
    "events_url": ["https://api.github.com/users/nazifberat/events{/privacy}"],
    "received_events_url": ["https://api.github.com/users/nazifberat/received_events"],
    "type": ["User"],
    "site_admin": [false]
  }
]
