[
  {
    "login": ["systats"],
    "id": [22753281],
    "node_id": ["MDQ6VXNlcjIyNzUzMjgx"],
    "avatar_url": ["https://avatars3.githubusercontent.com/u/22753281?v=4"],
    "gravatar_id": [""],
    "url": ["https://api.github.com/users/systats"],
    "html_url": ["https://github.com/systats"],
    "followers_url": ["https://api.github.com/users/systats/followers"],
    "following_url": ["https://api.github.com/users/systats/following{/other_user}"],
    "gists_url": ["https://api.github.com/users/systats/gists{/gist_id}"],
    "starred_url": ["https://api.github.com/users/systats/starred{/owner}{/repo}"],
    "subscriptions_url": ["https://api.github.com/users/systats/subscriptions"],
    "organizations_url": ["https://api.github.com/users/systats/orgs"],
    "repos_url": ["https://api.github.com/users/systats/repos"],
    "events_url": ["https://api.github.com/users/systats/events{/privacy}"],
    "received_events_url": ["https://api.github.com/users/systats/received_events"],
    "type": ["User"],
    "site_admin": [false]
  }
]
