[
  {
    "login": ["wut0n9"],
    "id": [12270732],
    "node_id": ["MDQ6VXNlcjEyMjcwNzMy"],
    "avatar_url": ["https://avatars2.githubusercontent.com/u/12270732?v=4"],
    "gravatar_id": [""],
    "url": ["https://api.github.com/users/wut0n9"],
    "html_url": ["https://github.com/wut0n9"],
    "followers_url": ["https://api.github.com/users/wut0n9/followers"],
    "following_url": ["https://api.github.com/users/wut0n9/following{/other_user}"],
    "gists_url": ["https://api.github.com/users/wut0n9/gists{/gist_id}"],
    "starred_url": ["https://api.github.com/users/wut0n9/starred{/owner}{/repo}"],
    "subscriptions_url": ["https://api.github.com/users/wut0n9/subscriptions"],
    "organizations_url": ["https://api.github.com/users/wut0n9/orgs"],
    "repos_url": ["https://api.github.com/users/wut0n9/repos"],
    "events_url": ["https://api.github.com/users/wut0n9/events{/privacy}"],
    "received_events_url": ["https://api.github.com/users/wut0n9/received_events"],
    "type": ["User"],
    "site_admin": [false]
  }
]
