[
  {
    "login": ["sanchandrat"],
    "id": [46101992],
    "node_id": ["MDQ6VXNlcjQ2MTAxOTky"],
    "avatar_url": ["https://avatars3.githubusercontent.com/u/46101992?v=4"],
    "gravatar_id": [""],
    "url": ["https://api.github.com/users/sanchandrat"],
    "html_url": ["https://github.com/sanchandrat"],
    "followers_url": ["https://api.github.com/users/sanchandrat/followers"],
    "following_url": ["https://api.github.com/users/sanchandrat/following{/other_user}"],
    "gists_url": ["https://api.github.com/users/sanchandrat/gists{/gist_id}"],
    "starred_url": ["https://api.github.com/users/sanchandrat/starred{/owner}{/repo}"],
    "subscriptions_url": ["https://api.github.com/users/sanchandrat/subscriptions"],
    "organizations_url": ["https://api.github.com/users/sanchandrat/orgs"],
    "repos_url": ["https://api.github.com/users/sanchandrat/repos"],
    "events_url": ["https://api.github.com/users/sanchandrat/events{/privacy}"],
    "received_events_url": ["https://api.github.com/users/sanchandrat/received_events"],
    "type": ["User"],
    "site_admin": [false]
  }
]
