[
  {
    "login": ["concerttttt"],
    "id": [17346610],
    "node_id": ["MDQ6VXNlcjE3MzQ2NjEw"],
    "avatar_url": ["https://avatars3.githubusercontent.com/u/17346610?v=4"],
    "gravatar_id": [""],
    "url": ["https://api.github.com/users/concerttttt"],
    "html_url": ["https://github.com/concerttttt"],
    "followers_url": ["https://api.github.com/users/concerttttt/followers"],
    "following_url": ["https://api.github.com/users/concerttttt/following{/other_user}"],
    "gists_url": ["https://api.github.com/users/concerttttt/gists{/gist_id}"],
    "starred_url": ["https://api.github.com/users/concerttttt/starred{/owner}{/repo}"],
    "subscriptions_url": ["https://api.github.com/users/concerttttt/subscriptions"],
    "organizations_url": ["https://api.github.com/users/concerttttt/orgs"],
    "repos_url": ["https://api.github.com/users/concerttttt/repos"],
    "events_url": ["https://api.github.com/users/concerttttt/events{/privacy}"],
    "received_events_url": ["https://api.github.com/users/concerttttt/received_events"],
    "type": ["User"],
    "site_admin": [false]
  }
]
