[
  {
    "login": ["hamzahasankamal"],
    "id": [20462607],
    "node_id": ["MDQ6VXNlcjIwNDYyNjA3"],
    "avatar_url": ["https://avatars0.githubusercontent.com/u/20462607?v=4"],
    "gravatar_id": [""],
    "url": ["https://api.github.com/users/hamzahasankamal"],
    "html_url": ["https://github.com/hamzahasankamal"],
    "followers_url": ["https://api.github.com/users/hamzahasankamal/followers"],
    "following_url": ["https://api.github.com/users/hamzahasankamal/following{/other_user}"],
    "gists_url": ["https://api.github.com/users/hamzahasankamal/gists{/gist_id}"],
    "starred_url": ["https://api.github.com/users/hamzahasankamal/starred{/owner}{/repo}"],
    "subscriptions_url": ["https://api.github.com/users/hamzahasankamal/subscriptions"],
    "organizations_url": ["https://api.github.com/users/hamzahasankamal/orgs"],
    "repos_url": ["https://api.github.com/users/hamzahasankamal/repos"],
    "events_url": ["https://api.github.com/users/hamzahasankamal/events{/privacy}"],
    "received_events_url": ["https://api.github.com/users/hamzahasankamal/received_events"],
    "type": ["User"],
    "site_admin": [false]
  }
]
