[
  {
    "login": ["sudhirsilwal23"],
    "id": [15866645],
    "node_id": ["MDQ6VXNlcjE1ODY2NjQ1"],
    "avatar_url": ["https://avatars0.githubusercontent.com/u/15866645?v=4"],
    "gravatar_id": [""],
    "url": ["https://api.github.com/users/sudhirsilwal23"],
    "html_url": ["https://github.com/sudhirsilwal23"],
    "followers_url": ["https://api.github.com/users/sudhirsilwal23/followers"],
    "following_url": ["https://api.github.com/users/sudhirsilwal23/following{/other_user}"],
    "gists_url": ["https://api.github.com/users/sudhirsilwal23/gists{/gist_id}"],
    "starred_url": ["https://api.github.com/users/sudhirsilwal23/starred{/owner}{/repo}"],
    "subscriptions_url": ["https://api.github.com/users/sudhirsilwal23/subscriptions"],
    "organizations_url": ["https://api.github.com/users/sudhirsilwal23/orgs"],
    "repos_url": ["https://api.github.com/users/sudhirsilwal23/repos"],
    "events_url": ["https://api.github.com/users/sudhirsilwal23/events{/privacy}"],
    "received_events_url": ["https://api.github.com/users/sudhirsilwal23/received_events"],
    "type": ["User"],
    "site_admin": [false]
  }
]
