[
  {
    "login": ["jlbmdm"],
    "id": [7573380],
    "node_id": ["MDQ6VXNlcjc1NzMzODA="],
    "avatar_url": ["https://avatars2.githubusercontent.com/u/7573380?v=4"],
    "gravatar_id": [""],
    "url": ["https://api.github.com/users/jlbmdm"],
    "html_url": ["https://github.com/jlbmdm"],
    "followers_url": ["https://api.github.com/users/jlbmdm/followers"],
    "following_url": ["https://api.github.com/users/jlbmdm/following{/other_user}"],
    "gists_url": ["https://api.github.com/users/jlbmdm/gists{/gist_id}"],
    "starred_url": ["https://api.github.com/users/jlbmdm/starred{/owner}{/repo}"],
    "subscriptions_url": ["https://api.github.com/users/jlbmdm/subscriptions"],
    "organizations_url": ["https://api.github.com/users/jlbmdm/orgs"],
    "repos_url": ["https://api.github.com/users/jlbmdm/repos"],
    "events_url": ["https://api.github.com/users/jlbmdm/events{/privacy}"],
    "received_events_url": ["https://api.github.com/users/jlbmdm/received_events"],
    "type": ["User"],
    "site_admin": [false]
  }
]
