[
  {
    "login": ["blacksmpig"],
    "id": [29205966],
    "node_id": ["MDQ6VXNlcjI5MjA1OTY2"],
    "avatar_url": ["https://avatars1.githubusercontent.com/u/29205966?v=4"],
    "gravatar_id": [""],
    "url": ["https://api.github.com/users/blacksmpig"],
    "html_url": ["https://github.com/blacksmpig"],
    "followers_url": ["https://api.github.com/users/blacksmpig/followers"],
    "following_url": ["https://api.github.com/users/blacksmpig/following{/other_user}"],
    "gists_url": ["https://api.github.com/users/blacksmpig/gists{/gist_id}"],
    "starred_url": ["https://api.github.com/users/blacksmpig/starred{/owner}{/repo}"],
    "subscriptions_url": ["https://api.github.com/users/blacksmpig/subscriptions"],
    "organizations_url": ["https://api.github.com/users/blacksmpig/orgs"],
    "repos_url": ["https://api.github.com/users/blacksmpig/repos"],
    "events_url": ["https://api.github.com/users/blacksmpig/events{/privacy}"],
    "received_events_url": ["https://api.github.com/users/blacksmpig/received_events"],
    "type": ["User"],
    "site_admin": [false]
  }
]
