[
  {
    "login": ["faizan30"],
    "id": [3853426],
    "node_id": ["MDQ6VXNlcjM4NTM0MjY="],
    "avatar_url": ["https://avatars2.githubusercontent.com/u/3853426?v=4"],
    "gravatar_id": [""],
    "url": ["https://api.github.com/users/faizan30"],
    "html_url": ["https://github.com/faizan30"],
    "followers_url": ["https://api.github.com/users/faizan30/followers"],
    "following_url": ["https://api.github.com/users/faizan30/following{/other_user}"],
    "gists_url": ["https://api.github.com/users/faizan30/gists{/gist_id}"],
    "starred_url": ["https://api.github.com/users/faizan30/starred{/owner}{/repo}"],
    "subscriptions_url": ["https://api.github.com/users/faizan30/subscriptions"],
    "organizations_url": ["https://api.github.com/users/faizan30/orgs"],
    "repos_url": ["https://api.github.com/users/faizan30/repos"],
    "events_url": ["https://api.github.com/users/faizan30/events{/privacy}"],
    "received_events_url": ["https://api.github.com/users/faizan30/received_events"],
    "type": ["User"],
    "site_admin": [false]
  }
]
