[
  {
    "login": ["fgadaleta"],
    "id": [11614447],
    "node_id": ["MDQ6VXNlcjExNjE0NDQ3"],
    "avatar_url": ["https://avatars0.githubusercontent.com/u/11614447?v=4"],
    "gravatar_id": [""],
    "url": ["https://api.github.com/users/fgadaleta"],
    "html_url": ["https://github.com/fgadaleta"],
    "followers_url": ["https://api.github.com/users/fgadaleta/followers"],
    "following_url": ["https://api.github.com/users/fgadaleta/following{/other_user}"],
    "gists_url": ["https://api.github.com/users/fgadaleta/gists{/gist_id}"],
    "starred_url": ["https://api.github.com/users/fgadaleta/starred{/owner}{/repo}"],
    "subscriptions_url": ["https://api.github.com/users/fgadaleta/subscriptions"],
    "organizations_url": ["https://api.github.com/users/fgadaleta/orgs"],
    "repos_url": ["https://api.github.com/users/fgadaleta/repos"],
    "events_url": ["https://api.github.com/users/fgadaleta/events{/privacy}"],
    "received_events_url": ["https://api.github.com/users/fgadaleta/received_events"],
    "type": ["User"],
    "site_admin": [false]
  }
]
