[
  {
    "login": ["Isaacgv"],
    "id": [33132205],
    "node_id": ["MDQ6VXNlcjMzMTMyMjA1"],
    "avatar_url": ["https://avatars2.githubusercontent.com/u/33132205?v=4"],
    "gravatar_id": [""],
    "url": ["https://api.github.com/users/Isaacgv"],
    "html_url": ["https://github.com/Isaacgv"],
    "followers_url": ["https://api.github.com/users/Isaacgv/followers"],
    "following_url": ["https://api.github.com/users/Isaacgv/following{/other_user}"],
    "gists_url": ["https://api.github.com/users/Isaacgv/gists{/gist_id}"],
    "starred_url": ["https://api.github.com/users/Isaacgv/starred{/owner}{/repo}"],
    "subscriptions_url": ["https://api.github.com/users/Isaacgv/subscriptions"],
    "organizations_url": ["https://api.github.com/users/Isaacgv/orgs"],
    "repos_url": ["https://api.github.com/users/Isaacgv/repos"],
    "events_url": ["https://api.github.com/users/Isaacgv/events{/privacy}"],
    "received_events_url": ["https://api.github.com/users/Isaacgv/received_events"],
    "type": ["User"],
    "site_admin": [false]
  }
]
