[
  {
    "login": ["204maker"],
    "id": [34336298],
    "node_id": ["MDQ6VXNlcjM0MzM2Mjk4"],
    "avatar_url": ["https://avatars3.githubusercontent.com/u/34336298?v=4"],
    "gravatar_id": [""],
    "url": ["https://api.github.com/users/204maker"],
    "html_url": ["https://github.com/204maker"],
    "followers_url": ["https://api.github.com/users/204maker/followers"],
    "following_url": ["https://api.github.com/users/204maker/following{/other_user}"],
    "gists_url": ["https://api.github.com/users/204maker/gists{/gist_id}"],
    "starred_url": ["https://api.github.com/users/204maker/starred{/owner}{/repo}"],
    "subscriptions_url": ["https://api.github.com/users/204maker/subscriptions"],
    "organizations_url": ["https://api.github.com/users/204maker/orgs"],
    "repos_url": ["https://api.github.com/users/204maker/repos"],
    "events_url": ["https://api.github.com/users/204maker/events{/privacy}"],
    "received_events_url": ["https://api.github.com/users/204maker/received_events"],
    "type": ["User"],
    "site_admin": [false]
  }
]
