[
  {
    "login": ["dinuka-kasun-medis"],
    "id": [25397168],
    "node_id": ["MDQ6VXNlcjI1Mzk3MTY4"],
    "avatar_url": ["https://avatars0.githubusercontent.com/u/25397168?v=4"],
    "gravatar_id": [""],
    "url": ["https://api.github.com/users/dinuka-kasun-medis"],
    "html_url": ["https://github.com/dinuka-kasun-medis"],
    "followers_url": ["https://api.github.com/users/dinuka-kasun-medis/followers"],
    "following_url": ["https://api.github.com/users/dinuka-kasun-medis/following{/other_user}"],
    "gists_url": ["https://api.github.com/users/dinuka-kasun-medis/gists{/gist_id}"],
    "starred_url": ["https://api.github.com/users/dinuka-kasun-medis/starred{/owner}{/repo}"],
    "subscriptions_url": ["https://api.github.com/users/dinuka-kasun-medis/subscriptions"],
    "organizations_url": ["https://api.github.com/users/dinuka-kasun-medis/orgs"],
    "repos_url": ["https://api.github.com/users/dinuka-kasun-medis/repos"],
    "events_url": ["https://api.github.com/users/dinuka-kasun-medis/events{/privacy}"],
    "received_events_url": ["https://api.github.com/users/dinuka-kasun-medis/received_events"],
    "type": ["User"],
    "site_admin": [false]
  }
]
