[
  {
    "login": ["ibrahimelbanna"],
    "id": [8310373],
    "node_id": ["MDQ6VXNlcjgzMTAzNzM="],
    "avatar_url": ["https://avatars3.githubusercontent.com/u/8310373?v=4"],
    "gravatar_id": [""],
    "url": ["https://api.github.com/users/ibrahimelbanna"],
    "html_url": ["https://github.com/ibrahimelbanna"],
    "followers_url": ["https://api.github.com/users/ibrahimelbanna/followers"],
    "following_url": ["https://api.github.com/users/ibrahimelbanna/following{/other_user}"],
    "gists_url": ["https://api.github.com/users/ibrahimelbanna/gists{/gist_id}"],
    "starred_url": ["https://api.github.com/users/ibrahimelbanna/starred{/owner}{/repo}"],
    "subscriptions_url": ["https://api.github.com/users/ibrahimelbanna/subscriptions"],
    "organizations_url": ["https://api.github.com/users/ibrahimelbanna/orgs"],
    "repos_url": ["https://api.github.com/users/ibrahimelbanna/repos"],
    "events_url": ["https://api.github.com/users/ibrahimelbanna/events{/privacy}"],
    "received_events_url": ["https://api.github.com/users/ibrahimelbanna/received_events"],
    "type": ["User"],
    "site_admin": [false]
  }
]
