[
  {
    "login": ["0asa"],
    "id": [990494],
    "node_id": ["MDQ6VXNlcjk5MDQ5NA=="],
    "avatar_url": ["https://avatars1.githubusercontent.com/u/990494?v=4"],
    "gravatar_id": [""],
    "url": ["https://api.github.com/users/0asa"],
    "html_url": ["https://github.com/0asa"],
    "followers_url": ["https://api.github.com/users/0asa/followers"],
    "following_url": ["https://api.github.com/users/0asa/following{/other_user}"],
    "gists_url": ["https://api.github.com/users/0asa/gists{/gist_id}"],
    "starred_url": ["https://api.github.com/users/0asa/starred{/owner}{/repo}"],
    "subscriptions_url": ["https://api.github.com/users/0asa/subscriptions"],
    "organizations_url": ["https://api.github.com/users/0asa/orgs"],
    "repos_url": ["https://api.github.com/users/0asa/repos"],
    "events_url": ["https://api.github.com/users/0asa/events{/privacy}"],
    "received_events_url": ["https://api.github.com/users/0asa/received_events"],
    "type": ["User"],
    "site_admin": [false]
  }
]
