[
  {
    "login": ["shyam1234"],
    "id": [3767454],
    "node_id": ["MDQ6VXNlcjM3Njc0NTQ="],
    "avatar_url": ["https://avatars0.githubusercontent.com/u/3767454?v=4"],
    "gravatar_id": [""],
    "url": ["https://api.github.com/users/shyam1234"],
    "html_url": ["https://github.com/shyam1234"],
    "followers_url": ["https://api.github.com/users/shyam1234/followers"],
    "following_url": ["https://api.github.com/users/shyam1234/following{/other_user}"],
    "gists_url": ["https://api.github.com/users/shyam1234/gists{/gist_id}"],
    "starred_url": ["https://api.github.com/users/shyam1234/starred{/owner}{/repo}"],
    "subscriptions_url": ["https://api.github.com/users/shyam1234/subscriptions"],
    "organizations_url": ["https://api.github.com/users/shyam1234/orgs"],
    "repos_url": ["https://api.github.com/users/shyam1234/repos"],
    "events_url": ["https://api.github.com/users/shyam1234/events{/privacy}"],
    "received_events_url": ["https://api.github.com/users/shyam1234/received_events"],
    "type": ["User"],
    "site_admin": [false]
  }
]
