[
  {
    "login": ["NIGHTFIGHTING"],
    "id": [18497531],
    "node_id": ["MDQ6VXNlcjE4NDk3NTMx"],
    "avatar_url": ["https://avatars3.githubusercontent.com/u/18497531?v=4"],
    "gravatar_id": [""],
    "url": ["https://api.github.com/users/NIGHTFIGHTING"],
    "html_url": ["https://github.com/NIGHTFIGHTING"],
    "followers_url": ["https://api.github.com/users/NIGHTFIGHTING/followers"],
    "following_url": ["https://api.github.com/users/NIGHTFIGHTING/following{/other_user}"],
    "gists_url": ["https://api.github.com/users/NIGHTFIGHTING/gists{/gist_id}"],
    "starred_url": ["https://api.github.com/users/NIGHTFIGHTING/starred{/owner}{/repo}"],
    "subscriptions_url": ["https://api.github.com/users/NIGHTFIGHTING/subscriptions"],
    "organizations_url": ["https://api.github.com/users/NIGHTFIGHTING/orgs"],
    "repos_url": ["https://api.github.com/users/NIGHTFIGHTING/repos"],
    "events_url": ["https://api.github.com/users/NIGHTFIGHTING/events{/privacy}"],
    "received_events_url": ["https://api.github.com/users/NIGHTFIGHTING/received_events"],
    "type": ["User"],
    "site_admin": [false]
  }
]
