[
  {
    "login": ["madhuri5279"],
    "id": [12580315],
    "node_id": ["MDQ6VXNlcjEyNTgwMzE1"],
    "avatar_url": ["https://avatars2.githubusercontent.com/u/12580315?v=4"],
    "gravatar_id": [""],
    "url": ["https://api.github.com/users/madhuri5279"],
    "html_url": ["https://github.com/madhuri5279"],
    "followers_url": ["https://api.github.com/users/madhuri5279/followers"],
    "following_url": ["https://api.github.com/users/madhuri5279/following{/other_user}"],
    "gists_url": ["https://api.github.com/users/madhuri5279/gists{/gist_id}"],
    "starred_url": ["https://api.github.com/users/madhuri5279/starred{/owner}{/repo}"],
    "subscriptions_url": ["https://api.github.com/users/madhuri5279/subscriptions"],
    "organizations_url": ["https://api.github.com/users/madhuri5279/orgs"],
    "repos_url": ["https://api.github.com/users/madhuri5279/repos"],
    "events_url": ["https://api.github.com/users/madhuri5279/events{/privacy}"],
    "received_events_url": ["https://api.github.com/users/madhuri5279/received_events"],
    "type": ["User"],
    "site_admin": [false]
  }
]
