[
  {
    "login": ["Eysen"],
    "id": [18297052],
    "node_id": ["MDQ6VXNlcjE4Mjk3MDUy"],
    "avatar_url": ["https://avatars2.githubusercontent.com/u/18297052?v=4"],
    "gravatar_id": [""],
    "url": ["https://api.github.com/users/Eysen"],
    "html_url": ["https://github.com/Eysen"],
    "followers_url": ["https://api.github.com/users/Eysen/followers"],
    "following_url": ["https://api.github.com/users/Eysen/following{/other_user}"],
    "gists_url": ["https://api.github.com/users/Eysen/gists{/gist_id}"],
    "starred_url": ["https://api.github.com/users/Eysen/starred{/owner}{/repo}"],
    "subscriptions_url": ["https://api.github.com/users/Eysen/subscriptions"],
    "organizations_url": ["https://api.github.com/users/Eysen/orgs"],
    "repos_url": ["https://api.github.com/users/Eysen/repos"],
    "events_url": ["https://api.github.com/users/Eysen/events{/privacy}"],
    "received_events_url": ["https://api.github.com/users/Eysen/received_events"],
    "type": ["User"],
    "site_admin": [false]
  }
]
