[
  {
    "login": ["sinyear"],
    "id": [1464084],
    "node_id": ["MDQ6VXNlcjE0NjQwODQ="],
    "avatar_url": ["https://avatars0.githubusercontent.com/u/1464084?v=4"],
    "gravatar_id": [""],
    "url": ["https://api.github.com/users/sinyear"],
    "html_url": ["https://github.com/sinyear"],
    "followers_url": ["https://api.github.com/users/sinyear/followers"],
    "following_url": ["https://api.github.com/users/sinyear/following{/other_user}"],
    "gists_url": ["https://api.github.com/users/sinyear/gists{/gist_id}"],
    "starred_url": ["https://api.github.com/users/sinyear/starred{/owner}{/repo}"],
    "subscriptions_url": ["https://api.github.com/users/sinyear/subscriptions"],
    "organizations_url": ["https://api.github.com/users/sinyear/orgs"],
    "repos_url": ["https://api.github.com/users/sinyear/repos"],
    "events_url": ["https://api.github.com/users/sinyear/events{/privacy}"],
    "received_events_url": ["https://api.github.com/users/sinyear/received_events"],
    "type": ["User"],
    "site_admin": [false]
  }
]
