[
  {
    "login": ["batermj"],
    "id": [250445],
    "node_id": ["MDQ6VXNlcjI1MDQ0NQ=="],
    "avatar_url": ["https://avatars0.githubusercontent.com/u/250445?v=4"],
    "gravatar_id": [""],
    "url": ["https://api.github.com/users/batermj"],
    "html_url": ["https://github.com/batermj"],
    "followers_url": ["https://api.github.com/users/batermj/followers"],
    "following_url": ["https://api.github.com/users/batermj/following{/other_user}"],
    "gists_url": ["https://api.github.com/users/batermj/gists{/gist_id}"],
    "starred_url": ["https://api.github.com/users/batermj/starred{/owner}{/repo}"],
    "subscriptions_url": ["https://api.github.com/users/batermj/subscriptions"],
    "organizations_url": ["https://api.github.com/users/batermj/orgs"],
    "repos_url": ["https://api.github.com/users/batermj/repos"],
    "events_url": ["https://api.github.com/users/batermj/events{/privacy}"],
    "received_events_url": ["https://api.github.com/users/batermj/received_events"],
    "type": ["User"],
    "site_admin": [false]
  }
]
