[
  {
    "login": ["jcbohin"],
    "id": [3408856],
    "node_id": ["MDQ6VXNlcjM0MDg4NTY="],
    "avatar_url": ["https://avatars1.githubusercontent.com/u/3408856?v=4"],
    "gravatar_id": [""],
    "url": ["https://api.github.com/users/jcbohin"],
    "html_url": ["https://github.com/jcbohin"],
    "followers_url": ["https://api.github.com/users/jcbohin/followers"],
    "following_url": ["https://api.github.com/users/jcbohin/following{/other_user}"],
    "gists_url": ["https://api.github.com/users/jcbohin/gists{/gist_id}"],
    "starred_url": ["https://api.github.com/users/jcbohin/starred{/owner}{/repo}"],
    "subscriptions_url": ["https://api.github.com/users/jcbohin/subscriptions"],
    "organizations_url": ["https://api.github.com/users/jcbohin/orgs"],
    "repos_url": ["https://api.github.com/users/jcbohin/repos"],
    "events_url": ["https://api.github.com/users/jcbohin/events{/privacy}"],
    "received_events_url": ["https://api.github.com/users/jcbohin/received_events"],
    "type": ["User"],
    "site_admin": [false]
  }
]
