[
  {
    "login": ["pahlmeyer"],
    "id": [7013028],
    "node_id": ["MDQ6VXNlcjcwMTMwMjg="],
    "avatar_url": ["https://avatars2.githubusercontent.com/u/7013028?v=4"],
    "gravatar_id": [""],
    "url": ["https://api.github.com/users/pahlmeyer"],
    "html_url": ["https://github.com/pahlmeyer"],
    "followers_url": ["https://api.github.com/users/pahlmeyer/followers"],
    "following_url": ["https://api.github.com/users/pahlmeyer/following{/other_user}"],
    "gists_url": ["https://api.github.com/users/pahlmeyer/gists{/gist_id}"],
    "starred_url": ["https://api.github.com/users/pahlmeyer/starred{/owner}{/repo}"],
    "subscriptions_url": ["https://api.github.com/users/pahlmeyer/subscriptions"],
    "organizations_url": ["https://api.github.com/users/pahlmeyer/orgs"],
    "repos_url": ["https://api.github.com/users/pahlmeyer/repos"],
    "events_url": ["https://api.github.com/users/pahlmeyer/events{/privacy}"],
    "received_events_url": ["https://api.github.com/users/pahlmeyer/received_events"],
    "type": ["User"],
    "site_admin": [false]
  }
]
