[
  {
    "login": ["YaohuiZeng"],
    "id": [10452899],
    "node_id": ["MDQ6VXNlcjEwNDUyODk5"],
    "avatar_url": ["https://avatars1.githubusercontent.com/u/10452899?v=4"],
    "gravatar_id": [""],
    "url": ["https://api.github.com/users/YaohuiZeng"],
    "html_url": ["https://github.com/YaohuiZeng"],
    "followers_url": ["https://api.github.com/users/YaohuiZeng/followers"],
    "following_url": ["https://api.github.com/users/YaohuiZeng/following{/other_user}"],
    "gists_url": ["https://api.github.com/users/YaohuiZeng/gists{/gist_id}"],
    "starred_url": ["https://api.github.com/users/YaohuiZeng/starred{/owner}{/repo}"],
    "subscriptions_url": ["https://api.github.com/users/YaohuiZeng/subscriptions"],
    "organizations_url": ["https://api.github.com/users/YaohuiZeng/orgs"],
    "repos_url": ["https://api.github.com/users/YaohuiZeng/repos"],
    "events_url": ["https://api.github.com/users/YaohuiZeng/events{/privacy}"],
    "received_events_url": ["https://api.github.com/users/YaohuiZeng/received_events"],
    "type": ["User"],
    "site_admin": [false]
  }
]
