[
  {
    "login": ["giannisalinetti"],
    "id": [7509808],
    "node_id": ["MDQ6VXNlcjc1MDk4MDg="],
    "avatar_url": ["https://avatars1.githubusercontent.com/u/7509808?v=4"],
    "gravatar_id": [""],
    "url": ["https://api.github.com/users/giannisalinetti"],
    "html_url": ["https://github.com/giannisalinetti"],
    "followers_url": ["https://api.github.com/users/giannisalinetti/followers"],
    "following_url": ["https://api.github.com/users/giannisalinetti/following{/other_user}"],
    "gists_url": ["https://api.github.com/users/giannisalinetti/gists{/gist_id}"],
    "starred_url": ["https://api.github.com/users/giannisalinetti/starred{/owner}{/repo}"],
    "subscriptions_url": ["https://api.github.com/users/giannisalinetti/subscriptions"],
    "organizations_url": ["https://api.github.com/users/giannisalinetti/orgs"],
    "repos_url": ["https://api.github.com/users/giannisalinetti/repos"],
    "events_url": ["https://api.github.com/users/giannisalinetti/events{/privacy}"],
    "received_events_url": ["https://api.github.com/users/giannisalinetti/received_events"],
    "type": ["User"],
    "site_admin": [false]
  }
]
