[
  {
    "login": ["jsqzxl"],
    "id": [25974269],
    "node_id": ["MDQ6VXNlcjI1OTc0MjY5"],
    "avatar_url": ["https://avatars1.githubusercontent.com/u/25974269?v=4"],
    "gravatar_id": [""],
    "url": ["https://api.github.com/users/jsqzxl"],
    "html_url": ["https://github.com/jsqzxl"],
    "followers_url": ["https://api.github.com/users/jsqzxl/followers"],
    "following_url": ["https://api.github.com/users/jsqzxl/following{/other_user}"],
    "gists_url": ["https://api.github.com/users/jsqzxl/gists{/gist_id}"],
    "starred_url": ["https://api.github.com/users/jsqzxl/starred{/owner}{/repo}"],
    "subscriptions_url": ["https://api.github.com/users/jsqzxl/subscriptions"],
    "organizations_url": ["https://api.github.com/users/jsqzxl/orgs"],
    "repos_url": ["https://api.github.com/users/jsqzxl/repos"],
    "events_url": ["https://api.github.com/users/jsqzxl/events{/privacy}"],
    "received_events_url": ["https://api.github.com/users/jsqzxl/received_events"],
    "type": ["User"],
    "site_admin": [false]
  }
]
