[
  {
    "login": ["mittywalter"],
    "id": [11847964],
    "node_id": ["MDQ6VXNlcjExODQ3OTY0"],
    "avatar_url": ["https://avatars0.githubusercontent.com/u/11847964?v=4"],
    "gravatar_id": [""],
    "url": ["https://api.github.com/users/mittywalter"],
    "html_url": ["https://github.com/mittywalter"],
    "followers_url": ["https://api.github.com/users/mittywalter/followers"],
    "following_url": ["https://api.github.com/users/mittywalter/following{/other_user}"],
    "gists_url": ["https://api.github.com/users/mittywalter/gists{/gist_id}"],
    "starred_url": ["https://api.github.com/users/mittywalter/starred{/owner}{/repo}"],
    "subscriptions_url": ["https://api.github.com/users/mittywalter/subscriptions"],
    "organizations_url": ["https://api.github.com/users/mittywalter/orgs"],
    "repos_url": ["https://api.github.com/users/mittywalter/repos"],
    "events_url": ["https://api.github.com/users/mittywalter/events{/privacy}"],
    "received_events_url": ["https://api.github.com/users/mittywalter/received_events"],
    "type": ["User"],
    "site_admin": [false]
  }
]
