[
  {
    "login": ["anancds"],
    "id": [4735508],
    "node_id": ["MDQ6VXNlcjQ3MzU1MDg="],
    "avatar_url": ["https://avatars3.githubusercontent.com/u/4735508?v=4"],
    "gravatar_id": [""],
    "url": ["https://api.github.com/users/anancds"],
    "html_url": ["https://github.com/anancds"],
    "followers_url": ["https://api.github.com/users/anancds/followers"],
    "following_url": ["https://api.github.com/users/anancds/following{/other_user}"],
    "gists_url": ["https://api.github.com/users/anancds/gists{/gist_id}"],
    "starred_url": ["https://api.github.com/users/anancds/starred{/owner}{/repo}"],
    "subscriptions_url": ["https://api.github.com/users/anancds/subscriptions"],
    "organizations_url": ["https://api.github.com/users/anancds/orgs"],
    "repos_url": ["https://api.github.com/users/anancds/repos"],
    "events_url": ["https://api.github.com/users/anancds/events{/privacy}"],
    "received_events_url": ["https://api.github.com/users/anancds/received_events"],
    "type": ["User"],
    "site_admin": [false]
  }
]
