[
  {
    "login": ["sangitamuleva"],
    "id": [45760450],
    "node_id": ["MDQ6VXNlcjQ1NzYwNDUw"],
    "avatar_url": ["https://avatars2.githubusercontent.com/u/45760450?v=4"],
    "gravatar_id": [""],
    "url": ["https://api.github.com/users/sangitamuleva"],
    "html_url": ["https://github.com/sangitamuleva"],
    "followers_url": ["https://api.github.com/users/sangitamuleva/followers"],
    "following_url": ["https://api.github.com/users/sangitamuleva/following{/other_user}"],
    "gists_url": ["https://api.github.com/users/sangitamuleva/gists{/gist_id}"],
    "starred_url": ["https://api.github.com/users/sangitamuleva/starred{/owner}{/repo}"],
    "subscriptions_url": ["https://api.github.com/users/sangitamuleva/subscriptions"],
    "organizations_url": ["https://api.github.com/users/sangitamuleva/orgs"],
    "repos_url": ["https://api.github.com/users/sangitamuleva/repos"],
    "events_url": ["https://api.github.com/users/sangitamuleva/events{/privacy}"],
    "received_events_url": ["https://api.github.com/users/sangitamuleva/received_events"],
    "type": ["User"],
    "site_admin": [false]
  }
]
