[
  {
    "login": ["agAbhay"],
    "id": [41202978],
    "node_id": ["MDQ6VXNlcjQxMjAyOTc4"],
    "avatar_url": ["https://avatars1.githubusercontent.com/u/41202978?v=4"],
    "gravatar_id": [""],
    "url": ["https://api.github.com/users/agAbhay"],
    "html_url": ["https://github.com/agAbhay"],
    "followers_url": ["https://api.github.com/users/agAbhay/followers"],
    "following_url": ["https://api.github.com/users/agAbhay/following{/other_user}"],
    "gists_url": ["https://api.github.com/users/agAbhay/gists{/gist_id}"],
    "starred_url": ["https://api.github.com/users/agAbhay/starred{/owner}{/repo}"],
    "subscriptions_url": ["https://api.github.com/users/agAbhay/subscriptions"],
    "organizations_url": ["https://api.github.com/users/agAbhay/orgs"],
    "repos_url": ["https://api.github.com/users/agAbhay/repos"],
    "events_url": ["https://api.github.com/users/agAbhay/events{/privacy}"],
    "received_events_url": ["https://api.github.com/users/agAbhay/received_events"],
    "type": ["User"],
    "site_admin": [false]
  }
]
