[
  {
    "login": ["kusur"],
    "id": [2828200],
    "node_id": ["MDQ6VXNlcjI4MjgyMDA="],
    "avatar_url": ["https://avatars0.githubusercontent.com/u/2828200?v=4"],
    "gravatar_id": [""],
    "url": ["https://api.github.com/users/kusur"],
    "html_url": ["https://github.com/kusur"],
    "followers_url": ["https://api.github.com/users/kusur/followers"],
    "following_url": ["https://api.github.com/users/kusur/following{/other_user}"],
    "gists_url": ["https://api.github.com/users/kusur/gists{/gist_id}"],
    "starred_url": ["https://api.github.com/users/kusur/starred{/owner}{/repo}"],
    "subscriptions_url": ["https://api.github.com/users/kusur/subscriptions"],
    "organizations_url": ["https://api.github.com/users/kusur/orgs"],
    "repos_url": ["https://api.github.com/users/kusur/repos"],
    "events_url": ["https://api.github.com/users/kusur/events{/privacy}"],
    "received_events_url": ["https://api.github.com/users/kusur/received_events"],
    "type": ["User"],
    "site_admin": [false]
  }
]
