[
  {
    "login": ["iamlavri"],
    "id": [28693749],
    "node_id": ["MDQ6VXNlcjI4NjkzNzQ5"],
    "avatar_url": ["https://avatars0.githubusercontent.com/u/28693749?v=4"],
    "gravatar_id": [""],
    "url": ["https://api.github.com/users/iamlavri"],
    "html_url": ["https://github.com/iamlavri"],
    "followers_url": ["https://api.github.com/users/iamlavri/followers"],
    "following_url": ["https://api.github.com/users/iamlavri/following{/other_user}"],
    "gists_url": ["https://api.github.com/users/iamlavri/gists{/gist_id}"],
    "starred_url": ["https://api.github.com/users/iamlavri/starred{/owner}{/repo}"],
    "subscriptions_url": ["https://api.github.com/users/iamlavri/subscriptions"],
    "organizations_url": ["https://api.github.com/users/iamlavri/orgs"],
    "repos_url": ["https://api.github.com/users/iamlavri/repos"],
    "events_url": ["https://api.github.com/users/iamlavri/events{/privacy}"],
    "received_events_url": ["https://api.github.com/users/iamlavri/received_events"],
    "type": ["User"],
    "site_admin": [false]
  }
]
