[
  {
    "login": ["Aalcash"],
    "id": [23413765],
    "node_id": ["MDQ6VXNlcjIzNDEzNzY1"],
    "avatar_url": ["https://avatars3.githubusercontent.com/u/23413765?v=4"],
    "gravatar_id": [""],
    "url": ["https://api.github.com/users/Aalcash"],
    "html_url": ["https://github.com/Aalcash"],
    "followers_url": ["https://api.github.com/users/Aalcash/followers"],
    "following_url": ["https://api.github.com/users/Aalcash/following{/other_user}"],
    "gists_url": ["https://api.github.com/users/Aalcash/gists{/gist_id}"],
    "starred_url": ["https://api.github.com/users/Aalcash/starred{/owner}{/repo}"],
    "subscriptions_url": ["https://api.github.com/users/Aalcash/subscriptions"],
    "organizations_url": ["https://api.github.com/users/Aalcash/orgs"],
    "repos_url": ["https://api.github.com/users/Aalcash/repos"],
    "events_url": ["https://api.github.com/users/Aalcash/events{/privacy}"],
    "received_events_url": ["https://api.github.com/users/Aalcash/received_events"],
    "type": ["User"],
    "site_admin": [false]
  }
]
