[
  {
    "login": ["mrknockturnal"],
    "id": [19912157],
    "node_id": ["MDQ6VXNlcjE5OTEyMTU3"],
    "avatar_url": ["https://avatars1.githubusercontent.com/u/19912157?v=4"],
    "gravatar_id": [""],
    "url": ["https://api.github.com/users/mrknockturnal"],
    "html_url": ["https://github.com/mrknockturnal"],
    "followers_url": ["https://api.github.com/users/mrknockturnal/followers"],
    "following_url": ["https://api.github.com/users/mrknockturnal/following{/other_user}"],
    "gists_url": ["https://api.github.com/users/mrknockturnal/gists{/gist_id}"],
    "starred_url": ["https://api.github.com/users/mrknockturnal/starred{/owner}{/repo}"],
    "subscriptions_url": ["https://api.github.com/users/mrknockturnal/subscriptions"],
    "organizations_url": ["https://api.github.com/users/mrknockturnal/orgs"],
    "repos_url": ["https://api.github.com/users/mrknockturnal/repos"],
    "events_url": ["https://api.github.com/users/mrknockturnal/events{/privacy}"],
    "received_events_url": ["https://api.github.com/users/mrknockturnal/received_events"],
    "type": ["User"],
    "site_admin": [false]
  }
]
