[
  {
    "login": ["Sam0999"],
    "id": [17598175],
    "node_id": ["MDQ6VXNlcjE3NTk4MTc1"],
    "avatar_url": ["https://avatars2.githubusercontent.com/u/17598175?v=4"],
    "gravatar_id": [""],
    "url": ["https://api.github.com/users/Sam0999"],
    "html_url": ["https://github.com/Sam0999"],
    "followers_url": ["https://api.github.com/users/Sam0999/followers"],
    "following_url": ["https://api.github.com/users/Sam0999/following{/other_user}"],
    "gists_url": ["https://api.github.com/users/Sam0999/gists{/gist_id}"],
    "starred_url": ["https://api.github.com/users/Sam0999/starred{/owner}{/repo}"],
    "subscriptions_url": ["https://api.github.com/users/Sam0999/subscriptions"],
    "organizations_url": ["https://api.github.com/users/Sam0999/orgs"],
    "repos_url": ["https://api.github.com/users/Sam0999/repos"],
    "events_url": ["https://api.github.com/users/Sam0999/events{/privacy}"],
    "received_events_url": ["https://api.github.com/users/Sam0999/received_events"],
    "type": ["User"],
    "site_admin": [false]
  }
]
