[
  {
    "login": ["madanpandey97"],
    "id": [8751502],
    "node_id": ["MDQ6VXNlcjg3NTE1MDI="],
    "avatar_url": ["https://avatars1.githubusercontent.com/u/8751502?v=4"],
    "gravatar_id": [""],
    "url": ["https://api.github.com/users/madanpandey97"],
    "html_url": ["https://github.com/madanpandey97"],
    "followers_url": ["https://api.github.com/users/madanpandey97/followers"],
    "following_url": ["https://api.github.com/users/madanpandey97/following{/other_user}"],
    "gists_url": ["https://api.github.com/users/madanpandey97/gists{/gist_id}"],
    "starred_url": ["https://api.github.com/users/madanpandey97/starred{/owner}{/repo}"],
    "subscriptions_url": ["https://api.github.com/users/madanpandey97/subscriptions"],
    "organizations_url": ["https://api.github.com/users/madanpandey97/orgs"],
    "repos_url": ["https://api.github.com/users/madanpandey97/repos"],
    "events_url": ["https://api.github.com/users/madanpandey97/events{/privacy}"],
    "received_events_url": ["https://api.github.com/users/madanpandey97/received_events"],
    "type": ["User"],
    "site_admin": [false]
  }
]
