[
  {
    "login": ["stasSajin"],
    "id": [8104115],
    "node_id": ["MDQ6VXNlcjgxMDQxMTU="],
    "avatar_url": ["https://avatars3.githubusercontent.com/u/8104115?v=4"],
    "gravatar_id": [""],
    "url": ["https://api.github.com/users/stasSajin"],
    "html_url": ["https://github.com/stasSajin"],
    "followers_url": ["https://api.github.com/users/stasSajin/followers"],
    "following_url": ["https://api.github.com/users/stasSajin/following{/other_user}"],
    "gists_url": ["https://api.github.com/users/stasSajin/gists{/gist_id}"],
    "starred_url": ["https://api.github.com/users/stasSajin/starred{/owner}{/repo}"],
    "subscriptions_url": ["https://api.github.com/users/stasSajin/subscriptions"],
    "organizations_url": ["https://api.github.com/users/stasSajin/orgs"],
    "repos_url": ["https://api.github.com/users/stasSajin/repos"],
    "events_url": ["https://api.github.com/users/stasSajin/events{/privacy}"],
    "received_events_url": ["https://api.github.com/users/stasSajin/received_events"],
    "type": ["User"],
    "site_admin": [false]
  }
]
