[
  {
    "login": ["maximmath"],
    "id": [30240247],
    "node_id": ["MDQ6VXNlcjMwMjQwMjQ3"],
    "avatar_url": ["https://avatars2.githubusercontent.com/u/30240247?v=4"],
    "gravatar_id": [""],
    "url": ["https://api.github.com/users/maximmath"],
    "html_url": ["https://github.com/maximmath"],
    "followers_url": ["https://api.github.com/users/maximmath/followers"],
    "following_url": ["https://api.github.com/users/maximmath/following{/other_user}"],
    "gists_url": ["https://api.github.com/users/maximmath/gists{/gist_id}"],
    "starred_url": ["https://api.github.com/users/maximmath/starred{/owner}{/repo}"],
    "subscriptions_url": ["https://api.github.com/users/maximmath/subscriptions"],
    "organizations_url": ["https://api.github.com/users/maximmath/orgs"],
    "repos_url": ["https://api.github.com/users/maximmath/repos"],
    "events_url": ["https://api.github.com/users/maximmath/events{/privacy}"],
    "received_events_url": ["https://api.github.com/users/maximmath/received_events"],
    "type": ["User"],
    "site_admin": [false]
  }
]
