[
  {
    "login": ["LazyAir"],
    "id": [33431055],
    "node_id": ["MDQ6VXNlcjMzNDMxMDU1"],
    "avatar_url": ["https://avatars3.githubusercontent.com/u/33431055?v=4"],
    "gravatar_id": [""],
    "url": ["https://api.github.com/users/LazyAir"],
    "html_url": ["https://github.com/LazyAir"],
    "followers_url": ["https://api.github.com/users/LazyAir/followers"],
    "following_url": ["https://api.github.com/users/LazyAir/following{/other_user}"],
    "gists_url": ["https://api.github.com/users/LazyAir/gists{/gist_id}"],
    "starred_url": ["https://api.github.com/users/LazyAir/starred{/owner}{/repo}"],
    "subscriptions_url": ["https://api.github.com/users/LazyAir/subscriptions"],
    "organizations_url": ["https://api.github.com/users/LazyAir/orgs"],
    "repos_url": ["https://api.github.com/users/LazyAir/repos"],
    "events_url": ["https://api.github.com/users/LazyAir/events{/privacy}"],
    "received_events_url": ["https://api.github.com/users/LazyAir/received_events"],
    "type": ["User"],
    "site_admin": [false]
  }
]
