[
  {
    "login": ["EOAgbonghae"],
    "id": [32953545],
    "node_id": ["MDQ6VXNlcjMyOTUzNTQ1"],
    "avatar_url": ["https://avatars2.githubusercontent.com/u/32953545?v=4"],
    "gravatar_id": [""],
    "url": ["https://api.github.com/users/EOAgbonghae"],
    "html_url": ["https://github.com/EOAgbonghae"],
    "followers_url": ["https://api.github.com/users/EOAgbonghae/followers"],
    "following_url": ["https://api.github.com/users/EOAgbonghae/following{/other_user}"],
    "gists_url": ["https://api.github.com/users/EOAgbonghae/gists{/gist_id}"],
    "starred_url": ["https://api.github.com/users/EOAgbonghae/starred{/owner}{/repo}"],
    "subscriptions_url": ["https://api.github.com/users/EOAgbonghae/subscriptions"],
    "organizations_url": ["https://api.github.com/users/EOAgbonghae/orgs"],
    "repos_url": ["https://api.github.com/users/EOAgbonghae/repos"],
    "events_url": ["https://api.github.com/users/EOAgbonghae/events{/privacy}"],
    "received_events_url": ["https://api.github.com/users/EOAgbonghae/received_events"],
    "type": ["User"],
    "site_admin": [false]
  }
]
