[
  {
    "login": ["cmahon"],
    "id": [2888878],
    "node_id": ["MDQ6VXNlcjI4ODg4Nzg="],
    "avatar_url": ["https://avatars1.githubusercontent.com/u/2888878?v=4"],
    "gravatar_id": [""],
    "url": ["https://api.github.com/users/cmahon"],
    "html_url": ["https://github.com/cmahon"],
    "followers_url": ["https://api.github.com/users/cmahon/followers"],
    "following_url": ["https://api.github.com/users/cmahon/following{/other_user}"],
    "gists_url": ["https://api.github.com/users/cmahon/gists{/gist_id}"],
    "starred_url": ["https://api.github.com/users/cmahon/starred{/owner}{/repo}"],
    "subscriptions_url": ["https://api.github.com/users/cmahon/subscriptions"],
    "organizations_url": ["https://api.github.com/users/cmahon/orgs"],
    "repos_url": ["https://api.github.com/users/cmahon/repos"],
    "events_url": ["https://api.github.com/users/cmahon/events{/privacy}"],
    "received_events_url": ["https://api.github.com/users/cmahon/received_events"],
    "type": ["User"],
    "site_admin": [false]
  }
]
