[
  {
    "login": ["JamesBrowns"],
    "id": [33151913],
    "node_id": ["MDQ6VXNlcjMzMTUxOTEz"],
    "avatar_url": ["https://avatars0.githubusercontent.com/u/33151913?v=4"],
    "gravatar_id": [""],
    "url": ["https://api.github.com/users/JamesBrowns"],
    "html_url": ["https://github.com/JamesBrowns"],
    "followers_url": ["https://api.github.com/users/JamesBrowns/followers"],
    "following_url": ["https://api.github.com/users/JamesBrowns/following{/other_user}"],
    "gists_url": ["https://api.github.com/users/JamesBrowns/gists{/gist_id}"],
    "starred_url": ["https://api.github.com/users/JamesBrowns/starred{/owner}{/repo}"],
    "subscriptions_url": ["https://api.github.com/users/JamesBrowns/subscriptions"],
    "organizations_url": ["https://api.github.com/users/JamesBrowns/orgs"],
    "repos_url": ["https://api.github.com/users/JamesBrowns/repos"],
    "events_url": ["https://api.github.com/users/JamesBrowns/events{/privacy}"],
    "received_events_url": ["https://api.github.com/users/JamesBrowns/received_events"],
    "type": ["User"],
    "site_admin": [false]
  }
]
