[
  {
    "login": ["dlee0113"],
    "id": [759280],
    "node_id": ["MDQ6VXNlcjc1OTI4MA=="],
    "avatar_url": ["https://avatars2.githubusercontent.com/u/759280?v=4"],
    "gravatar_id": [""],
    "url": ["https://api.github.com/users/dlee0113"],
    "html_url": ["https://github.com/dlee0113"],
    "followers_url": ["https://api.github.com/users/dlee0113/followers"],
    "following_url": ["https://api.github.com/users/dlee0113/following{/other_user}"],
    "gists_url": ["https://api.github.com/users/dlee0113/gists{/gist_id}"],
    "starred_url": ["https://api.github.com/users/dlee0113/starred{/owner}{/repo}"],
    "subscriptions_url": ["https://api.github.com/users/dlee0113/subscriptions"],
    "organizations_url": ["https://api.github.com/users/dlee0113/orgs"],
    "repos_url": ["https://api.github.com/users/dlee0113/repos"],
    "events_url": ["https://api.github.com/users/dlee0113/events{/privacy}"],
    "received_events_url": ["https://api.github.com/users/dlee0113/received_events"],
    "type": ["User"],
    "site_admin": [false]
  }
]
