[
  {
    "login": ["ThemisZ"],
    "id": [15945463],
    "node_id": ["MDQ6VXNlcjE1OTQ1NDYz"],
    "avatar_url": ["https://avatars1.githubusercontent.com/u/15945463?v=4"],
    "gravatar_id": [""],
    "url": ["https://api.github.com/users/ThemisZ"],
    "html_url": ["https://github.com/ThemisZ"],
    "followers_url": ["https://api.github.com/users/ThemisZ/followers"],
    "following_url": ["https://api.github.com/users/ThemisZ/following{/other_user}"],
    "gists_url": ["https://api.github.com/users/ThemisZ/gists{/gist_id}"],
    "starred_url": ["https://api.github.com/users/ThemisZ/starred{/owner}{/repo}"],
    "subscriptions_url": ["https://api.github.com/users/ThemisZ/subscriptions"],
    "organizations_url": ["https://api.github.com/users/ThemisZ/orgs"],
    "repos_url": ["https://api.github.com/users/ThemisZ/repos"],
    "events_url": ["https://api.github.com/users/ThemisZ/events{/privacy}"],
    "received_events_url": ["https://api.github.com/users/ThemisZ/received_events"],
    "type": ["User"],
    "site_admin": [false]
  }
]
