[
  {
    "login": ["neeleshbisht99"],
    "id": [34083905],
    "node_id": ["MDQ6VXNlcjM0MDgzOTA1"],
    "avatar_url": ["https://avatars2.githubusercontent.com/u/34083905?v=4"],
    "gravatar_id": [""],
    "url": ["https://api.github.com/users/neeleshbisht99"],
    "html_url": ["https://github.com/neeleshbisht99"],
    "followers_url": ["https://api.github.com/users/neeleshbisht99/followers"],
    "following_url": ["https://api.github.com/users/neeleshbisht99/following{/other_user}"],
    "gists_url": ["https://api.github.com/users/neeleshbisht99/gists{/gist_id}"],
    "starred_url": ["https://api.github.com/users/neeleshbisht99/starred{/owner}{/repo}"],
    "subscriptions_url": ["https://api.github.com/users/neeleshbisht99/subscriptions"],
    "organizations_url": ["https://api.github.com/users/neeleshbisht99/orgs"],
    "repos_url": ["https://api.github.com/users/neeleshbisht99/repos"],
    "events_url": ["https://api.github.com/users/neeleshbisht99/events{/privacy}"],
    "received_events_url": ["https://api.github.com/users/neeleshbisht99/received_events"],
    "type": ["User"],
    "site_admin": [false]
  }
]
