[
  {
    "login": ["jainpulkit2892"],
    "id": [26349237],
    "node_id": ["MDQ6VXNlcjI2MzQ5MjM3"],
    "avatar_url": ["https://avatars3.githubusercontent.com/u/26349237?v=4"],
    "gravatar_id": [""],
    "url": ["https://api.github.com/users/jainpulkit2892"],
    "html_url": ["https://github.com/jainpulkit2892"],
    "followers_url": ["https://api.github.com/users/jainpulkit2892/followers"],
    "following_url": ["https://api.github.com/users/jainpulkit2892/following{/other_user}"],
    "gists_url": ["https://api.github.com/users/jainpulkit2892/gists{/gist_id}"],
    "starred_url": ["https://api.github.com/users/jainpulkit2892/starred{/owner}{/repo}"],
    "subscriptions_url": ["https://api.github.com/users/jainpulkit2892/subscriptions"],
    "organizations_url": ["https://api.github.com/users/jainpulkit2892/orgs"],
    "repos_url": ["https://api.github.com/users/jainpulkit2892/repos"],
    "events_url": ["https://api.github.com/users/jainpulkit2892/events{/privacy}"],
    "received_events_url": ["https://api.github.com/users/jainpulkit2892/received_events"],
    "type": ["User"],
    "site_admin": [false]
  }
]
