[
  {
    "login": ["jeffreywugz"],
    "id": [2861839],
    "node_id": ["MDQ6VXNlcjI4NjE4Mzk="],
    "avatar_url": ["https://avatars2.githubusercontent.com/u/2861839?v=4"],
    "gravatar_id": [""],
    "url": ["https://api.github.com/users/jeffreywugz"],
    "html_url": ["https://github.com/jeffreywugz"],
    "followers_url": ["https://api.github.com/users/jeffreywugz/followers"],
    "following_url": ["https://api.github.com/users/jeffreywugz/following{/other_user}"],
    "gists_url": ["https://api.github.com/users/jeffreywugz/gists{/gist_id}"],
    "starred_url": ["https://api.github.com/users/jeffreywugz/starred{/owner}{/repo}"],
    "subscriptions_url": ["https://api.github.com/users/jeffreywugz/subscriptions"],
    "organizations_url": ["https://api.github.com/users/jeffreywugz/orgs"],
    "repos_url": ["https://api.github.com/users/jeffreywugz/repos"],
    "events_url": ["https://api.github.com/users/jeffreywugz/events{/privacy}"],
    "received_events_url": ["https://api.github.com/users/jeffreywugz/received_events"],
    "type": ["User"],
    "site_admin": [false]
  }
]
