[
  {
    "login": ["wadefall"],
    "id": [1608388],
    "node_id": ["MDQ6VXNlcjE2MDgzODg="],
    "avatar_url": ["https://avatars0.githubusercontent.com/u/1608388?v=4"],
    "gravatar_id": [""],
    "url": ["https://api.github.com/users/wadefall"],
    "html_url": ["https://github.com/wadefall"],
    "followers_url": ["https://api.github.com/users/wadefall/followers"],
    "following_url": ["https://api.github.com/users/wadefall/following{/other_user}"],
    "gists_url": ["https://api.github.com/users/wadefall/gists{/gist_id}"],
    "starred_url": ["https://api.github.com/users/wadefall/starred{/owner}{/repo}"],
    "subscriptions_url": ["https://api.github.com/users/wadefall/subscriptions"],
    "organizations_url": ["https://api.github.com/users/wadefall/orgs"],
    "repos_url": ["https://api.github.com/users/wadefall/repos"],
    "events_url": ["https://api.github.com/users/wadefall/events{/privacy}"],
    "received_events_url": ["https://api.github.com/users/wadefall/received_events"],
    "type": ["User"],
    "site_admin": [false]
  }
]
