[
  {
    "login": ["Andrews2017"],
    "id": [31720996],
    "node_id": ["MDQ6VXNlcjMxNzIwOTk2"],
    "avatar_url": ["https://avatars0.githubusercontent.com/u/31720996?v=4"],
    "gravatar_id": [""],
    "url": ["https://api.github.com/users/Andrews2017"],
    "html_url": ["https://github.com/Andrews2017"],
    "followers_url": ["https://api.github.com/users/Andrews2017/followers"],
    "following_url": ["https://api.github.com/users/Andrews2017/following{/other_user}"],
    "gists_url": ["https://api.github.com/users/Andrews2017/gists{/gist_id}"],
    "starred_url": ["https://api.github.com/users/Andrews2017/starred{/owner}{/repo}"],
    "subscriptions_url": ["https://api.github.com/users/Andrews2017/subscriptions"],
    "organizations_url": ["https://api.github.com/users/Andrews2017/orgs"],
    "repos_url": ["https://api.github.com/users/Andrews2017/repos"],
    "events_url": ["https://api.github.com/users/Andrews2017/events{/privacy}"],
    "received_events_url": ["https://api.github.com/users/Andrews2017/received_events"],
    "type": ["User"],
    "site_admin": [false]
  }
]
