[
  {
    "login": ["turboic"],
    "id": [3989676],
    "node_id": ["MDQ6VXNlcjM5ODk2NzY="],
    "avatar_url": ["https://avatars1.githubusercontent.com/u/3989676?v=4"],
    "gravatar_id": [""],
    "url": ["https://api.github.com/users/turboic"],
    "html_url": ["https://github.com/turboic"],
    "followers_url": ["https://api.github.com/users/turboic/followers"],
    "following_url": ["https://api.github.com/users/turboic/following{/other_user}"],
    "gists_url": ["https://api.github.com/users/turboic/gists{/gist_id}"],
    "starred_url": ["https://api.github.com/users/turboic/starred{/owner}{/repo}"],
    "subscriptions_url": ["https://api.github.com/users/turboic/subscriptions"],
    "organizations_url": ["https://api.github.com/users/turboic/orgs"],
    "repos_url": ["https://api.github.com/users/turboic/repos"],
    "events_url": ["https://api.github.com/users/turboic/events{/privacy}"],
    "received_events_url": ["https://api.github.com/users/turboic/received_events"],
    "type": ["User"],
    "site_admin": [false]
  }
]
