[
  {
    "login": ["MelRun"],
    "id": [35968106],
    "node_id": ["MDQ6VXNlcjM1OTY4MTA2"],
    "avatar_url": ["https://avatars3.githubusercontent.com/u/35968106?v=4"],
    "gravatar_id": [""],
    "url": ["https://api.github.com/users/MelRun"],
    "html_url": ["https://github.com/MelRun"],
    "followers_url": ["https://api.github.com/users/MelRun/followers"],
    "following_url": ["https://api.github.com/users/MelRun/following{/other_user}"],
    "gists_url": ["https://api.github.com/users/MelRun/gists{/gist_id}"],
    "starred_url": ["https://api.github.com/users/MelRun/starred{/owner}{/repo}"],
    "subscriptions_url": ["https://api.github.com/users/MelRun/subscriptions"],
    "organizations_url": ["https://api.github.com/users/MelRun/orgs"],
    "repos_url": ["https://api.github.com/users/MelRun/repos"],
    "events_url": ["https://api.github.com/users/MelRun/events{/privacy}"],
    "received_events_url": ["https://api.github.com/users/MelRun/received_events"],
    "type": ["User"],
    "site_admin": [false]
  }
]
