[
  {
    "login": ["lii08"],
    "id": [19903833],
    "node_id": ["MDQ6VXNlcjE5OTAzODMz"],
    "avatar_url": ["https://avatars2.githubusercontent.com/u/19903833?v=4"],
    "gravatar_id": [""],
    "url": ["https://api.github.com/users/lii08"],
    "html_url": ["https://github.com/lii08"],
    "followers_url": ["https://api.github.com/users/lii08/followers"],
    "following_url": ["https://api.github.com/users/lii08/following{/other_user}"],
    "gists_url": ["https://api.github.com/users/lii08/gists{/gist_id}"],
    "starred_url": ["https://api.github.com/users/lii08/starred{/owner}{/repo}"],
    "subscriptions_url": ["https://api.github.com/users/lii08/subscriptions"],
    "organizations_url": ["https://api.github.com/users/lii08/orgs"],
    "repos_url": ["https://api.github.com/users/lii08/repos"],
    "events_url": ["https://api.github.com/users/lii08/events{/privacy}"],
    "received_events_url": ["https://api.github.com/users/lii08/received_events"],
    "type": ["User"],
    "site_admin": [false]
  }
]
