[
  {
    "login": ["nslatysheva"],
    "id": [6615691],
    "node_id": ["MDQ6VXNlcjY2MTU2OTE="],
    "avatar_url": ["https://avatars2.githubusercontent.com/u/6615691?v=4"],
    "gravatar_id": [""],
    "url": ["https://api.github.com/users/nslatysheva"],
    "html_url": ["https://github.com/nslatysheva"],
    "followers_url": ["https://api.github.com/users/nslatysheva/followers"],
    "following_url": ["https://api.github.com/users/nslatysheva/following{/other_user}"],
    "gists_url": ["https://api.github.com/users/nslatysheva/gists{/gist_id}"],
    "starred_url": ["https://api.github.com/users/nslatysheva/starred{/owner}{/repo}"],
    "subscriptions_url": ["https://api.github.com/users/nslatysheva/subscriptions"],
    "organizations_url": ["https://api.github.com/users/nslatysheva/orgs"],
    "repos_url": ["https://api.github.com/users/nslatysheva/repos"],
    "events_url": ["https://api.github.com/users/nslatysheva/events{/privacy}"],
    "received_events_url": ["https://api.github.com/users/nslatysheva/received_events"],
    "type": ["User"],
    "site_admin": [false]
  }
]
