[
  {
    "login": ["Ami-Bangladesh"],
    "id": [6561025],
    "node_id": ["MDQ6VXNlcjY1NjEwMjU="],
    "avatar_url": ["https://avatars3.githubusercontent.com/u/6561025?v=4"],
    "gravatar_id": [""],
    "url": ["https://api.github.com/users/Ami-Bangladesh"],
    "html_url": ["https://github.com/Ami-Bangladesh"],
    "followers_url": ["https://api.github.com/users/Ami-Bangladesh/followers"],
    "following_url": ["https://api.github.com/users/Ami-Bangladesh/following{/other_user}"],
    "gists_url": ["https://api.github.com/users/Ami-Bangladesh/gists{/gist_id}"],
    "starred_url": ["https://api.github.com/users/Ami-Bangladesh/starred{/owner}{/repo}"],
    "subscriptions_url": ["https://api.github.com/users/Ami-Bangladesh/subscriptions"],
    "organizations_url": ["https://api.github.com/users/Ami-Bangladesh/orgs"],
    "repos_url": ["https://api.github.com/users/Ami-Bangladesh/repos"],
    "events_url": ["https://api.github.com/users/Ami-Bangladesh/events{/privacy}"],
    "received_events_url": ["https://api.github.com/users/Ami-Bangladesh/received_events"],
    "type": ["User"],
    "site_admin": [false]
  }
]
