[
  {
    "login": ["lax17"],
    "id": [41922928],
    "node_id": ["MDQ6VXNlcjQxOTIyOTI4"],
    "avatar_url": ["https://avatars3.githubusercontent.com/u/41922928?v=4"],
    "gravatar_id": [""],
    "url": ["https://api.github.com/users/lax17"],
    "html_url": ["https://github.com/lax17"],
    "followers_url": ["https://api.github.com/users/lax17/followers"],
    "following_url": ["https://api.github.com/users/lax17/following{/other_user}"],
    "gists_url": ["https://api.github.com/users/lax17/gists{/gist_id}"],
    "starred_url": ["https://api.github.com/users/lax17/starred{/owner}{/repo}"],
    "subscriptions_url": ["https://api.github.com/users/lax17/subscriptions"],
    "organizations_url": ["https://api.github.com/users/lax17/orgs"],
    "repos_url": ["https://api.github.com/users/lax17/repos"],
    "events_url": ["https://api.github.com/users/lax17/events{/privacy}"],
    "received_events_url": ["https://api.github.com/users/lax17/received_events"],
    "type": ["User"],
    "site_admin": [false]
  }
]
