[
  {
    "login": ["ChittaranjanGutha"],
    "id": [36327028],
    "node_id": ["MDQ6VXNlcjM2MzI3MDI4"],
    "avatar_url": ["https://avatars1.githubusercontent.com/u/36327028?v=4"],
    "gravatar_id": [""],
    "url": ["https://api.github.com/users/ChittaranjanGutha"],
    "html_url": ["https://github.com/ChittaranjanGutha"],
    "followers_url": ["https://api.github.com/users/ChittaranjanGutha/followers"],
    "following_url": ["https://api.github.com/users/ChittaranjanGutha/following{/other_user}"],
    "gists_url": ["https://api.github.com/users/ChittaranjanGutha/gists{/gist_id}"],
    "starred_url": ["https://api.github.com/users/ChittaranjanGutha/starred{/owner}{/repo}"],
    "subscriptions_url": ["https://api.github.com/users/ChittaranjanGutha/subscriptions"],
    "organizations_url": ["https://api.github.com/users/ChittaranjanGutha/orgs"],
    "repos_url": ["https://api.github.com/users/ChittaranjanGutha/repos"],
    "events_url": ["https://api.github.com/users/ChittaranjanGutha/events{/privacy}"],
    "received_events_url": ["https://api.github.com/users/ChittaranjanGutha/received_events"],
    "type": ["User"],
    "site_admin": [false]
  }
]
