[
  {
    "login": ["getadeo"],
    "id": [4135012],
    "node_id": ["MDQ6VXNlcjQxMzUwMTI="],
    "avatar_url": ["https://avatars3.githubusercontent.com/u/4135012?v=4"],
    "gravatar_id": [""],
    "url": ["https://api.github.com/users/getadeo"],
    "html_url": ["https://github.com/getadeo"],
    "followers_url": ["https://api.github.com/users/getadeo/followers"],
    "following_url": ["https://api.github.com/users/getadeo/following{/other_user}"],
    "gists_url": ["https://api.github.com/users/getadeo/gists{/gist_id}"],
    "starred_url": ["https://api.github.com/users/getadeo/starred{/owner}{/repo}"],
    "subscriptions_url": ["https://api.github.com/users/getadeo/subscriptions"],
    "organizations_url": ["https://api.github.com/users/getadeo/orgs"],
    "repos_url": ["https://api.github.com/users/getadeo/repos"],
    "events_url": ["https://api.github.com/users/getadeo/events{/privacy}"],
    "received_events_url": ["https://api.github.com/users/getadeo/received_events"],
    "type": ["User"],
    "site_admin": [false]
  }
]
