[
  {
    "login": ["DucarrougeR"],
    "id": [14802981],
    "node_id": ["MDQ6VXNlcjE0ODAyOTgx"],
    "avatar_url": ["https://avatars2.githubusercontent.com/u/14802981?v=4"],
    "gravatar_id": [""],
    "url": ["https://api.github.com/users/DucarrougeR"],
    "html_url": ["https://github.com/DucarrougeR"],
    "followers_url": ["https://api.github.com/users/DucarrougeR/followers"],
    "following_url": ["https://api.github.com/users/DucarrougeR/following{/other_user}"],
    "gists_url": ["https://api.github.com/users/DucarrougeR/gists{/gist_id}"],
    "starred_url": ["https://api.github.com/users/DucarrougeR/starred{/owner}{/repo}"],
    "subscriptions_url": ["https://api.github.com/users/DucarrougeR/subscriptions"],
    "organizations_url": ["https://api.github.com/users/DucarrougeR/orgs"],
    "repos_url": ["https://api.github.com/users/DucarrougeR/repos"],
    "events_url": ["https://api.github.com/users/DucarrougeR/events{/privacy}"],
    "received_events_url": ["https://api.github.com/users/DucarrougeR/received_events"],
    "type": ["User"],
    "site_admin": [false]
  }
]
