[
  {
    "login": ["ChristophHorst"],
    "id": [13447843],
    "node_id": ["MDQ6VXNlcjEzNDQ3ODQz"],
    "avatar_url": ["https://avatars0.githubusercontent.com/u/13447843?v=4"],
    "gravatar_id": [""],
    "url": ["https://api.github.com/users/ChristophHorst"],
    "html_url": ["https://github.com/ChristophHorst"],
    "followers_url": ["https://api.github.com/users/ChristophHorst/followers"],
    "following_url": ["https://api.github.com/users/ChristophHorst/following{/other_user}"],
    "gists_url": ["https://api.github.com/users/ChristophHorst/gists{/gist_id}"],
    "starred_url": ["https://api.github.com/users/ChristophHorst/starred{/owner}{/repo}"],
    "subscriptions_url": ["https://api.github.com/users/ChristophHorst/subscriptions"],
    "organizations_url": ["https://api.github.com/users/ChristophHorst/orgs"],
    "repos_url": ["https://api.github.com/users/ChristophHorst/repos"],
    "events_url": ["https://api.github.com/users/ChristophHorst/events{/privacy}"],
    "received_events_url": ["https://api.github.com/users/ChristophHorst/received_events"],
    "type": ["User"],
    "site_admin": [false]
  }
]
