[
  {
    "login": ["kumaripaba"],
    "id": [23258105],
    "node_id": ["MDQ6VXNlcjIzMjU4MTA1"],
    "avatar_url": ["https://avatars1.githubusercontent.com/u/23258105?v=4"],
    "gravatar_id": [""],
    "url": ["https://api.github.com/users/kumaripaba"],
    "html_url": ["https://github.com/kumaripaba"],
    "followers_url": ["https://api.github.com/users/kumaripaba/followers"],
    "following_url": ["https://api.github.com/users/kumaripaba/following{/other_user}"],
    "gists_url": ["https://api.github.com/users/kumaripaba/gists{/gist_id}"],
    "starred_url": ["https://api.github.com/users/kumaripaba/starred{/owner}{/repo}"],
    "subscriptions_url": ["https://api.github.com/users/kumaripaba/subscriptions"],
    "organizations_url": ["https://api.github.com/users/kumaripaba/orgs"],
    "repos_url": ["https://api.github.com/users/kumaripaba/repos"],
    "events_url": ["https://api.github.com/users/kumaripaba/events{/privacy}"],
    "received_events_url": ["https://api.github.com/users/kumaripaba/received_events"],
    "type": ["User"],
    "site_admin": [false]
  }
]
