[
  {
    "login": ["mozii"],
    "id": [3055457],
    "node_id": ["MDQ6VXNlcjMwNTU0NTc="],
    "avatar_url": ["https://avatars1.githubusercontent.com/u/3055457?v=4"],
    "gravatar_id": [""],
    "url": ["https://api.github.com/users/mozii"],
    "html_url": ["https://github.com/mozii"],
    "followers_url": ["https://api.github.com/users/mozii/followers"],
    "following_url": ["https://api.github.com/users/mozii/following{/other_user}"],
    "gists_url": ["https://api.github.com/users/mozii/gists{/gist_id}"],
    "starred_url": ["https://api.github.com/users/mozii/starred{/owner}{/repo}"],
    "subscriptions_url": ["https://api.github.com/users/mozii/subscriptions"],
    "organizations_url": ["https://api.github.com/users/mozii/orgs"],
    "repos_url": ["https://api.github.com/users/mozii/repos"],
    "events_url": ["https://api.github.com/users/mozii/events{/privacy}"],
    "received_events_url": ["https://api.github.com/users/mozii/received_events"],
    "type": ["User"],
    "site_admin": [false]
  }
]
