[
  {
    "login": ["vatass"],
    "id": [8508022],
    "node_id": ["MDQ6VXNlcjg1MDgwMjI="],
    "avatar_url": ["https://avatars0.githubusercontent.com/u/8508022?v=4"],
    "gravatar_id": [""],
    "url": ["https://api.github.com/users/vatass"],
    "html_url": ["https://github.com/vatass"],
    "followers_url": ["https://api.github.com/users/vatass/followers"],
    "following_url": ["https://api.github.com/users/vatass/following{/other_user}"],
    "gists_url": ["https://api.github.com/users/vatass/gists{/gist_id}"],
    "starred_url": ["https://api.github.com/users/vatass/starred{/owner}{/repo}"],
    "subscriptions_url": ["https://api.github.com/users/vatass/subscriptions"],
    "organizations_url": ["https://api.github.com/users/vatass/orgs"],
    "repos_url": ["https://api.github.com/users/vatass/repos"],
    "events_url": ["https://api.github.com/users/vatass/events{/privacy}"],
    "received_events_url": ["https://api.github.com/users/vatass/received_events"],
    "type": ["User"],
    "site_admin": [false]
  }
]
