[
  {
    "login": ["Pacsiy"],
    "id": [20359782],
    "node_id": ["MDQ6VXNlcjIwMzU5Nzgy"],
    "avatar_url": ["https://avatars3.githubusercontent.com/u/20359782?v=4"],
    "gravatar_id": [""],
    "url": ["https://api.github.com/users/Pacsiy"],
    "html_url": ["https://github.com/Pacsiy"],
    "followers_url": ["https://api.github.com/users/Pacsiy/followers"],
    "following_url": ["https://api.github.com/users/Pacsiy/following{/other_user}"],
    "gists_url": ["https://api.github.com/users/Pacsiy/gists{/gist_id}"],
    "starred_url": ["https://api.github.com/users/Pacsiy/starred{/owner}{/repo}"],
    "subscriptions_url": ["https://api.github.com/users/Pacsiy/subscriptions"],
    "organizations_url": ["https://api.github.com/users/Pacsiy/orgs"],
    "repos_url": ["https://api.github.com/users/Pacsiy/repos"],
    "events_url": ["https://api.github.com/users/Pacsiy/events{/privacy}"],
    "received_events_url": ["https://api.github.com/users/Pacsiy/received_events"],
    "type": ["User"],
    "site_admin": [false]
  }
]
