[
  {
    "login": ["PaladinTyrion"],
    "id": [4528356],
    "node_id": ["MDQ6VXNlcjQ1MjgzNTY="],
    "avatar_url": ["https://avatars0.githubusercontent.com/u/4528356?v=4"],
    "gravatar_id": [""],
    "url": ["https://api.github.com/users/PaladinTyrion"],
    "html_url": ["https://github.com/PaladinTyrion"],
    "followers_url": ["https://api.github.com/users/PaladinTyrion/followers"],
    "following_url": ["https://api.github.com/users/PaladinTyrion/following{/other_user}"],
    "gists_url": ["https://api.github.com/users/PaladinTyrion/gists{/gist_id}"],
    "starred_url": ["https://api.github.com/users/PaladinTyrion/starred{/owner}{/repo}"],
    "subscriptions_url": ["https://api.github.com/users/PaladinTyrion/subscriptions"],
    "organizations_url": ["https://api.github.com/users/PaladinTyrion/orgs"],
    "repos_url": ["https://api.github.com/users/PaladinTyrion/repos"],
    "events_url": ["https://api.github.com/users/PaladinTyrion/events{/privacy}"],
    "received_events_url": ["https://api.github.com/users/PaladinTyrion/received_events"],
    "type": ["User"],
    "site_admin": [false]
  }
]
