[
  {
    "login": ["kororo"],
    "id": [689528],
    "node_id": ["MDQ6VXNlcjY4OTUyOA=="],
    "avatar_url": ["https://avatars2.githubusercontent.com/u/689528?v=4"],
    "gravatar_id": [""],
    "url": ["https://api.github.com/users/kororo"],
    "html_url": ["https://github.com/kororo"],
    "followers_url": ["https://api.github.com/users/kororo/followers"],
    "following_url": ["https://api.github.com/users/kororo/following{/other_user}"],
    "gists_url": ["https://api.github.com/users/kororo/gists{/gist_id}"],
    "starred_url": ["https://api.github.com/users/kororo/starred{/owner}{/repo}"],
    "subscriptions_url": ["https://api.github.com/users/kororo/subscriptions"],
    "organizations_url": ["https://api.github.com/users/kororo/orgs"],
    "repos_url": ["https://api.github.com/users/kororo/repos"],
    "events_url": ["https://api.github.com/users/kororo/events{/privacy}"],
    "received_events_url": ["https://api.github.com/users/kororo/received_events"],
    "type": ["User"],
    "site_admin": [false]
  }
]
