[
  {
    "login": ["War3cdota"],
    "id": [12780185],
    "node_id": ["MDQ6VXNlcjEyNzgwMTg1"],
    "avatar_url": ["https://avatars2.githubusercontent.com/u/12780185?v=4"],
    "gravatar_id": [""],
    "url": ["https://api.github.com/users/War3cdota"],
    "html_url": ["https://github.com/War3cdota"],
    "followers_url": ["https://api.github.com/users/War3cdota/followers"],
    "following_url": ["https://api.github.com/users/War3cdota/following{/other_user}"],
    "gists_url": ["https://api.github.com/users/War3cdota/gists{/gist_id}"],
    "starred_url": ["https://api.github.com/users/War3cdota/starred{/owner}{/repo}"],
    "subscriptions_url": ["https://api.github.com/users/War3cdota/subscriptions"],
    "organizations_url": ["https://api.github.com/users/War3cdota/orgs"],
    "repos_url": ["https://api.github.com/users/War3cdota/repos"],
    "events_url": ["https://api.github.com/users/War3cdota/events{/privacy}"],
    "received_events_url": ["https://api.github.com/users/War3cdota/received_events"],
    "type": ["User"],
    "site_admin": [false]
  }
]
