[
  {
    "login": ["chris-chua"],
    "id": [25447529],
    "node_id": ["MDQ6VXNlcjI1NDQ3NTI5"],
    "avatar_url": ["https://avatars3.githubusercontent.com/u/25447529?v=4"],
    "gravatar_id": [""],
    "url": ["https://api.github.com/users/chris-chua"],
    "html_url": ["https://github.com/chris-chua"],
    "followers_url": ["https://api.github.com/users/chris-chua/followers"],
    "following_url": ["https://api.github.com/users/chris-chua/following{/other_user}"],
    "gists_url": ["https://api.github.com/users/chris-chua/gists{/gist_id}"],
    "starred_url": ["https://api.github.com/users/chris-chua/starred{/owner}{/repo}"],
    "subscriptions_url": ["https://api.github.com/users/chris-chua/subscriptions"],
    "organizations_url": ["https://api.github.com/users/chris-chua/orgs"],
    "repos_url": ["https://api.github.com/users/chris-chua/repos"],
    "events_url": ["https://api.github.com/users/chris-chua/events{/privacy}"],
    "received_events_url": ["https://api.github.com/users/chris-chua/received_events"],
    "type": ["User"],
    "site_admin": [false]
  }
]
