[
  {
    "login": ["hkucukdereli"],
    "id": [11420905],
    "node_id": ["MDQ6VXNlcjExNDIwOTA1"],
    "avatar_url": ["https://avatars0.githubusercontent.com/u/11420905?v=4"],
    "gravatar_id": [""],
    "url": ["https://api.github.com/users/hkucukdereli"],
    "html_url": ["https://github.com/hkucukdereli"],
    "followers_url": ["https://api.github.com/users/hkucukdereli/followers"],
    "following_url": ["https://api.github.com/users/hkucukdereli/following{/other_user}"],
    "gists_url": ["https://api.github.com/users/hkucukdereli/gists{/gist_id}"],
    "starred_url": ["https://api.github.com/users/hkucukdereli/starred{/owner}{/repo}"],
    "subscriptions_url": ["https://api.github.com/users/hkucukdereli/subscriptions"],
    "organizations_url": ["https://api.github.com/users/hkucukdereli/orgs"],
    "repos_url": ["https://api.github.com/users/hkucukdereli/repos"],
    "events_url": ["https://api.github.com/users/hkucukdereli/events{/privacy}"],
    "received_events_url": ["https://api.github.com/users/hkucukdereli/received_events"],
    "type": ["User"],
    "site_admin": [false]
  }
]
