[
  {
    "login": ["nihaoyaTnT"],
    "id": [16910789],
    "node_id": ["MDQ6VXNlcjE2OTEwNzg5"],
    "avatar_url": ["https://avatars3.githubusercontent.com/u/16910789?v=4"],
    "gravatar_id": [""],
    "url": ["https://api.github.com/users/nihaoyaTnT"],
    "html_url": ["https://github.com/nihaoyaTnT"],
    "followers_url": ["https://api.github.com/users/nihaoyaTnT/followers"],
    "following_url": ["https://api.github.com/users/nihaoyaTnT/following{/other_user}"],
    "gists_url": ["https://api.github.com/users/nihaoyaTnT/gists{/gist_id}"],
    "starred_url": ["https://api.github.com/users/nihaoyaTnT/starred{/owner}{/repo}"],
    "subscriptions_url": ["https://api.github.com/users/nihaoyaTnT/subscriptions"],
    "organizations_url": ["https://api.github.com/users/nihaoyaTnT/orgs"],
    "repos_url": ["https://api.github.com/users/nihaoyaTnT/repos"],
    "events_url": ["https://api.github.com/users/nihaoyaTnT/events{/privacy}"],
    "received_events_url": ["https://api.github.com/users/nihaoyaTnT/received_events"],
    "type": ["User"],
    "site_admin": [false]
  }
]
