[
  {
    "login": ["cetienn01"],
    "id": [46975293],
    "node_id": ["MDQ6VXNlcjQ2OTc1Mjkz"],
    "avatar_url": ["https://avatars2.githubusercontent.com/u/46975293?v=4"],
    "gravatar_id": [""],
    "url": ["https://api.github.com/users/cetienn01"],
    "html_url": ["https://github.com/cetienn01"],
    "followers_url": ["https://api.github.com/users/cetienn01/followers"],
    "following_url": ["https://api.github.com/users/cetienn01/following{/other_user}"],
    "gists_url": ["https://api.github.com/users/cetienn01/gists{/gist_id}"],
    "starred_url": ["https://api.github.com/users/cetienn01/starred{/owner}{/repo}"],
    "subscriptions_url": ["https://api.github.com/users/cetienn01/subscriptions"],
    "organizations_url": ["https://api.github.com/users/cetienn01/orgs"],
    "repos_url": ["https://api.github.com/users/cetienn01/repos"],
    "events_url": ["https://api.github.com/users/cetienn01/events{/privacy}"],
    "received_events_url": ["https://api.github.com/users/cetienn01/received_events"],
    "type": ["User"],
    "site_admin": [false]
  }
]
