[
  {
    "login": ["mohanarunachalam"],
    "id": [8125066],
    "node_id": ["MDQ6VXNlcjgxMjUwNjY="],
    "avatar_url": ["https://avatars3.githubusercontent.com/u/8125066?v=4"],
    "gravatar_id": [""],
    "url": ["https://api.github.com/users/mohanarunachalam"],
    "html_url": ["https://github.com/mohanarunachalam"],
    "followers_url": ["https://api.github.com/users/mohanarunachalam/followers"],
    "following_url": ["https://api.github.com/users/mohanarunachalam/following{/other_user}"],
    "gists_url": ["https://api.github.com/users/mohanarunachalam/gists{/gist_id}"],
    "starred_url": ["https://api.github.com/users/mohanarunachalam/starred{/owner}{/repo}"],
    "subscriptions_url": ["https://api.github.com/users/mohanarunachalam/subscriptions"],
    "organizations_url": ["https://api.github.com/users/mohanarunachalam/orgs"],
    "repos_url": ["https://api.github.com/users/mohanarunachalam/repos"],
    "events_url": ["https://api.github.com/users/mohanarunachalam/events{/privacy}"],
    "received_events_url": ["https://api.github.com/users/mohanarunachalam/received_events"],
    "type": ["User"],
    "site_admin": [false]
  }
]
