[
  {
    "url": ["https://api.github.com/repos/michael-iuzzolino/FlapPyBio-NEAT/issues/7"],
    "repository_url": ["https://api.github.com/repos/michael-iuzzolino/FlapPyBio-NEAT"],
    "labels_url": ["https://api.github.com/repos/michael-iuzzolino/FlapPyBio-NEAT/issues/7/labels{/name}"],
    "comments_url": ["https://api.github.com/repos/michael-iuzzolino/FlapPyBio-NEAT/issues/7/comments"],
    "events_url": ["https://api.github.com/repos/michael-iuzzolino/FlapPyBio-NEAT/issues/7/events"],
    "html_url": ["https://github.com/michael-iuzzolino/FlapPyBio-NEAT/issues/7"],
    "id": [192233428],
    "node_id": ["MDU6SXNzdWUxOTIyMzM0Mjg="],
    "number": [7],
    "title": ["Interspecies mating"],
    "user": {
      "login": ["michael-iuzzolino"],
      "id": [21148987],
      "node_id": ["MDQ6VXNlcjIxMTQ4OTg3"],
      "avatar_url": ["https://avatars2.githubusercontent.com/u/21148987?v=4"],
      "gravatar_id": [""],
      "url": ["https://api.github.com/users/michael-iuzzolino"],
      "html_url": ["https://github.com/michael-iuzzolino"],
      "followers_url": ["https://api.github.com/users/michael-iuzzolino/followers"],
      "following_url": ["https://api.github.com/users/michael-iuzzolino/following{/other_user}"],
      "gists_url": ["https://api.github.com/users/michael-iuzzolino/gists{/gist_id}"],
      "starred_url": ["https://api.github.com/users/michael-iuzzolino/starred{/owner}{/repo}"],
      "subscriptions_url": ["https://api.github.com/users/michael-iuzzolino/subscriptions"],
      "organizations_url": ["https://api.github.com/users/michael-iuzzolino/orgs"],
      "repos_url": ["https://api.github.com/users/michael-iuzzolino/repos"],
      "events_url": ["https://api.github.com/users/michael-iuzzolino/events{/privacy}"],
      "received_events_url": ["https://api.github.com/users/michael-iuzzolino/received_events"],
      "type": ["User"],
      "site_admin": [false]
    },
    "labels": [],
    "state": ["open"],
    "locked": [false],
    "assignee": {},
    "assignees": [],
    "milestone": {},
    "comments": [0],
    "created_at": ["2016-11-29T09:45:52Z"],
    "updated_at": ["2016-11-29T09:45:52Z"],
    "closed_at": {},
    "author_association": ["OWNER"],
    "body": ["Have to account for interspecies mating possibility (0.01 chance)"]
  },
  {
    "url": ["https://api.github.com/repos/michael-iuzzolino/FlapPyBio-NEAT/issues/6"],
    "repository_url": ["https://api.github.com/repos/michael-iuzzolino/FlapPyBio-NEAT"],
    "labels_url": ["https://api.github.com/repos/michael-iuzzolino/FlapPyBio-NEAT/issues/6/labels{/name}"],
    "comments_url": ["https://api.github.com/repos/michael-iuzzolino/FlapPyBio-NEAT/issues/6/comments"],
    "events_url": ["https://api.github.com/repos/michael-iuzzolino/FlapPyBio-NEAT/issues/6/events"],
    "html_url": ["https://github.com/michael-iuzzolino/FlapPyBio-NEAT/issues/6"],
    "id": [192232644],
    "node_id": ["MDU6SXNzdWUxOTIyMzI2NDQ="],
    "number": [6],
    "title": ["Weights on genes"],
    "user": {
      "login": ["michael-iuzzolino"],
      "id": [21148987],
      "node_id": ["MDQ6VXNlcjIxMTQ4OTg3"],
      "avatar_url": ["https://avatars2.githubusercontent.com/u/21148987?v=4"],
      "gravatar_id": [""],
      "url": ["https://api.github.com/users/michael-iuzzolino"],
      "html_url": ["https://github.com/michael-iuzzolino"],
      "followers_url": ["https://api.github.com/users/michael-iuzzolino/followers"],
      "following_url": ["https://api.github.com/users/michael-iuzzolino/following{/other_user}"],
      "gists_url": ["https://api.github.com/users/michael-iuzzolino/gists{/gist_id}"],
      "starred_url": ["https://api.github.com/users/michael-iuzzolino/starred{/owner}{/repo}"],
      "subscriptions_url": ["https://api.github.com/users/michael-iuzzolino/subscriptions"],
      "organizations_url": ["https://api.github.com/users/michael-iuzzolino/orgs"],
      "repos_url": ["https://api.github.com/users/michael-iuzzolino/repos"],
      "events_url": ["https://api.github.com/users/michael-iuzzolino/events{/privacy}"],
      "received_events_url": ["https://api.github.com/users/michael-iuzzolino/received_events"],
      "type": ["User"],
      "site_admin": [false]
    },
    "labels": [],
    "state": ["open"],
    "locked": [false],
    "assignee": {},
    "assignees": [],
    "milestone": {},
    "comments": [0],
    "created_at": ["2016-11-29T09:42:18Z"],
    "updated_at": ["2016-11-29T09:42:18Z"],
    "closed_at": {},
    "author_association": ["OWNER"],
    "body": ["Should the weights actually be bound between [0, 1], or [0, inf) ? Negative numbers may be skewing the similarity measure during checking genomes for speciation."]
  },
  {
    "url": ["https://api.github.com/repos/michael-iuzzolino/FlapPyBio-NEAT/issues/5"],
    "repository_url": ["https://api.github.com/repos/michael-iuzzolino/FlapPyBio-NEAT"],
    "labels_url": ["https://api.github.com/repos/michael-iuzzolino/FlapPyBio-NEAT/issues/5/labels{/name}"],
    "comments_url": ["https://api.github.com/repos/michael-iuzzolino/FlapPyBio-NEAT/issues/5/comments"],
    "events_url": ["https://api.github.com/repos/michael-iuzzolino/FlapPyBio-NEAT/issues/5/events"],
    "html_url": ["https://github.com/michael-iuzzolino/FlapPyBio-NEAT/issues/5"],
    "id": [192232375],
    "node_id": ["MDU6SXNzdWUxOTIyMzIzNzU="],
    "number": [5],
    "title": ["Culling"],
    "user": {
      "login": ["michael-iuzzolino"],
      "id": [21148987],
      "node_id": ["MDQ6VXNlcjIxMTQ4OTg3"],
      "avatar_url": ["https://avatars2.githubusercontent.com/u/21148987?v=4"],
      "gravatar_id": [""],
      "url": ["https://api.github.com/users/michael-iuzzolino"],
      "html_url": ["https://github.com/michael-iuzzolino"],
      "followers_url": ["https://api.github.com/users/michael-iuzzolino/followers"],
      "following_url": ["https://api.github.com/users/michael-iuzzolino/following{/other_user}"],
      "gists_url": ["https://api.github.com/users/michael-iuzzolino/gists{/gist_id}"],
      "starred_url": ["https://api.github.com/users/michael-iuzzolino/starred{/owner}{/repo}"],
      "subscriptions_url": ["https://api.github.com/users/michael-iuzzolino/subscriptions"],
      "organizations_url": ["https://api.github.com/users/michael-iuzzolino/orgs"],
      "repos_url": ["https://api.github.com/users/michael-iuzzolino/repos"],
      "events_url": ["https://api.github.com/users/michael-iuzzolino/events{/privacy}"],
      "received_events_url": ["https://api.github.com/users/michael-iuzzolino/received_events"],
      "type": ["User"],
      "site_admin": [false]
    },
    "labels": [],
    "state": ["open"],
    "locked": [false],
    "assignee": {},
    "assignees": [],
    "milestone": {},
    "comments": [0],
    "created_at": ["2016-11-29T09:41:16Z"],
    "updated_at": ["2016-11-29T09:41:16Z"],
    "closed_at": {},
    "author_association": ["OWNER"],
    "body": ["The species need to be culled correctly. If after 15 rounds there is no improvement, then only the top 2 organisms of the species should mate and produce enough progeny to refill the species."]
  },
  {
    "url": ["https://api.github.com/repos/michael-iuzzolino/FlapPyBio-NEAT/issues/4"],
    "repository_url": ["https://api.github.com/repos/michael-iuzzolino/FlapPyBio-NEAT"],
    "labels_url": ["https://api.github.com/repos/michael-iuzzolino/FlapPyBio-NEAT/issues/4/labels{/name}"],
    "comments_url": ["https://api.github.com/repos/michael-iuzzolino/FlapPyBio-NEAT/issues/4/comments"],
    "events_url": ["https://api.github.com/repos/michael-iuzzolino/FlapPyBio-NEAT/issues/4/events"],
    "html_url": ["https://github.com/michael-iuzzolino/FlapPyBio-NEAT/issues/4"],
    "id": [192232069],
    "node_id": ["MDU6SXNzdWUxOTIyMzIwNjk="],
    "number": [4],
    "title": ["Global Innovation Number Tracking"],
    "user": {
      "login": ["michael-iuzzolino"],
      "id": [21148987],
      "node_id": ["MDQ6VXNlcjIxMTQ4OTg3"],
      "avatar_url": ["https://avatars2.githubusercontent.com/u/21148987?v=4"],
      "gravatar_id": [""],
      "url": ["https://api.github.com/users/michael-iuzzolino"],
      "html_url": ["https://github.com/michael-iuzzolino"],
      "followers_url": ["https://api.github.com/users/michael-iuzzolino/followers"],
      "following_url": ["https://api.github.com/users/michael-iuzzolino/following{/other_user}"],
      "gists_url": ["https://api.github.com/users/michael-iuzzolino/gists{/gist_id}"],
      "starred_url": ["https://api.github.com/users/michael-iuzzolino/starred{/owner}{/repo}"],
      "subscriptions_url": ["https://api.github.com/users/michael-iuzzolino/subscriptions"],
      "organizations_url": ["https://api.github.com/users/michael-iuzzolino/orgs"],
      "repos_url": ["https://api.github.com/users/michael-iuzzolino/repos"],
      "events_url": ["https://api.github.com/users/michael-iuzzolino/events{/privacy}"],
      "received_events_url": ["https://api.github.com/users/michael-iuzzolino/received_events"],
      "type": ["User"],
      "site_admin": [false]
    },
    "labels": [],
    "state": ["closed"],
    "locked": [false],
    "assignee": {},
    "assignees": [],
    "milestone": {},
    "comments": [0],
    "created_at": ["2016-11-29T09:39:53Z"],
    "updated_at": ["2016-11-29T17:31:56Z"],
    "closed_at": ["2016-11-29T17:31:56Z"],
    "author_association": ["OWNER"],
    "body": ["Must ensure that if same structures evolve at the same time within one generation, that multiple innovation numbers do not apply to the same innovation gene.\r\n\r\nNeed to create a list of innovations per generation replication, and check genes with same structure but different innovation numbers, and change them to be the same innovation number."]
  },
  {
    "url": ["https://api.github.com/repos/michael-iuzzolino/FlapPyBio-NEAT/issues/3"],
    "repository_url": ["https://api.github.com/repos/michael-iuzzolino/FlapPyBio-NEAT"],
    "labels_url": ["https://api.github.com/repos/michael-iuzzolino/FlapPyBio-NEAT/issues/3/labels{/name}"],
    "comments_url": ["https://api.github.com/repos/michael-iuzzolino/FlapPyBio-NEAT/issues/3/comments"],
    "events_url": ["https://api.github.com/repos/michael-iuzzolino/FlapPyBio-NEAT/issues/3/events"],
    "html_url": ["https://github.com/michael-iuzzolino/FlapPyBio-NEAT/issues/3"],
    "id": [192231597],
    "node_id": ["MDU6SXNzdWUxOTIyMzE1OTc="],
    "number": [3],
    "title": ["Species ID display on pygame"],
    "user": {
      "login": ["michael-iuzzolino"],
      "id": [21148987],
      "node_id": ["MDQ6VXNlcjIxMTQ4OTg3"],
      "avatar_url": ["https://avatars2.githubusercontent.com/u/21148987?v=4"],
      "gravatar_id": [""],
      "url": ["https://api.github.com/users/michael-iuzzolino"],
      "html_url": ["https://github.com/michael-iuzzolino"],
      "followers_url": ["https://api.github.com/users/michael-iuzzolino/followers"],
      "following_url": ["https://api.github.com/users/michael-iuzzolino/following{/other_user}"],
      "gists_url": ["https://api.github.com/users/michael-iuzzolino/gists{/gist_id}"],
      "starred_url": ["https://api.github.com/users/michael-iuzzolino/starred{/owner}{/repo}"],
      "subscriptions_url": ["https://api.github.com/users/michael-iuzzolino/subscriptions"],
      "organizations_url": ["https://api.github.com/users/michael-iuzzolino/orgs"],
      "repos_url": ["https://api.github.com/users/michael-iuzzolino/repos"],
      "events_url": ["https://api.github.com/users/michael-iuzzolino/events{/privacy}"],
      "received_events_url": ["https://api.github.com/users/michael-iuzzolino/received_events"],
      "type": ["User"],
      "site_admin": [false]
    },
    "labels": [],
    "state": ["closed"],
    "locked": [false],
    "assignee": {},
    "assignees": [],
    "milestone": {},
    "comments": [0],
    "created_at": ["2016-11-29T09:37:53Z"],
    "updated_at": ["2016-11-29T16:23:54Z"],
    "closed_at": ["2016-11-29T16:23:54Z"],
    "author_association": ["OWNER"],
    "body": ["Species ID counter on the pygame screen is overlapping with double digits."]
  },
  {
    "url": ["https://api.github.com/repos/michael-iuzzolino/FlapPyBio-NEAT/issues/2"],
    "repository_url": ["https://api.github.com/repos/michael-iuzzolino/FlapPyBio-NEAT"],
    "labels_url": ["https://api.github.com/repos/michael-iuzzolino/FlapPyBio-NEAT/issues/2/labels{/name}"],
    "comments_url": ["https://api.github.com/repos/michael-iuzzolino/FlapPyBio-NEAT/issues/2/comments"],
    "events_url": ["https://api.github.com/repos/michael-iuzzolino/FlapPyBio-NEAT/issues/2/events"],
    "html_url": ["https://github.com/michael-iuzzolino/FlapPyBio-NEAT/issues/2"],
    "id": [192231486],
    "node_id": ["MDU6SXNzdWUxOTIyMzE0ODY="],
    "number": [2],
    "title": ["Number of Progeny per Species"],
    "user": {
      "login": ["michael-iuzzolino"],
      "id": [21148987],
      "node_id": ["MDQ6VXNlcjIxMTQ4OTg3"],
      "avatar_url": ["https://avatars2.githubusercontent.com/u/21148987?v=4"],
      "gravatar_id": [""],
      "url": ["https://api.github.com/users/michael-iuzzolino"],
      "html_url": ["https://github.com/michael-iuzzolino"],
      "followers_url": ["https://api.github.com/users/michael-iuzzolino/followers"],
      "following_url": ["https://api.github.com/users/michael-iuzzolino/following{/other_user}"],
      "gists_url": ["https://api.github.com/users/michael-iuzzolino/gists{/gist_id}"],
      "starred_url": ["https://api.github.com/users/michael-iuzzolino/starred{/owner}{/repo}"],
      "subscriptions_url": ["https://api.github.com/users/michael-iuzzolino/subscriptions"],
      "organizations_url": ["https://api.github.com/users/michael-iuzzolino/orgs"],
      "repos_url": ["https://api.github.com/users/michael-iuzzolino/repos"],
      "events_url": ["https://api.github.com/users/michael-iuzzolino/events{/privacy}"],
      "received_events_url": ["https://api.github.com/users/michael-iuzzolino/received_events"],
      "type": ["User"],
      "site_admin": [false]
    },
    "labels": [],
    "state": ["open"],
    "locked": [false],
    "assignee": {},
    "assignees": [],
    "milestone": {},
    "comments": [0],
    "created_at": ["2016-11-29T09:37:25Z"],
    "updated_at": ["2016-11-29T09:37:25Z"],
    "closed_at": {},
    "author_association": ["OWNER"],
    "body": ["Too many organisms are created per species as speciation begins to happen. Total population should be constant (e.g., 150); however, with speciation, some species can have > 150 organisms, when 150 organisms should be the total number allowed in the entire species' population."]
  },
  {
    "url": ["https://api.github.com/repos/michael-iuzzolino/FlapPyBio-NEAT/issues/1"],
    "repository_url": ["https://api.github.com/repos/michael-iuzzolino/FlapPyBio-NEAT"],
    "labels_url": ["https://api.github.com/repos/michael-iuzzolino/FlapPyBio-NEAT/issues/1/labels{/name}"],
    "comments_url": ["https://api.github.com/repos/michael-iuzzolino/FlapPyBio-NEAT/issues/1/comments"],
    "events_url": ["https://api.github.com/repos/michael-iuzzolino/FlapPyBio-NEAT/issues/1/events"],
    "html_url": ["https://github.com/michael-iuzzolino/FlapPyBio-NEAT/issues/1"],
    "id": [192231224],
    "node_id": ["MDU6SXNzdWUxOTIyMzEyMjQ="],
    "number": [1],
    "title": ["Speciation"],
    "user": {
      "login": ["michael-iuzzolino"],
      "id": [21148987],
      "node_id": ["MDQ6VXNlcjIxMTQ4OTg3"],
      "avatar_url": ["https://avatars2.githubusercontent.com/u/21148987?v=4"],
      "gravatar_id": [""],
      "url": ["https://api.github.com/users/michael-iuzzolino"],
      "html_url": ["https://github.com/michael-iuzzolino"],
      "followers_url": ["https://api.github.com/users/michael-iuzzolino/followers"],
      "following_url": ["https://api.github.com/users/michael-iuzzolino/following{/other_user}"],
      "gists_url": ["https://api.github.com/users/michael-iuzzolino/gists{/gist_id}"],
      "starred_url": ["https://api.github.com/users/michael-iuzzolino/starred{/owner}{/repo}"],
      "subscriptions_url": ["https://api.github.com/users/michael-iuzzolino/subscriptions"],
      "organizations_url": ["https://api.github.com/users/michael-iuzzolino/orgs"],
      "repos_url": ["https://api.github.com/users/michael-iuzzolino/repos"],
      "events_url": ["https://api.github.com/users/michael-iuzzolino/events{/privacy}"],
      "received_events_url": ["https://api.github.com/users/michael-iuzzolino/received_events"],
      "type": ["User"],
      "site_admin": [false]
    },
    "labels": [],
    "state": ["open"],
    "locked": [false],
    "assignee": {},
    "assignees": [],
    "milestone": {},
    "comments": [0],
    "created_at": ["2016-11-29T09:36:11Z"],
    "updated_at": ["2016-11-29T09:36:11Z"],
    "closed_at": {},
    "author_association": ["OWNER"],
    "body": ["Comparison values seem too low and speciation isn't happening when it should be. "]
  }
]
