[
  {
    "url": ["https://api.github.com/repos/michael-iuzzolino/BeeCommunication/issues/1"],
    "repository_url": ["https://api.github.com/repos/michael-iuzzolino/BeeCommunication"],
    "labels_url": ["https://api.github.com/repos/michael-iuzzolino/BeeCommunication/issues/1/labels{/name}"],
    "comments_url": ["https://api.github.com/repos/michael-iuzzolino/BeeCommunication/issues/1/comments"],
    "events_url": ["https://api.github.com/repos/michael-iuzzolino/BeeCommunication/issues/1/events"],
    "html_url": ["https://github.com/michael-iuzzolino/BeeCommunication/pull/1"],
    "id": [325957481],
    "node_id": ["MDExOlB1bGxSZXF1ZXN0MTkwMTY1MDY0"],
    "number": [1],
    "title": ["IDK what a pull request is so I'm testing"],
    "user": {
      "login": ["dieumynguyen"],
      "id": [31418347],
      "node_id": ["MDQ6VXNlcjMxNDE4MzQ3"],
      "avatar_url": ["https://avatars3.githubusercontent.com/u/31418347?v=4"],
      "gravatar_id": [""],
      "url": ["https://api.github.com/users/dieumynguyen"],
      "html_url": ["https://github.com/dieumynguyen"],
      "followers_url": ["https://api.github.com/users/dieumynguyen/followers"],
      "following_url": ["https://api.github.com/users/dieumynguyen/following{/other_user}"],
      "gists_url": ["https://api.github.com/users/dieumynguyen/gists{/gist_id}"],
      "starred_url": ["https://api.github.com/users/dieumynguyen/starred{/owner}{/repo}"],
      "subscriptions_url": ["https://api.github.com/users/dieumynguyen/subscriptions"],
      "organizations_url": ["https://api.github.com/users/dieumynguyen/orgs"],
      "repos_url": ["https://api.github.com/users/dieumynguyen/repos"],
      "events_url": ["https://api.github.com/users/dieumynguyen/events{/privacy}"],
      "received_events_url": ["https://api.github.com/users/dieumynguyen/received_events"],
      "type": ["User"],
      "site_admin": [false]
    },
    "labels": [],
    "state": ["open"],
    "locked": [false],
    "assignee": {},
    "assignees": [],
    "milestone": {},
    "comments": [0],
    "created_at": ["2018-05-24T04:12:01Z"],
    "updated_at": ["2018-05-24T21:17:36Z"],
    "closed_at": {},
    "author_association": ["COLLABORATOR"],
    "pull_request": {
      "url": ["https://api.github.com/repos/michael-iuzzolino/BeeCommunication/pulls/1"],
      "html_url": ["https://github.com/michael-iuzzolino/BeeCommunication/pull/1"],
      "diff_url": ["https://github.com/michael-iuzzolino/BeeCommunication/pull/1.diff"],
      "patch_url": ["https://github.com/michael-iuzzolino/BeeCommunication/pull/1.patch"]
    },
    "body": ["Hello I love you"]
  }
]
