[
  {
    "url": ["https://api.github.com/repos/michael-iuzzolino/hri_music_puzzle_task/issues/10"],
    "repository_url": ["https://api.github.com/repos/michael-iuzzolino/hri_music_puzzle_task"],
    "labels_url": ["https://api.github.com/repos/michael-iuzzolino/hri_music_puzzle_task/issues/10/labels{/name}"],
    "comments_url": ["https://api.github.com/repos/michael-iuzzolino/hri_music_puzzle_task/issues/10/comments"],
    "events_url": ["https://api.github.com/repos/michael-iuzzolino/hri_music_puzzle_task/issues/10/events"],
    "html_url": ["https://github.com/michael-iuzzolino/hri_music_puzzle_task/issues/10"],
    "id": [239501459],
    "node_id": ["MDU6SXNzdWUyMzk1MDE0NTk="],
    "number": [10],
    "title": ["Next Melody Button"],
    "user": {
      "login": ["michael-iuzzolino"],
      "id": [21148987],
      "node_id": ["MDQ6VXNlcjIxMTQ4OTg3"],
      "avatar_url": ["https://avatars2.githubusercontent.com/u/21148987?v=4"],
      "gravatar_id": [""],
      "url": ["https://api.github.com/users/michael-iuzzolino"],
      "html_url": ["https://github.com/michael-iuzzolino"],
      "followers_url": ["https://api.github.com/users/michael-iuzzolino/followers"],
      "following_url": ["https://api.github.com/users/michael-iuzzolino/following{/other_user}"],
      "gists_url": ["https://api.github.com/users/michael-iuzzolino/gists{/gist_id}"],
      "starred_url": ["https://api.github.com/users/michael-iuzzolino/starred{/owner}{/repo}"],
      "subscriptions_url": ["https://api.github.com/users/michael-iuzzolino/subscriptions"],
      "organizations_url": ["https://api.github.com/users/michael-iuzzolino/orgs"],
      "repos_url": ["https://api.github.com/users/michael-iuzzolino/repos"],
      "events_url": ["https://api.github.com/users/michael-iuzzolino/events{/privacy}"],
      "received_events_url": ["https://api.github.com/users/michael-iuzzolino/received_events"],
      "type": ["User"],
      "site_admin": [false]
    },
    "labels": [],
    "state": ["open"],
    "locked": [false],
    "assignee": {},
    "assignees": [],
    "milestone": {},
    "comments": [0],
    "created_at": ["2017-06-29T14:37:04Z"],
    "updated_at": ["2017-06-29T14:37:04Z"],
    "closed_at": {},
    "author_association": ["OWNER"],
    "body": ["Fill in color to indicate next melody is processing after clicking"]
  },
  {
    "url": ["https://api.github.com/repos/michael-iuzzolino/hri_music_puzzle_task/issues/9"],
    "repository_url": ["https://api.github.com/repos/michael-iuzzolino/hri_music_puzzle_task"],
    "labels_url": ["https://api.github.com/repos/michael-iuzzolino/hri_music_puzzle_task/issues/9/labels{/name}"],
    "comments_url": ["https://api.github.com/repos/michael-iuzzolino/hri_music_puzzle_task/issues/9/comments"],
    "events_url": ["https://api.github.com/repos/michael-iuzzolino/hri_music_puzzle_task/issues/9/events"],
    "html_url": ["https://github.com/michael-iuzzolino/hri_music_puzzle_task/issues/9"],
    "id": [239501332],
    "node_id": ["MDU6SXNzdWUyMzk1MDEzMzI="],
    "number": [9],
    "title": ["Melody #7 is broken"],
    "user": {
      "login": ["michael-iuzzolino"],
      "id": [21148987],
      "node_id": ["MDQ6VXNlcjIxMTQ4OTg3"],
      "avatar_url": ["https://avatars2.githubusercontent.com/u/21148987?v=4"],
      "gravatar_id": [""],
      "url": ["https://api.github.com/users/michael-iuzzolino"],
      "html_url": ["https://github.com/michael-iuzzolino"],
      "followers_url": ["https://api.github.com/users/michael-iuzzolino/followers"],
      "following_url": ["https://api.github.com/users/michael-iuzzolino/following{/other_user}"],
      "gists_url": ["https://api.github.com/users/michael-iuzzolino/gists{/gist_id}"],
      "starred_url": ["https://api.github.com/users/michael-iuzzolino/starred{/owner}{/repo}"],
      "subscriptions_url": ["https://api.github.com/users/michael-iuzzolino/subscriptions"],
      "organizations_url": ["https://api.github.com/users/michael-iuzzolino/orgs"],
      "repos_url": ["https://api.github.com/users/michael-iuzzolino/repos"],
      "events_url": ["https://api.github.com/users/michael-iuzzolino/events{/privacy}"],
      "received_events_url": ["https://api.github.com/users/michael-iuzzolino/received_events"],
      "type": ["User"],
      "site_admin": [false]
    },
    "labels": [],
    "state": ["open"],
    "locked": [false],
    "assignee": {},
    "assignees": [],
    "milestone": {},
    "comments": [0],
    "created_at": ["2017-06-29T14:36:41Z"],
    "updated_at": ["2017-06-29T14:36:41Z"],
    "closed_at": {},
    "author_association": ["OWNER"],
    "body": [""]
  },
  {
    "url": ["https://api.github.com/repos/michael-iuzzolino/hri_music_puzzle_task/issues/8"],
    "repository_url": ["https://api.github.com/repos/michael-iuzzolino/hri_music_puzzle_task"],
    "labels_url": ["https://api.github.com/repos/michael-iuzzolino/hri_music_puzzle_task/issues/8/labels{/name}"],
    "comments_url": ["https://api.github.com/repos/michael-iuzzolino/hri_music_puzzle_task/issues/8/comments"],
    "events_url": ["https://api.github.com/repos/michael-iuzzolino/hri_music_puzzle_task/issues/8/events"],
    "html_url": ["https://github.com/michael-iuzzolino/hri_music_puzzle_task/issues/8"],
    "id": [239357953],
    "node_id": ["MDU6SXNzdWUyMzkzNTc5NTM="],
    "number": [8],
    "title": ["Timer"],
    "user": {
      "login": ["michael-iuzzolino"],
      "id": [21148987],
      "node_id": ["MDQ6VXNlcjIxMTQ4OTg3"],
      "avatar_url": ["https://avatars2.githubusercontent.com/u/21148987?v=4"],
      "gravatar_id": [""],
      "url": ["https://api.github.com/users/michael-iuzzolino"],
      "html_url": ["https://github.com/michael-iuzzolino"],
      "followers_url": ["https://api.github.com/users/michael-iuzzolino/followers"],
      "following_url": ["https://api.github.com/users/michael-iuzzolino/following{/other_user}"],
      "gists_url": ["https://api.github.com/users/michael-iuzzolino/gists{/gist_id}"],
      "starred_url": ["https://api.github.com/users/michael-iuzzolino/starred{/owner}{/repo}"],
      "subscriptions_url": ["https://api.github.com/users/michael-iuzzolino/subscriptions"],
      "organizations_url": ["https://api.github.com/users/michael-iuzzolino/orgs"],
      "repos_url": ["https://api.github.com/users/michael-iuzzolino/repos"],
      "events_url": ["https://api.github.com/users/michael-iuzzolino/events{/privacy}"],
      "received_events_url": ["https://api.github.com/users/michael-iuzzolino/received_events"],
      "type": ["User"],
      "site_admin": [false]
    },
    "labels": [],
    "state": ["closed"],
    "locked": [false],
    "assignee": {},
    "assignees": [],
    "milestone": {},
    "comments": [0],
    "created_at": ["2017-06-29T03:42:09Z"],
    "updated_at": ["2017-06-29T14:36:20Z"],
    "closed_at": ["2017-06-29T14:36:20Z"],
    "author_association": ["OWNER"],
    "body": ["Timer has issue for x:00 - x:10\r\nE.g., instead of x:05, it shows x:5"]
  },
  {
    "url": ["https://api.github.com/repos/michael-iuzzolino/hri_music_puzzle_task/issues/7"],
    "repository_url": ["https://api.github.com/repos/michael-iuzzolino/hri_music_puzzle_task"],
    "labels_url": ["https://api.github.com/repos/michael-iuzzolino/hri_music_puzzle_task/issues/7/labels{/name}"],
    "comments_url": ["https://api.github.com/repos/michael-iuzzolino/hri_music_puzzle_task/issues/7/comments"],
    "events_url": ["https://api.github.com/repos/michael-iuzzolino/hri_music_puzzle_task/issues/7/events"],
    "html_url": ["https://github.com/michael-iuzzolino/hri_music_puzzle_task/issues/7"],
    "id": [239357887],
    "node_id": ["MDU6SXNzdWUyMzkzNTc4ODc="],
    "number": [7],
    "title": ["Accuracy"],
    "user": {
      "login": ["michael-iuzzolino"],
      "id": [21148987],
      "node_id": ["MDQ6VXNlcjIxMTQ4OTg3"],
      "avatar_url": ["https://avatars2.githubusercontent.com/u/21148987?v=4"],
      "gravatar_id": [""],
      "url": ["https://api.github.com/users/michael-iuzzolino"],
      "html_url": ["https://github.com/michael-iuzzolino"],
      "followers_url": ["https://api.github.com/users/michael-iuzzolino/followers"],
      "following_url": ["https://api.github.com/users/michael-iuzzolino/following{/other_user}"],
      "gists_url": ["https://api.github.com/users/michael-iuzzolino/gists{/gist_id}"],
      "starred_url": ["https://api.github.com/users/michael-iuzzolino/starred{/owner}{/repo}"],
      "subscriptions_url": ["https://api.github.com/users/michael-iuzzolino/subscriptions"],
      "organizations_url": ["https://api.github.com/users/michael-iuzzolino/orgs"],
      "repos_url": ["https://api.github.com/users/michael-iuzzolino/repos"],
      "events_url": ["https://api.github.com/users/michael-iuzzolino/events{/privacy}"],
      "received_events_url": ["https://api.github.com/users/michael-iuzzolino/received_events"],
      "type": ["User"],
      "site_admin": [false]
    },
    "labels": [],
    "state": ["closed"],
    "locked": [false],
    "assignee": {},
    "assignees": [],
    "milestone": {},
    "comments": [0],
    "created_at": ["2017-06-29T03:41:33Z"],
    "updated_at": ["2017-06-29T14:36:30Z"],
    "closed_at": ["2017-06-29T14:36:30Z"],
    "author_association": ["OWNER"],
    "body": ["Prints out:  66.666666666%\r\nFix to 2 decimal precision"]
  },
  {
    "url": ["https://api.github.com/repos/michael-iuzzolino/hri_music_puzzle_task/issues/6"],
    "repository_url": ["https://api.github.com/repos/michael-iuzzolino/hri_music_puzzle_task"],
    "labels_url": ["https://api.github.com/repos/michael-iuzzolino/hri_music_puzzle_task/issues/6/labels{/name}"],
    "comments_url": ["https://api.github.com/repos/michael-iuzzolino/hri_music_puzzle_task/issues/6/comments"],
    "events_url": ["https://api.github.com/repos/michael-iuzzolino/hri_music_puzzle_task/issues/6/events"],
    "html_url": ["https://github.com/michael-iuzzolino/hri_music_puzzle_task/issues/6"],
    "id": [239215357],
    "node_id": ["MDU6SXNzdWUyMzkyMTUzNTc="],
    "number": [6],
    "title": ["Add timer"],
    "user": {
      "login": ["michael-iuzzolino"],
      "id": [21148987],
      "node_id": ["MDQ6VXNlcjIxMTQ4OTg3"],
      "avatar_url": ["https://avatars2.githubusercontent.com/u/21148987?v=4"],
      "gravatar_id": [""],
      "url": ["https://api.github.com/users/michael-iuzzolino"],
      "html_url": ["https://github.com/michael-iuzzolino"],
      "followers_url": ["https://api.github.com/users/michael-iuzzolino/followers"],
      "following_url": ["https://api.github.com/users/michael-iuzzolino/following{/other_user}"],
      "gists_url": ["https://api.github.com/users/michael-iuzzolino/gists{/gist_id}"],
      "starred_url": ["https://api.github.com/users/michael-iuzzolino/starred{/owner}{/repo}"],
      "subscriptions_url": ["https://api.github.com/users/michael-iuzzolino/subscriptions"],
      "organizations_url": ["https://api.github.com/users/michael-iuzzolino/orgs"],
      "repos_url": ["https://api.github.com/users/michael-iuzzolino/repos"],
      "events_url": ["https://api.github.com/users/michael-iuzzolino/events{/privacy}"],
      "received_events_url": ["https://api.github.com/users/michael-iuzzolino/received_events"],
      "type": ["User"],
      "site_admin": [false]
    },
    "labels": [],
    "state": ["closed"],
    "locked": [false],
    "assignee": {},
    "assignees": [],
    "milestone": {},
    "comments": [0],
    "created_at": ["2017-06-28T16:04:46Z"],
    "updated_at": ["2017-06-28T18:24:01Z"],
    "closed_at": ["2017-06-28T18:24:01Z"],
    "author_association": ["OWNER"],
    "body": [""]
  },
  {
    "url": ["https://api.github.com/repos/michael-iuzzolino/hri_music_puzzle_task/issues/5"],
    "repository_url": ["https://api.github.com/repos/michael-iuzzolino/hri_music_puzzle_task"],
    "labels_url": ["https://api.github.com/repos/michael-iuzzolino/hri_music_puzzle_task/issues/5/labels{/name}"],
    "comments_url": ["https://api.github.com/repos/michael-iuzzolino/hri_music_puzzle_task/issues/5/comments"],
    "events_url": ["https://api.github.com/repos/michael-iuzzolino/hri_music_puzzle_task/issues/5/events"],
    "html_url": ["https://github.com/michael-iuzzolino/hri_music_puzzle_task/issues/5"],
    "id": [239215336],
    "node_id": ["MDU6SXNzdWUyMzkyMTUzMzY="],
    "number": [5],
    "title": ["Add scoring"],
    "user": {
      "login": ["michael-iuzzolino"],
      "id": [21148987],
      "node_id": ["MDQ6VXNlcjIxMTQ4OTg3"],
      "avatar_url": ["https://avatars2.githubusercontent.com/u/21148987?v=4"],
      "gravatar_id": [""],
      "url": ["https://api.github.com/users/michael-iuzzolino"],
      "html_url": ["https://github.com/michael-iuzzolino"],
      "followers_url": ["https://api.github.com/users/michael-iuzzolino/followers"],
      "following_url": ["https://api.github.com/users/michael-iuzzolino/following{/other_user}"],
      "gists_url": ["https://api.github.com/users/michael-iuzzolino/gists{/gist_id}"],
      "starred_url": ["https://api.github.com/users/michael-iuzzolino/starred{/owner}{/repo}"],
      "subscriptions_url": ["https://api.github.com/users/michael-iuzzolino/subscriptions"],
      "organizations_url": ["https://api.github.com/users/michael-iuzzolino/orgs"],
      "repos_url": ["https://api.github.com/users/michael-iuzzolino/repos"],
      "events_url": ["https://api.github.com/users/michael-iuzzolino/events{/privacy}"],
      "received_events_url": ["https://api.github.com/users/michael-iuzzolino/received_events"],
      "type": ["User"],
      "site_admin": [false]
    },
    "labels": [],
    "state": ["closed"],
    "locked": [false],
    "assignee": {},
    "assignees": [],
    "milestone": {},
    "comments": [0],
    "created_at": ["2017-06-28T16:04:41Z"],
    "updated_at": ["2017-06-28T18:02:45Z"],
    "closed_at": ["2017-06-28T18:02:45Z"],
    "author_association": ["OWNER"],
    "body": [""]
  },
  {
    "url": ["https://api.github.com/repos/michael-iuzzolino/hri_music_puzzle_task/issues/4"],
    "repository_url": ["https://api.github.com/repos/michael-iuzzolino/hri_music_puzzle_task"],
    "labels_url": ["https://api.github.com/repos/michael-iuzzolino/hri_music_puzzle_task/issues/4/labels{/name}"],
    "comments_url": ["https://api.github.com/repos/michael-iuzzolino/hri_music_puzzle_task/issues/4/comments"],
    "events_url": ["https://api.github.com/repos/michael-iuzzolino/hri_music_puzzle_task/issues/4/events"],
    "html_url": ["https://github.com/michael-iuzzolino/hri_music_puzzle_task/issues/4"],
    "id": [238989795],
    "node_id": ["MDU6SXNzdWUyMzg5ODk3OTU="],
    "number": [4],
    "title": ["Piano keys - sound issue"],
    "user": {
      "login": ["michael-iuzzolino"],
      "id": [21148987],
      "node_id": ["MDQ6VXNlcjIxMTQ4OTg3"],
      "avatar_url": ["https://avatars2.githubusercontent.com/u/21148987?v=4"],
      "gravatar_id": [""],
      "url": ["https://api.github.com/users/michael-iuzzolino"],
      "html_url": ["https://github.com/michael-iuzzolino"],
      "followers_url": ["https://api.github.com/users/michael-iuzzolino/followers"],
      "following_url": ["https://api.github.com/users/michael-iuzzolino/following{/other_user}"],
      "gists_url": ["https://api.github.com/users/michael-iuzzolino/gists{/gist_id}"],
      "starred_url": ["https://api.github.com/users/michael-iuzzolino/starred{/owner}{/repo}"],
      "subscriptions_url": ["https://api.github.com/users/michael-iuzzolino/subscriptions"],
      "organizations_url": ["https://api.github.com/users/michael-iuzzolino/orgs"],
      "repos_url": ["https://api.github.com/users/michael-iuzzolino/repos"],
      "events_url": ["https://api.github.com/users/michael-iuzzolino/events{/privacy}"],
      "received_events_url": ["https://api.github.com/users/michael-iuzzolino/received_events"],
      "type": ["User"],
      "site_admin": [false]
    },
    "labels": [],
    "state": ["open"],
    "locked": [false],
    "assignee": {},
    "assignees": [],
    "milestone": {},
    "comments": [0],
    "created_at": ["2017-06-27T21:33:33Z"],
    "updated_at": ["2017-06-27T21:33:33Z"],
    "closed_at": {},
    "author_association": ["OWNER"],
    "body": ["Piano keys have issues."]
  },
  {
    "url": ["https://api.github.com/repos/michael-iuzzolino/hri_music_puzzle_task/issues/3"],
    "repository_url": ["https://api.github.com/repos/michael-iuzzolino/hri_music_puzzle_task"],
    "labels_url": ["https://api.github.com/repos/michael-iuzzolino/hri_music_puzzle_task/issues/3/labels{/name}"],
    "comments_url": ["https://api.github.com/repos/michael-iuzzolino/hri_music_puzzle_task/issues/3/comments"],
    "events_url": ["https://api.github.com/repos/michael-iuzzolino/hri_music_puzzle_task/issues/3/events"],
    "html_url": ["https://github.com/michael-iuzzolino/hri_music_puzzle_task/issues/3"],
    "id": [238989684],
    "node_id": ["MDU6SXNzdWUyMzg5ODk2ODQ="],
    "number": [3],
    "title": ["Instructions"],
    "user": {
      "login": ["michael-iuzzolino"],
      "id": [21148987],
      "node_id": ["MDQ6VXNlcjIxMTQ4OTg3"],
      "avatar_url": ["https://avatars2.githubusercontent.com/u/21148987?v=4"],
      "gravatar_id": [""],
      "url": ["https://api.github.com/users/michael-iuzzolino"],
      "html_url": ["https://github.com/michael-iuzzolino"],
      "followers_url": ["https://api.github.com/users/michael-iuzzolino/followers"],
      "following_url": ["https://api.github.com/users/michael-iuzzolino/following{/other_user}"],
      "gists_url": ["https://api.github.com/users/michael-iuzzolino/gists{/gist_id}"],
      "starred_url": ["https://api.github.com/users/michael-iuzzolino/starred{/owner}{/repo}"],
      "subscriptions_url": ["https://api.github.com/users/michael-iuzzolino/subscriptions"],
      "organizations_url": ["https://api.github.com/users/michael-iuzzolino/orgs"],
      "repos_url": ["https://api.github.com/users/michael-iuzzolino/repos"],
      "events_url": ["https://api.github.com/users/michael-iuzzolino/events{/privacy}"],
      "received_events_url": ["https://api.github.com/users/michael-iuzzolino/received_events"],
      "type": ["User"],
      "site_admin": [false]
    },
    "labels": [],
    "state": ["open"],
    "locked": [false],
    "assignee": {},
    "assignees": [],
    "milestone": {},
    "comments": [0],
    "created_at": ["2017-06-27T21:33:07Z"],
    "updated_at": ["2017-06-27T21:33:07Z"],
    "closed_at": {},
    "author_association": ["OWNER"],
    "body": ["Fix instructions"]
  },
  {
    "url": ["https://api.github.com/repos/michael-iuzzolino/hri_music_puzzle_task/issues/2"],
    "repository_url": ["https://api.github.com/repos/michael-iuzzolino/hri_music_puzzle_task"],
    "labels_url": ["https://api.github.com/repos/michael-iuzzolino/hri_music_puzzle_task/issues/2/labels{/name}"],
    "comments_url": ["https://api.github.com/repos/michael-iuzzolino/hri_music_puzzle_task/issues/2/comments"],
    "events_url": ["https://api.github.com/repos/michael-iuzzolino/hri_music_puzzle_task/issues/2/events"],
    "html_url": ["https://github.com/michael-iuzzolino/hri_music_puzzle_task/issues/2"],
    "id": [238989386],
    "node_id": ["MDU6SXNzdWUyMzg5ODkzODY="],
    "number": [2],
    "title": ["Simple Melodies"],
    "user": {
      "login": ["michael-iuzzolino"],
      "id": [21148987],
      "node_id": ["MDQ6VXNlcjIxMTQ4OTg3"],
      "avatar_url": ["https://avatars2.githubusercontent.com/u/21148987?v=4"],
      "gravatar_id": [""],
      "url": ["https://api.github.com/users/michael-iuzzolino"],
      "html_url": ["https://github.com/michael-iuzzolino"],
      "followers_url": ["https://api.github.com/users/michael-iuzzolino/followers"],
      "following_url": ["https://api.github.com/users/michael-iuzzolino/following{/other_user}"],
      "gists_url": ["https://api.github.com/users/michael-iuzzolino/gists{/gist_id}"],
      "starred_url": ["https://api.github.com/users/michael-iuzzolino/starred{/owner}{/repo}"],
      "subscriptions_url": ["https://api.github.com/users/michael-iuzzolino/subscriptions"],
      "organizations_url": ["https://api.github.com/users/michael-iuzzolino/orgs"],
      "repos_url": ["https://api.github.com/users/michael-iuzzolino/repos"],
      "events_url": ["https://api.github.com/users/michael-iuzzolino/events{/privacy}"],
      "received_events_url": ["https://api.github.com/users/michael-iuzzolino/received_events"],
      "type": ["User"],
      "site_admin": [false]
    },
    "labels": [],
    "state": ["closed"],
    "locked": [false],
    "assignee": {},
    "assignees": [],
    "milestone": {},
    "comments": [0],
    "created_at": ["2017-06-27T21:32:01Z"],
    "updated_at": ["2017-06-28T16:04:12Z"],
    "closed_at": ["2017-06-28T16:04:12Z"],
    "author_association": ["OWNER"],
    "body": ["Start with simple melodies. "]
  },
  {
    "url": ["https://api.github.com/repos/michael-iuzzolino/hri_music_puzzle_task/issues/1"],
    "repository_url": ["https://api.github.com/repos/michael-iuzzolino/hri_music_puzzle_task"],
    "labels_url": ["https://api.github.com/repos/michael-iuzzolino/hri_music_puzzle_task/issues/1/labels{/name}"],
    "comments_url": ["https://api.github.com/repos/michael-iuzzolino/hri_music_puzzle_task/issues/1/comments"],
    "events_url": ["https://api.github.com/repos/michael-iuzzolino/hri_music_puzzle_task/issues/1/events"],
    "html_url": ["https://github.com/michael-iuzzolino/hri_music_puzzle_task/issues/1"],
    "id": [238989243],
    "node_id": ["MDU6SXNzdWUyMzg5ODkyNDM="],
    "number": [1],
    "title": ["Play / Pause Button"],
    "user": {
      "login": ["michael-iuzzolino"],
      "id": [21148987],
      "node_id": ["MDQ6VXNlcjIxMTQ4OTg3"],
      "avatar_url": ["https://avatars2.githubusercontent.com/u/21148987?v=4"],
      "gravatar_id": [""],
      "url": ["https://api.github.com/users/michael-iuzzolino"],
      "html_url": ["https://github.com/michael-iuzzolino"],
      "followers_url": ["https://api.github.com/users/michael-iuzzolino/followers"],
      "following_url": ["https://api.github.com/users/michael-iuzzolino/following{/other_user}"],
      "gists_url": ["https://api.github.com/users/michael-iuzzolino/gists{/gist_id}"],
      "starred_url": ["https://api.github.com/users/michael-iuzzolino/starred{/owner}{/repo}"],
      "subscriptions_url": ["https://api.github.com/users/michael-iuzzolino/subscriptions"],
      "organizations_url": ["https://api.github.com/users/michael-iuzzolino/orgs"],
      "repos_url": ["https://api.github.com/users/michael-iuzzolino/repos"],
      "events_url": ["https://api.github.com/users/michael-iuzzolino/events{/privacy}"],
      "received_events_url": ["https://api.github.com/users/michael-iuzzolino/received_events"],
      "type": ["User"],
      "site_admin": [false]
    },
    "labels": [],
    "state": ["closed"],
    "locked": [false],
    "assignee": {},
    "assignees": [],
    "milestone": {},
    "comments": [0],
    "created_at": ["2017-06-27T21:31:30Z"],
    "updated_at": ["2017-06-28T16:03:58Z"],
    "closed_at": ["2017-06-28T16:03:58Z"],
    "author_association": ["OWNER"],
    "body": ["Play button and pause button should be one button."]
  }
]
