[
  {
    "id": [74177436],
    "node_id": ["MDEwOlJlcG9zaXRvcnk3NDE3NzQzNg=="],
    "name": ["COG"],
    "full_name": ["michael-iuzzolino/COG"],
    "private": [false],
    "owner": {
      "login": ["michael-iuzzolino"],
      "id": [21148987],
      "node_id": ["MDQ6VXNlcjIxMTQ4OTg3"],
      "avatar_url": ["https://avatars2.githubusercontent.com/u/21148987?v=4"],
      "gravatar_id": [""],
      "url": ["https://api.github.com/users/michael-iuzzolino"],
      "html_url": ["https://github.com/michael-iuzzolino"],
      "followers_url": ["https://api.github.com/users/michael-iuzzolino/followers"],
      "following_url": ["https://api.github.com/users/michael-iuzzolino/following{/other_user}"],
      "gists_url": ["https://api.github.com/users/michael-iuzzolino/gists{/gist_id}"],
      "starred_url": ["https://api.github.com/users/michael-iuzzolino/starred{/owner}{/repo}"],
      "subscriptions_url": ["https://api.github.com/users/michael-iuzzolino/subscriptions"],
      "organizations_url": ["https://api.github.com/users/michael-iuzzolino/orgs"],
      "repos_url": ["https://api.github.com/users/michael-iuzzolino/repos"],
      "events_url": ["https://api.github.com/users/michael-iuzzolino/events{/privacy}"],
      "received_events_url": ["https://api.github.com/users/michael-iuzzolino/received_events"],
      "type": ["User"],
      "site_admin": [false]
    },
    "html_url": ["https://github.com/michael-iuzzolino/COG"],
    "description": {},
    "fork": [true],
    "url": ["https://api.github.com/repos/michael-iuzzolino/COG"],
    "forks_url": ["https://api.github.com/repos/michael-iuzzolino/COG/forks"],
    "keys_url": ["https://api.github.com/repos/michael-iuzzolino/COG/keys{/key_id}"],
    "collaborators_url": ["https://api.github.com/repos/michael-iuzzolino/COG/collaborators{/collaborator}"],
    "teams_url": ["https://api.github.com/repos/michael-iuzzolino/COG/teams"],
    "hooks_url": ["https://api.github.com/repos/michael-iuzzolino/COG/hooks"],
    "issue_events_url": ["https://api.github.com/repos/michael-iuzzolino/COG/issues/events{/number}"],
    "events_url": ["https://api.github.com/repos/michael-iuzzolino/COG/events"],
    "assignees_url": ["https://api.github.com/repos/michael-iuzzolino/COG/assignees{/user}"],
    "branches_url": ["https://api.github.com/repos/michael-iuzzolino/COG/branches{/branch}"],
    "tags_url": ["https://api.github.com/repos/michael-iuzzolino/COG/tags"],
    "blobs_url": ["https://api.github.com/repos/michael-iuzzolino/COG/git/blobs{/sha}"],
    "git_tags_url": ["https://api.github.com/repos/michael-iuzzolino/COG/git/tags{/sha}"],
    "git_refs_url": ["https://api.github.com/repos/michael-iuzzolino/COG/git/refs{/sha}"],
    "trees_url": ["https://api.github.com/repos/michael-iuzzolino/COG/git/trees{/sha}"],
    "statuses_url": ["https://api.github.com/repos/michael-iuzzolino/COG/statuses/{sha}"],
    "languages_url": ["https://api.github.com/repos/michael-iuzzolino/COG/languages"],
    "stargazers_url": ["https://api.github.com/repos/michael-iuzzolino/COG/stargazers"],
    "contributors_url": ["https://api.github.com/repos/michael-iuzzolino/COG/contributors"],
    "subscribers_url": ["https://api.github.com/repos/michael-iuzzolino/COG/subscribers"],
    "subscription_url": ["https://api.github.com/repos/michael-iuzzolino/COG/subscription"],
    "commits_url": ["https://api.github.com/repos/michael-iuzzolino/COG/commits{/sha}"],
    "git_commits_url": ["https://api.github.com/repos/michael-iuzzolino/COG/git/commits{/sha}"],
    "comments_url": ["https://api.github.com/repos/michael-iuzzolino/COG/comments{/number}"],
    "issue_comment_url": ["https://api.github.com/repos/michael-iuzzolino/COG/issues/comments{/number}"],
    "contents_url": ["https://api.github.com/repos/michael-iuzzolino/COG/contents/{+path}"],
    "compare_url": ["https://api.github.com/repos/michael-iuzzolino/COG/compare/{base}...{head}"],
    "merges_url": ["https://api.github.com/repos/michael-iuzzolino/COG/merges"],
    "archive_url": ["https://api.github.com/repos/michael-iuzzolino/COG/{archive_format}{/ref}"],
    "downloads_url": ["https://api.github.com/repos/michael-iuzzolino/COG/downloads"],
    "issues_url": ["https://api.github.com/repos/michael-iuzzolino/COG/issues{/number}"],
    "pulls_url": ["https://api.github.com/repos/michael-iuzzolino/COG/pulls{/number}"],
    "milestones_url": ["https://api.github.com/repos/michael-iuzzolino/COG/milestones{/number}"],
    "notifications_url": ["https://api.github.com/repos/michael-iuzzolino/COG/notifications{?since,all,participating}"],
    "labels_url": ["https://api.github.com/repos/michael-iuzzolino/COG/labels{/name}"],
    "releases_url": ["https://api.github.com/repos/michael-iuzzolino/COG/releases{/id}"],
    "deployments_url": ["https://api.github.com/repos/michael-iuzzolino/COG/deployments"],
    "created_at": ["2016-11-19T00:38:23Z"],
    "updated_at": ["2016-11-19T00:38:24Z"],
    "pushed_at": ["2016-09-12T05:47:24Z"],
    "git_url": ["git://github.com/michael-iuzzolino/COG.git"],
    "ssh_url": ["git@github.com:michael-iuzzolino/COG.git"],
    "clone_url": ["https://github.com/michael-iuzzolino/COG.git"],
    "svn_url": ["https://github.com/michael-iuzzolino/COG"],
    "homepage": {},
    "size": [587],
    "stargazers_count": [0],
    "watchers_count": [0],
    "language": ["Python"],
    "has_issues": [false],
    "has_projects": [true],
    "has_downloads": [true],
    "has_wiki": [true],
    "has_pages": [false],
    "forks_count": [0],
    "mirror_url": {},
    "archived": [false],
    "disabled": [false],
    "open_issues_count": [0],
    "license": {
      "key": ["agpl-3.0"],
      "name": ["GNU Affero General Public License v3.0"],
      "spdx_id": ["AGPL-3.0"],
      "url": ["https://api.github.com/licenses/agpl-3.0"],
      "node_id": ["MDc6TGljZW5zZTE="]
    },
    "forks": [0],
    "open_issues": [0],
    "watchers": [0],
    "default_branch": ["master"],
    "permissions": {
      "admin": [false],
      "push": [false],
      "pull": [true]
    }
  }
]
