[
  {
    "id": [79673365],
    "node_id": ["MDEwOlJlcG9zaXRvcnk3OTY3MzM2NQ=="],
    "name": ["LightNet"],
    "full_name": ["michael-iuzzolino/LightNet"],
    "private": [false],
    "owner": {
      "login": ["michael-iuzzolino"],
      "id": [21148987],
      "node_id": ["MDQ6VXNlcjIxMTQ4OTg3"],
      "avatar_url": ["https://avatars2.githubusercontent.com/u/21148987?v=4"],
      "gravatar_id": [""],
      "url": ["https://api.github.com/users/michael-iuzzolino"],
      "html_url": ["https://github.com/michael-iuzzolino"],
      "followers_url": ["https://api.github.com/users/michael-iuzzolino/followers"],
      "following_url": ["https://api.github.com/users/michael-iuzzolino/following{/other_user}"],
      "gists_url": ["https://api.github.com/users/michael-iuzzolino/gists{/gist_id}"],
      "starred_url": ["https://api.github.com/users/michael-iuzzolino/starred{/owner}{/repo}"],
      "subscriptions_url": ["https://api.github.com/users/michael-iuzzolino/subscriptions"],
      "organizations_url": ["https://api.github.com/users/michael-iuzzolino/orgs"],
      "repos_url": ["https://api.github.com/users/michael-iuzzolino/repos"],
      "events_url": ["https://api.github.com/users/michael-iuzzolino/events{/privacy}"],
      "received_events_url": ["https://api.github.com/users/michael-iuzzolino/received_events"],
      "type": ["User"],
      "site_admin": [false]
    },
    "html_url": ["https://github.com/michael-iuzzolino/LightNet"],
    "description": ["Transparent deep learning in hundreds of lines of code."],
    "fork": [true],
    "url": ["https://api.github.com/repos/michael-iuzzolino/LightNet"],
    "forks_url": ["https://api.github.com/repos/michael-iuzzolino/LightNet/forks"],
    "keys_url": ["https://api.github.com/repos/michael-iuzzolino/LightNet/keys{/key_id}"],
    "collaborators_url": ["https://api.github.com/repos/michael-iuzzolino/LightNet/collaborators{/collaborator}"],
    "teams_url": ["https://api.github.com/repos/michael-iuzzolino/LightNet/teams"],
    "hooks_url": ["https://api.github.com/repos/michael-iuzzolino/LightNet/hooks"],
    "issue_events_url": ["https://api.github.com/repos/michael-iuzzolino/LightNet/issues/events{/number}"],
    "events_url": ["https://api.github.com/repos/michael-iuzzolino/LightNet/events"],
    "assignees_url": ["https://api.github.com/repos/michael-iuzzolino/LightNet/assignees{/user}"],
    "branches_url": ["https://api.github.com/repos/michael-iuzzolino/LightNet/branches{/branch}"],
    "tags_url": ["https://api.github.com/repos/michael-iuzzolino/LightNet/tags"],
    "blobs_url": ["https://api.github.com/repos/michael-iuzzolino/LightNet/git/blobs{/sha}"],
    "git_tags_url": ["https://api.github.com/repos/michael-iuzzolino/LightNet/git/tags{/sha}"],
    "git_refs_url": ["https://api.github.com/repos/michael-iuzzolino/LightNet/git/refs{/sha}"],
    "trees_url": ["https://api.github.com/repos/michael-iuzzolino/LightNet/git/trees{/sha}"],
    "statuses_url": ["https://api.github.com/repos/michael-iuzzolino/LightNet/statuses/{sha}"],
    "languages_url": ["https://api.github.com/repos/michael-iuzzolino/LightNet/languages"],
    "stargazers_url": ["https://api.github.com/repos/michael-iuzzolino/LightNet/stargazers"],
    "contributors_url": ["https://api.github.com/repos/michael-iuzzolino/LightNet/contributors"],
    "subscribers_url": ["https://api.github.com/repos/michael-iuzzolino/LightNet/subscribers"],
    "subscription_url": ["https://api.github.com/repos/michael-iuzzolino/LightNet/subscription"],
    "commits_url": ["https://api.github.com/repos/michael-iuzzolino/LightNet/commits{/sha}"],
    "git_commits_url": ["https://api.github.com/repos/michael-iuzzolino/LightNet/git/commits{/sha}"],
    "comments_url": ["https://api.github.com/repos/michael-iuzzolino/LightNet/comments{/number}"],
    "issue_comment_url": ["https://api.github.com/repos/michael-iuzzolino/LightNet/issues/comments{/number}"],
    "contents_url": ["https://api.github.com/repos/michael-iuzzolino/LightNet/contents/{+path}"],
    "compare_url": ["https://api.github.com/repos/michael-iuzzolino/LightNet/compare/{base}...{head}"],
    "merges_url": ["https://api.github.com/repos/michael-iuzzolino/LightNet/merges"],
    "archive_url": ["https://api.github.com/repos/michael-iuzzolino/LightNet/{archive_format}{/ref}"],
    "downloads_url": ["https://api.github.com/repos/michael-iuzzolino/LightNet/downloads"],
    "issues_url": ["https://api.github.com/repos/michael-iuzzolino/LightNet/issues{/number}"],
    "pulls_url": ["https://api.github.com/repos/michael-iuzzolino/LightNet/pulls{/number}"],
    "milestones_url": ["https://api.github.com/repos/michael-iuzzolino/LightNet/milestones{/number}"],
    "notifications_url": ["https://api.github.com/repos/michael-iuzzolino/LightNet/notifications{?since,all,participating}"],
    "labels_url": ["https://api.github.com/repos/michael-iuzzolino/LightNet/labels{/name}"],
    "releases_url": ["https://api.github.com/repos/michael-iuzzolino/LightNet/releases{/id}"],
    "deployments_url": ["https://api.github.com/repos/michael-iuzzolino/LightNet/deployments"],
    "created_at": ["2017-01-21T21:15:24Z"],
    "updated_at": ["2017-01-21T21:15:27Z"],
    "pushed_at": ["2017-01-07T08:44:04Z"],
    "git_url": ["git://github.com/michael-iuzzolino/LightNet.git"],
    "ssh_url": ["git@github.com:michael-iuzzolino/LightNet.git"],
    "clone_url": ["https://github.com/michael-iuzzolino/LightNet.git"],
    "svn_url": ["https://github.com/michael-iuzzolino/LightNet"],
    "homepage": [""],
    "size": [7860],
    "stargazers_count": [0],
    "watchers_count": [0],
    "language": ["Matlab"],
    "has_issues": [false],
    "has_projects": [true],
    "has_downloads": [true],
    "has_wiki": [true],
    "has_pages": [false],
    "forks_count": [0],
    "mirror_url": {},
    "archived": [false],
    "disabled": [false],
    "open_issues_count": [0],
    "license": {
      "key": ["other"],
      "name": ["Other"],
      "spdx_id": ["NOASSERTION"],
      "url": {},
      "node_id": ["MDc6TGljZW5zZTA="]
    },
    "forks": [0],
    "open_issues": [0],
    "watchers": [0],
    "default_branch": ["master"],
    "permissions": {
      "admin": [false],
      "push": [false],
      "pull": [true]
    }
  }
]
