[
  {
    "id": [125320753],
    "node_id": ["MDEwOlJlcG9zaXRvcnkxMjUzMjA3NTM="],
    "name": ["BeeCommunication"],
    "full_name": ["michael-iuzzolino/BeeCommunication"],
    "private": [false],
    "owner": {
      "login": ["michael-iuzzolino"],
      "id": [21148987],
      "node_id": ["MDQ6VXNlcjIxMTQ4OTg3"],
      "avatar_url": ["https://avatars2.githubusercontent.com/u/21148987?v=4"],
      "gravatar_id": [""],
      "url": ["https://api.github.com/users/michael-iuzzolino"],
      "html_url": ["https://github.com/michael-iuzzolino"],
      "followers_url": ["https://api.github.com/users/michael-iuzzolino/followers"],
      "following_url": ["https://api.github.com/users/michael-iuzzolino/following{/other_user}"],
      "gists_url": ["https://api.github.com/users/michael-iuzzolino/gists{/gist_id}"],
      "starred_url": ["https://api.github.com/users/michael-iuzzolino/starred{/owner}{/repo}"],
      "subscriptions_url": ["https://api.github.com/users/michael-iuzzolino/subscriptions"],
      "organizations_url": ["https://api.github.com/users/michael-iuzzolino/orgs"],
      "repos_url": ["https://api.github.com/users/michael-iuzzolino/repos"],
      "events_url": ["https://api.github.com/users/michael-iuzzolino/events{/privacy}"],
      "received_events_url": ["https://api.github.com/users/michael-iuzzolino/received_events"],
      "type": ["User"],
      "site_admin": [false]
    },
    "html_url": ["https://github.com/michael-iuzzolino/BeeCommunication"],
    "description": {},
    "fork": [false],
    "url": ["https://api.github.com/repos/michael-iuzzolino/BeeCommunication"],
    "forks_url": ["https://api.github.com/repos/michael-iuzzolino/BeeCommunication/forks"],
    "keys_url": ["https://api.github.com/repos/michael-iuzzolino/BeeCommunication/keys{/key_id}"],
    "collaborators_url": ["https://api.github.com/repos/michael-iuzzolino/BeeCommunication/collaborators{/collaborator}"],
    "teams_url": ["https://api.github.com/repos/michael-iuzzolino/BeeCommunication/teams"],
    "hooks_url": ["https://api.github.com/repos/michael-iuzzolino/BeeCommunication/hooks"],
    "issue_events_url": ["https://api.github.com/repos/michael-iuzzolino/BeeCommunication/issues/events{/number}"],
    "events_url": ["https://api.github.com/repos/michael-iuzzolino/BeeCommunication/events"],
    "assignees_url": ["https://api.github.com/repos/michael-iuzzolino/BeeCommunication/assignees{/user}"],
    "branches_url": ["https://api.github.com/repos/michael-iuzzolino/BeeCommunication/branches{/branch}"],
    "tags_url": ["https://api.github.com/repos/michael-iuzzolino/BeeCommunication/tags"],
    "blobs_url": ["https://api.github.com/repos/michael-iuzzolino/BeeCommunication/git/blobs{/sha}"],
    "git_tags_url": ["https://api.github.com/repos/michael-iuzzolino/BeeCommunication/git/tags{/sha}"],
    "git_refs_url": ["https://api.github.com/repos/michael-iuzzolino/BeeCommunication/git/refs{/sha}"],
    "trees_url": ["https://api.github.com/repos/michael-iuzzolino/BeeCommunication/git/trees{/sha}"],
    "statuses_url": ["https://api.github.com/repos/michael-iuzzolino/BeeCommunication/statuses/{sha}"],
    "languages_url": ["https://api.github.com/repos/michael-iuzzolino/BeeCommunication/languages"],
    "stargazers_url": ["https://api.github.com/repos/michael-iuzzolino/BeeCommunication/stargazers"],
    "contributors_url": ["https://api.github.com/repos/michael-iuzzolino/BeeCommunication/contributors"],
    "subscribers_url": ["https://api.github.com/repos/michael-iuzzolino/BeeCommunication/subscribers"],
    "subscription_url": ["https://api.github.com/repos/michael-iuzzolino/BeeCommunication/subscription"],
    "commits_url": ["https://api.github.com/repos/michael-iuzzolino/BeeCommunication/commits{/sha}"],
    "git_commits_url": ["https://api.github.com/repos/michael-iuzzolino/BeeCommunication/git/commits{/sha}"],
    "comments_url": ["https://api.github.com/repos/michael-iuzzolino/BeeCommunication/comments{/number}"],
    "issue_comment_url": ["https://api.github.com/repos/michael-iuzzolino/BeeCommunication/issues/comments{/number}"],
    "contents_url": ["https://api.github.com/repos/michael-iuzzolino/BeeCommunication/contents/{+path}"],
    "compare_url": ["https://api.github.com/repos/michael-iuzzolino/BeeCommunication/compare/{base}...{head}"],
    "merges_url": ["https://api.github.com/repos/michael-iuzzolino/BeeCommunication/merges"],
    "archive_url": ["https://api.github.com/repos/michael-iuzzolino/BeeCommunication/{archive_format}{/ref}"],
    "downloads_url": ["https://api.github.com/repos/michael-iuzzolino/BeeCommunication/downloads"],
    "issues_url": ["https://api.github.com/repos/michael-iuzzolino/BeeCommunication/issues{/number}"],
    "pulls_url": ["https://api.github.com/repos/michael-iuzzolino/BeeCommunication/pulls{/number}"],
    "milestones_url": ["https://api.github.com/repos/michael-iuzzolino/BeeCommunication/milestones{/number}"],
    "notifications_url": ["https://api.github.com/repos/michael-iuzzolino/BeeCommunication/notifications{?since,all,participating}"],
    "labels_url": ["https://api.github.com/repos/michael-iuzzolino/BeeCommunication/labels{/name}"],
    "releases_url": ["https://api.github.com/repos/michael-iuzzolino/BeeCommunication/releases{/id}"],
    "deployments_url": ["https://api.github.com/repos/michael-iuzzolino/BeeCommunication/deployments"],
    "created_at": ["2018-03-15T06:11:10Z"],
    "updated_at": ["2018-05-07T00:07:23Z"],
    "pushed_at": ["2018-05-24T21:17:37Z"],
    "git_url": ["git://github.com/michael-iuzzolino/BeeCommunication.git"],
    "ssh_url": ["git@github.com:michael-iuzzolino/BeeCommunication.git"],
    "clone_url": ["https://github.com/michael-iuzzolino/BeeCommunication.git"],
    "svn_url": ["https://github.com/michael-iuzzolino/BeeCommunication"],
    "homepage": {},
    "size": [498843],
    "stargazers_count": [0],
    "watchers_count": [0],
    "language": ["Jupyter Notebook"],
    "has_issues": [true],
    "has_projects": [true],
    "has_downloads": [true],
    "has_wiki": [true],
    "has_pages": [false],
    "forks_count": [1],
    "mirror_url": {},
    "archived": [false],
    "disabled": [false],
    "open_issues_count": [1],
    "license": {},
    "forks": [1],
    "open_issues": [1],
    "watchers": [0],
    "default_branch": ["master"],
    "permissions": {
      "admin": [false],
      "push": [false],
      "pull": [true]
    }
  }
]
