[
  {
    "id": [78462934],
    "node_id": ["MDEwOlJlcG9zaXRvcnk3ODQ2MjkzNA=="],
    "name": ["MIU_Formal_System_App"],
    "full_name": ["michael-iuzzolino/MIU_Formal_System_App"],
    "private": [false],
    "owner": {
      "login": ["michael-iuzzolino"],
      "id": [21148987],
      "node_id": ["MDQ6VXNlcjIxMTQ4OTg3"],
      "avatar_url": ["https://avatars2.githubusercontent.com/u/21148987?v=4"],
      "gravatar_id": [""],
      "url": ["https://api.github.com/users/michael-iuzzolino"],
      "html_url": ["https://github.com/michael-iuzzolino"],
      "followers_url": ["https://api.github.com/users/michael-iuzzolino/followers"],
      "following_url": ["https://api.github.com/users/michael-iuzzolino/following{/other_user}"],
      "gists_url": ["https://api.github.com/users/michael-iuzzolino/gists{/gist_id}"],
      "starred_url": ["https://api.github.com/users/michael-iuzzolino/starred{/owner}{/repo}"],
      "subscriptions_url": ["https://api.github.com/users/michael-iuzzolino/subscriptions"],
      "organizations_url": ["https://api.github.com/users/michael-iuzzolino/orgs"],
      "repos_url": ["https://api.github.com/users/michael-iuzzolino/repos"],
      "events_url": ["https://api.github.com/users/michael-iuzzolino/events{/privacy}"],
      "received_events_url": ["https://api.github.com/users/michael-iuzzolino/received_events"],
      "type": ["User"],
      "site_admin": [false]
    },
    "html_url": ["https://github.com/michael-iuzzolino/MIU_Formal_System_App"],
    "description": {},
    "fork": [false],
    "url": ["https://api.github.com/repos/michael-iuzzolino/MIU_Formal_System_App"],
    "forks_url": ["https://api.github.com/repos/michael-iuzzolino/MIU_Formal_System_App/forks"],
    "keys_url": ["https://api.github.com/repos/michael-iuzzolino/MIU_Formal_System_App/keys{/key_id}"],
    "collaborators_url": ["https://api.github.com/repos/michael-iuzzolino/MIU_Formal_System_App/collaborators{/collaborator}"],
    "teams_url": ["https://api.github.com/repos/michael-iuzzolino/MIU_Formal_System_App/teams"],
    "hooks_url": ["https://api.github.com/repos/michael-iuzzolino/MIU_Formal_System_App/hooks"],
    "issue_events_url": ["https://api.github.com/repos/michael-iuzzolino/MIU_Formal_System_App/issues/events{/number}"],
    "events_url": ["https://api.github.com/repos/michael-iuzzolino/MIU_Formal_System_App/events"],
    "assignees_url": ["https://api.github.com/repos/michael-iuzzolino/MIU_Formal_System_App/assignees{/user}"],
    "branches_url": ["https://api.github.com/repos/michael-iuzzolino/MIU_Formal_System_App/branches{/branch}"],
    "tags_url": ["https://api.github.com/repos/michael-iuzzolino/MIU_Formal_System_App/tags"],
    "blobs_url": ["https://api.github.com/repos/michael-iuzzolino/MIU_Formal_System_App/git/blobs{/sha}"],
    "git_tags_url": ["https://api.github.com/repos/michael-iuzzolino/MIU_Formal_System_App/git/tags{/sha}"],
    "git_refs_url": ["https://api.github.com/repos/michael-iuzzolino/MIU_Formal_System_App/git/refs{/sha}"],
    "trees_url": ["https://api.github.com/repos/michael-iuzzolino/MIU_Formal_System_App/git/trees{/sha}"],
    "statuses_url": ["https://api.github.com/repos/michael-iuzzolino/MIU_Formal_System_App/statuses/{sha}"],
    "languages_url": ["https://api.github.com/repos/michael-iuzzolino/MIU_Formal_System_App/languages"],
    "stargazers_url": ["https://api.github.com/repos/michael-iuzzolino/MIU_Formal_System_App/stargazers"],
    "contributors_url": ["https://api.github.com/repos/michael-iuzzolino/MIU_Formal_System_App/contributors"],
    "subscribers_url": ["https://api.github.com/repos/michael-iuzzolino/MIU_Formal_System_App/subscribers"],
    "subscription_url": ["https://api.github.com/repos/michael-iuzzolino/MIU_Formal_System_App/subscription"],
    "commits_url": ["https://api.github.com/repos/michael-iuzzolino/MIU_Formal_System_App/commits{/sha}"],
    "git_commits_url": ["https://api.github.com/repos/michael-iuzzolino/MIU_Formal_System_App/git/commits{/sha}"],
    "comments_url": ["https://api.github.com/repos/michael-iuzzolino/MIU_Formal_System_App/comments{/number}"],
    "issue_comment_url": ["https://api.github.com/repos/michael-iuzzolino/MIU_Formal_System_App/issues/comments{/number}"],
    "contents_url": ["https://api.github.com/repos/michael-iuzzolino/MIU_Formal_System_App/contents/{+path}"],
    "compare_url": ["https://api.github.com/repos/michael-iuzzolino/MIU_Formal_System_App/compare/{base}...{head}"],
    "merges_url": ["https://api.github.com/repos/michael-iuzzolino/MIU_Formal_System_App/merges"],
    "archive_url": ["https://api.github.com/repos/michael-iuzzolino/MIU_Formal_System_App/{archive_format}{/ref}"],
    "downloads_url": ["https://api.github.com/repos/michael-iuzzolino/MIU_Formal_System_App/downloads"],
    "issues_url": ["https://api.github.com/repos/michael-iuzzolino/MIU_Formal_System_App/issues{/number}"],
    "pulls_url": ["https://api.github.com/repos/michael-iuzzolino/MIU_Formal_System_App/pulls{/number}"],
    "milestones_url": ["https://api.github.com/repos/michael-iuzzolino/MIU_Formal_System_App/milestones{/number}"],
    "notifications_url": ["https://api.github.com/repos/michael-iuzzolino/MIU_Formal_System_App/notifications{?since,all,participating}"],
    "labels_url": ["https://api.github.com/repos/michael-iuzzolino/MIU_Formal_System_App/labels{/name}"],
    "releases_url": ["https://api.github.com/repos/michael-iuzzolino/MIU_Formal_System_App/releases{/id}"],
    "deployments_url": ["https://api.github.com/repos/michael-iuzzolino/MIU_Formal_System_App/deployments"],
    "created_at": ["2017-01-09T19:50:01Z"],
    "updated_at": ["2017-01-09T19:50:44Z"],
    "pushed_at": ["2017-01-11T08:47:09Z"],
    "git_url": ["git://github.com/michael-iuzzolino/MIU_Formal_System_App.git"],
    "ssh_url": ["git@github.com:michael-iuzzolino/MIU_Formal_System_App.git"],
    "clone_url": ["https://github.com/michael-iuzzolino/MIU_Formal_System_App.git"],
    "svn_url": ["https://github.com/michael-iuzzolino/MIU_Formal_System_App"],
    "homepage": {},
    "size": [104],
    "stargazers_count": [0],
    "watchers_count": [0],
    "language": ["JavaScript"],
    "has_issues": [true],
    "has_projects": [true],
    "has_downloads": [true],
    "has_wiki": [true],
    "has_pages": [false],
    "forks_count": [0],
    "mirror_url": {},
    "archived": [false],
    "disabled": [false],
    "open_issues_count": [0],
    "license": {},
    "forks": [0],
    "open_issues": [0],
    "watchers": [0],
    "default_branch": ["master"],
    "permissions": {
      "admin": [false],
      "push": [false],
      "pull": [true]
    }
  }
]
