[
  {
    "id": [111494345],
    "node_id": ["MDEwOlJlcG9zaXRvcnkxMTE0OTQzNDU="],
    "name": ["LSTM-Neural-Network-for-Time-Series-Prediction"],
    "full_name": ["michael-iuzzolino/LSTM-Neural-Network-for-Time-Series-Prediction"],
    "private": [false],
    "owner": {
      "login": ["michael-iuzzolino"],
      "id": [21148987],
      "node_id": ["MDQ6VXNlcjIxMTQ4OTg3"],
      "avatar_url": ["https://avatars2.githubusercontent.com/u/21148987?v=4"],
      "gravatar_id": [""],
      "url": ["https://api.github.com/users/michael-iuzzolino"],
      "html_url": ["https://github.com/michael-iuzzolino"],
      "followers_url": ["https://api.github.com/users/michael-iuzzolino/followers"],
      "following_url": ["https://api.github.com/users/michael-iuzzolino/following{/other_user}"],
      "gists_url": ["https://api.github.com/users/michael-iuzzolino/gists{/gist_id}"],
      "starred_url": ["https://api.github.com/users/michael-iuzzolino/starred{/owner}{/repo}"],
      "subscriptions_url": ["https://api.github.com/users/michael-iuzzolino/subscriptions"],
      "organizations_url": ["https://api.github.com/users/michael-iuzzolino/orgs"],
      "repos_url": ["https://api.github.com/users/michael-iuzzolino/repos"],
      "events_url": ["https://api.github.com/users/michael-iuzzolino/events{/privacy}"],
      "received_events_url": ["https://api.github.com/users/michael-iuzzolino/received_events"],
      "type": ["User"],
      "site_admin": [false]
    },
    "html_url": ["https://github.com/michael-iuzzolino/LSTM-Neural-Network-for-Time-Series-Prediction"],
    "description": ["LSTM built using Keras Python package to predict time series steps and sequences. Includes sin wave and stock market data"],
    "fork": [true],
    "url": ["https://api.github.com/repos/michael-iuzzolino/LSTM-Neural-Network-for-Time-Series-Prediction"],
    "forks_url": ["https://api.github.com/repos/michael-iuzzolino/LSTM-Neural-Network-for-Time-Series-Prediction/forks"],
    "keys_url": ["https://api.github.com/repos/michael-iuzzolino/LSTM-Neural-Network-for-Time-Series-Prediction/keys{/key_id}"],
    "collaborators_url": ["https://api.github.com/repos/michael-iuzzolino/LSTM-Neural-Network-for-Time-Series-Prediction/collaborators{/collaborator}"],
    "teams_url": ["https://api.github.com/repos/michael-iuzzolino/LSTM-Neural-Network-for-Time-Series-Prediction/teams"],
    "hooks_url": ["https://api.github.com/repos/michael-iuzzolino/LSTM-Neural-Network-for-Time-Series-Prediction/hooks"],
    "issue_events_url": ["https://api.github.com/repos/michael-iuzzolino/LSTM-Neural-Network-for-Time-Series-Prediction/issues/events{/number}"],
    "events_url": ["https://api.github.com/repos/michael-iuzzolino/LSTM-Neural-Network-for-Time-Series-Prediction/events"],
    "assignees_url": ["https://api.github.com/repos/michael-iuzzolino/LSTM-Neural-Network-for-Time-Series-Prediction/assignees{/user}"],
    "branches_url": ["https://api.github.com/repos/michael-iuzzolino/LSTM-Neural-Network-for-Time-Series-Prediction/branches{/branch}"],
    "tags_url": ["https://api.github.com/repos/michael-iuzzolino/LSTM-Neural-Network-for-Time-Series-Prediction/tags"],
    "blobs_url": ["https://api.github.com/repos/michael-iuzzolino/LSTM-Neural-Network-for-Time-Series-Prediction/git/blobs{/sha}"],
    "git_tags_url": ["https://api.github.com/repos/michael-iuzzolino/LSTM-Neural-Network-for-Time-Series-Prediction/git/tags{/sha}"],
    "git_refs_url": ["https://api.github.com/repos/michael-iuzzolino/LSTM-Neural-Network-for-Time-Series-Prediction/git/refs{/sha}"],
    "trees_url": ["https://api.github.com/repos/michael-iuzzolino/LSTM-Neural-Network-for-Time-Series-Prediction/git/trees{/sha}"],
    "statuses_url": ["https://api.github.com/repos/michael-iuzzolino/LSTM-Neural-Network-for-Time-Series-Prediction/statuses/{sha}"],
    "languages_url": ["https://api.github.com/repos/michael-iuzzolino/LSTM-Neural-Network-for-Time-Series-Prediction/languages"],
    "stargazers_url": ["https://api.github.com/repos/michael-iuzzolino/LSTM-Neural-Network-for-Time-Series-Prediction/stargazers"],
    "contributors_url": ["https://api.github.com/repos/michael-iuzzolino/LSTM-Neural-Network-for-Time-Series-Prediction/contributors"],
    "subscribers_url": ["https://api.github.com/repos/michael-iuzzolino/LSTM-Neural-Network-for-Time-Series-Prediction/subscribers"],
    "subscription_url": ["https://api.github.com/repos/michael-iuzzolino/LSTM-Neural-Network-for-Time-Series-Prediction/subscription"],
    "commits_url": ["https://api.github.com/repos/michael-iuzzolino/LSTM-Neural-Network-for-Time-Series-Prediction/commits{/sha}"],
    "git_commits_url": ["https://api.github.com/repos/michael-iuzzolino/LSTM-Neural-Network-for-Time-Series-Prediction/git/commits{/sha}"],
    "comments_url": ["https://api.github.com/repos/michael-iuzzolino/LSTM-Neural-Network-for-Time-Series-Prediction/comments{/number}"],
    "issue_comment_url": ["https://api.github.com/repos/michael-iuzzolino/LSTM-Neural-Network-for-Time-Series-Prediction/issues/comments{/number}"],
    "contents_url": ["https://api.github.com/repos/michael-iuzzolino/LSTM-Neural-Network-for-Time-Series-Prediction/contents/{+path}"],
    "compare_url": ["https://api.github.com/repos/michael-iuzzolino/LSTM-Neural-Network-for-Time-Series-Prediction/compare/{base}...{head}"],
    "merges_url": ["https://api.github.com/repos/michael-iuzzolino/LSTM-Neural-Network-for-Time-Series-Prediction/merges"],
    "archive_url": ["https://api.github.com/repos/michael-iuzzolino/LSTM-Neural-Network-for-Time-Series-Prediction/{archive_format}{/ref}"],
    "downloads_url": ["https://api.github.com/repos/michael-iuzzolino/LSTM-Neural-Network-for-Time-Series-Prediction/downloads"],
    "issues_url": ["https://api.github.com/repos/michael-iuzzolino/LSTM-Neural-Network-for-Time-Series-Prediction/issues{/number}"],
    "pulls_url": ["https://api.github.com/repos/michael-iuzzolino/LSTM-Neural-Network-for-Time-Series-Prediction/pulls{/number}"],
    "milestones_url": ["https://api.github.com/repos/michael-iuzzolino/LSTM-Neural-Network-for-Time-Series-Prediction/milestones{/number}"],
    "notifications_url": ["https://api.github.com/repos/michael-iuzzolino/LSTM-Neural-Network-for-Time-Series-Prediction/notifications{?since,all,participating}"],
    "labels_url": ["https://api.github.com/repos/michael-iuzzolino/LSTM-Neural-Network-for-Time-Series-Prediction/labels{/name}"],
    "releases_url": ["https://api.github.com/repos/michael-iuzzolino/LSTM-Neural-Network-for-Time-Series-Prediction/releases{/id}"],
    "deployments_url": ["https://api.github.com/repos/michael-iuzzolino/LSTM-Neural-Network-for-Time-Series-Prediction/deployments"],
    "created_at": ["2017-11-21T03:30:48Z"],
    "updated_at": ["2017-11-21T03:30:49Z"],
    "pushed_at": ["2017-06-05T08:39:23Z"],
    "git_url": ["git://github.com/michael-iuzzolino/LSTM-Neural-Network-for-Time-Series-Prediction.git"],
    "ssh_url": ["git@github.com:michael-iuzzolino/LSTM-Neural-Network-for-Time-Series-Prediction.git"],
    "clone_url": ["https://github.com/michael-iuzzolino/LSTM-Neural-Network-for-Time-Series-Prediction.git"],
    "svn_url": ["https://github.com/michael-iuzzolino/LSTM-Neural-Network-for-Time-Series-Prediction"],
    "homepage": {},
    "size": [294],
    "stargazers_count": [0],
    "watchers_count": [0],
    "language": ["Python"],
    "has_issues": [false],
    "has_projects": [true],
    "has_downloads": [true],
    "has_wiki": [true],
    "has_pages": [false],
    "forks_count": [0],
    "mirror_url": {},
    "archived": [false],
    "disabled": [false],
    "open_issues_count": [0],
    "license": {},
    "forks": [0],
    "open_issues": [0],
    "watchers": [0],
    "default_branch": ["master"],
    "permissions": {
      "admin": [false],
      "push": [false],
      "pull": [true]
    }
  }
]
