[
  {
    "id": [120997997],
    "node_id": ["MDEwOlJlcG9zaXRvcnkxMjA5OTc5OTc="],
    "name": ["BayesianDeepLearning"],
    "full_name": ["michael-iuzzolino/BayesianDeepLearning"],
    "private": [false],
    "owner": {
      "login": ["michael-iuzzolino"],
      "id": [21148987],
      "node_id": ["MDQ6VXNlcjIxMTQ4OTg3"],
      "avatar_url": ["https://avatars2.githubusercontent.com/u/21148987?v=4"],
      "gravatar_id": [""],
      "url": ["https://api.github.com/users/michael-iuzzolino"],
      "html_url": ["https://github.com/michael-iuzzolino"],
      "followers_url": ["https://api.github.com/users/michael-iuzzolino/followers"],
      "following_url": ["https://api.github.com/users/michael-iuzzolino/following{/other_user}"],
      "gists_url": ["https://api.github.com/users/michael-iuzzolino/gists{/gist_id}"],
      "starred_url": ["https://api.github.com/users/michael-iuzzolino/starred{/owner}{/repo}"],
      "subscriptions_url": ["https://api.github.com/users/michael-iuzzolino/subscriptions"],
      "organizations_url": ["https://api.github.com/users/michael-iuzzolino/orgs"],
      "repos_url": ["https://api.github.com/users/michael-iuzzolino/repos"],
      "events_url": ["https://api.github.com/users/michael-iuzzolino/events{/privacy}"],
      "received_events_url": ["https://api.github.com/users/michael-iuzzolino/received_events"],
      "type": ["User"],
      "site_admin": [false]
    },
    "html_url": ["https://github.com/michael-iuzzolino/BayesianDeepLearning"],
    "description": {},
    "fork": [false],
    "url": ["https://api.github.com/repos/michael-iuzzolino/BayesianDeepLearning"],
    "forks_url": ["https://api.github.com/repos/michael-iuzzolino/BayesianDeepLearning/forks"],
    "keys_url": ["https://api.github.com/repos/michael-iuzzolino/BayesianDeepLearning/keys{/key_id}"],
    "collaborators_url": ["https://api.github.com/repos/michael-iuzzolino/BayesianDeepLearning/collaborators{/collaborator}"],
    "teams_url": ["https://api.github.com/repos/michael-iuzzolino/BayesianDeepLearning/teams"],
    "hooks_url": ["https://api.github.com/repos/michael-iuzzolino/BayesianDeepLearning/hooks"],
    "issue_events_url": ["https://api.github.com/repos/michael-iuzzolino/BayesianDeepLearning/issues/events{/number}"],
    "events_url": ["https://api.github.com/repos/michael-iuzzolino/BayesianDeepLearning/events"],
    "assignees_url": ["https://api.github.com/repos/michael-iuzzolino/BayesianDeepLearning/assignees{/user}"],
    "branches_url": ["https://api.github.com/repos/michael-iuzzolino/BayesianDeepLearning/branches{/branch}"],
    "tags_url": ["https://api.github.com/repos/michael-iuzzolino/BayesianDeepLearning/tags"],
    "blobs_url": ["https://api.github.com/repos/michael-iuzzolino/BayesianDeepLearning/git/blobs{/sha}"],
    "git_tags_url": ["https://api.github.com/repos/michael-iuzzolino/BayesianDeepLearning/git/tags{/sha}"],
    "git_refs_url": ["https://api.github.com/repos/michael-iuzzolino/BayesianDeepLearning/git/refs{/sha}"],
    "trees_url": ["https://api.github.com/repos/michael-iuzzolino/BayesianDeepLearning/git/trees{/sha}"],
    "statuses_url": ["https://api.github.com/repos/michael-iuzzolino/BayesianDeepLearning/statuses/{sha}"],
    "languages_url": ["https://api.github.com/repos/michael-iuzzolino/BayesianDeepLearning/languages"],
    "stargazers_url": ["https://api.github.com/repos/michael-iuzzolino/BayesianDeepLearning/stargazers"],
    "contributors_url": ["https://api.github.com/repos/michael-iuzzolino/BayesianDeepLearning/contributors"],
    "subscribers_url": ["https://api.github.com/repos/michael-iuzzolino/BayesianDeepLearning/subscribers"],
    "subscription_url": ["https://api.github.com/repos/michael-iuzzolino/BayesianDeepLearning/subscription"],
    "commits_url": ["https://api.github.com/repos/michael-iuzzolino/BayesianDeepLearning/commits{/sha}"],
    "git_commits_url": ["https://api.github.com/repos/michael-iuzzolino/BayesianDeepLearning/git/commits{/sha}"],
    "comments_url": ["https://api.github.com/repos/michael-iuzzolino/BayesianDeepLearning/comments{/number}"],
    "issue_comment_url": ["https://api.github.com/repos/michael-iuzzolino/BayesianDeepLearning/issues/comments{/number}"],
    "contents_url": ["https://api.github.com/repos/michael-iuzzolino/BayesianDeepLearning/contents/{+path}"],
    "compare_url": ["https://api.github.com/repos/michael-iuzzolino/BayesianDeepLearning/compare/{base}...{head}"],
    "merges_url": ["https://api.github.com/repos/michael-iuzzolino/BayesianDeepLearning/merges"],
    "archive_url": ["https://api.github.com/repos/michael-iuzzolino/BayesianDeepLearning/{archive_format}{/ref}"],
    "downloads_url": ["https://api.github.com/repos/michael-iuzzolino/BayesianDeepLearning/downloads"],
    "issues_url": ["https://api.github.com/repos/michael-iuzzolino/BayesianDeepLearning/issues{/number}"],
    "pulls_url": ["https://api.github.com/repos/michael-iuzzolino/BayesianDeepLearning/pulls{/number}"],
    "milestones_url": ["https://api.github.com/repos/michael-iuzzolino/BayesianDeepLearning/milestones{/number}"],
    "notifications_url": ["https://api.github.com/repos/michael-iuzzolino/BayesianDeepLearning/notifications{?since,all,participating}"],
    "labels_url": ["https://api.github.com/repos/michael-iuzzolino/BayesianDeepLearning/labels{/name}"],
    "releases_url": ["https://api.github.com/repos/michael-iuzzolino/BayesianDeepLearning/releases{/id}"],
    "deployments_url": ["https://api.github.com/repos/michael-iuzzolino/BayesianDeepLearning/deployments"],
    "created_at": ["2018-02-10T08:23:24Z"],
    "updated_at": ["2018-02-19T00:10:12Z"],
    "pushed_at": ["2018-02-19T00:10:05Z"],
    "git_url": ["git://github.com/michael-iuzzolino/BayesianDeepLearning.git"],
    "ssh_url": ["git@github.com:michael-iuzzolino/BayesianDeepLearning.git"],
    "clone_url": ["https://github.com/michael-iuzzolino/BayesianDeepLearning.git"],
    "svn_url": ["https://github.com/michael-iuzzolino/BayesianDeepLearning"],
    "homepage": {},
    "size": [108225],
    "stargazers_count": [0],
    "watchers_count": [0],
    "language": ["Jupyter Notebook"],
    "has_issues": [true],
    "has_projects": [true],
    "has_downloads": [true],
    "has_wiki": [true],
    "has_pages": [false],
    "forks_count": [0],
    "mirror_url": {},
    "archived": [false],
    "disabled": [false],
    "open_issues_count": [0],
    "license": {},
    "forks": [0],
    "open_issues": [0],
    "watchers": [0],
    "default_branch": ["master"],
    "permissions": {
      "admin": [false],
      "push": [false],
      "pull": [true]
    }
  }
]
