[
  {
    "id": [94046069],
    "node_id": ["MDEwOlJlcG9zaXRvcnk5NDA0NjA2OQ=="],
    "name": ["ExpenShare"],
    "full_name": ["michael-iuzzolino/ExpenShare"],
    "private": [false],
    "owner": {
      "login": ["michael-iuzzolino"],
      "id": [21148987],
      "node_id": ["MDQ6VXNlcjIxMTQ4OTg3"],
      "avatar_url": ["https://avatars2.githubusercontent.com/u/21148987?v=4"],
      "gravatar_id": [""],
      "url": ["https://api.github.com/users/michael-iuzzolino"],
      "html_url": ["https://github.com/michael-iuzzolino"],
      "followers_url": ["https://api.github.com/users/michael-iuzzolino/followers"],
      "following_url": ["https://api.github.com/users/michael-iuzzolino/following{/other_user}"],
      "gists_url": ["https://api.github.com/users/michael-iuzzolino/gists{/gist_id}"],
      "starred_url": ["https://api.github.com/users/michael-iuzzolino/starred{/owner}{/repo}"],
      "subscriptions_url": ["https://api.github.com/users/michael-iuzzolino/subscriptions"],
      "organizations_url": ["https://api.github.com/users/michael-iuzzolino/orgs"],
      "repos_url": ["https://api.github.com/users/michael-iuzzolino/repos"],
      "events_url": ["https://api.github.com/users/michael-iuzzolino/events{/privacy}"],
      "received_events_url": ["https://api.github.com/users/michael-iuzzolino/received_events"],
      "type": ["User"],
      "site_admin": [false]
    },
    "html_url": ["https://github.com/michael-iuzzolino/ExpenShare"],
    "description": ["Sharing Expenses Easily and Simply"],
    "fork": [true],
    "url": ["https://api.github.com/repos/michael-iuzzolino/ExpenShare"],
    "forks_url": ["https://api.github.com/repos/michael-iuzzolino/ExpenShare/forks"],
    "keys_url": ["https://api.github.com/repos/michael-iuzzolino/ExpenShare/keys{/key_id}"],
    "collaborators_url": ["https://api.github.com/repos/michael-iuzzolino/ExpenShare/collaborators{/collaborator}"],
    "teams_url": ["https://api.github.com/repos/michael-iuzzolino/ExpenShare/teams"],
    "hooks_url": ["https://api.github.com/repos/michael-iuzzolino/ExpenShare/hooks"],
    "issue_events_url": ["https://api.github.com/repos/michael-iuzzolino/ExpenShare/issues/events{/number}"],
    "events_url": ["https://api.github.com/repos/michael-iuzzolino/ExpenShare/events"],
    "assignees_url": ["https://api.github.com/repos/michael-iuzzolino/ExpenShare/assignees{/user}"],
    "branches_url": ["https://api.github.com/repos/michael-iuzzolino/ExpenShare/branches{/branch}"],
    "tags_url": ["https://api.github.com/repos/michael-iuzzolino/ExpenShare/tags"],
    "blobs_url": ["https://api.github.com/repos/michael-iuzzolino/ExpenShare/git/blobs{/sha}"],
    "git_tags_url": ["https://api.github.com/repos/michael-iuzzolino/ExpenShare/git/tags{/sha}"],
    "git_refs_url": ["https://api.github.com/repos/michael-iuzzolino/ExpenShare/git/refs{/sha}"],
    "trees_url": ["https://api.github.com/repos/michael-iuzzolino/ExpenShare/git/trees{/sha}"],
    "statuses_url": ["https://api.github.com/repos/michael-iuzzolino/ExpenShare/statuses/{sha}"],
    "languages_url": ["https://api.github.com/repos/michael-iuzzolino/ExpenShare/languages"],
    "stargazers_url": ["https://api.github.com/repos/michael-iuzzolino/ExpenShare/stargazers"],
    "contributors_url": ["https://api.github.com/repos/michael-iuzzolino/ExpenShare/contributors"],
    "subscribers_url": ["https://api.github.com/repos/michael-iuzzolino/ExpenShare/subscribers"],
    "subscription_url": ["https://api.github.com/repos/michael-iuzzolino/ExpenShare/subscription"],
    "commits_url": ["https://api.github.com/repos/michael-iuzzolino/ExpenShare/commits{/sha}"],
    "git_commits_url": ["https://api.github.com/repos/michael-iuzzolino/ExpenShare/git/commits{/sha}"],
    "comments_url": ["https://api.github.com/repos/michael-iuzzolino/ExpenShare/comments{/number}"],
    "issue_comment_url": ["https://api.github.com/repos/michael-iuzzolino/ExpenShare/issues/comments{/number}"],
    "contents_url": ["https://api.github.com/repos/michael-iuzzolino/ExpenShare/contents/{+path}"],
    "compare_url": ["https://api.github.com/repos/michael-iuzzolino/ExpenShare/compare/{base}...{head}"],
    "merges_url": ["https://api.github.com/repos/michael-iuzzolino/ExpenShare/merges"],
    "archive_url": ["https://api.github.com/repos/michael-iuzzolino/ExpenShare/{archive_format}{/ref}"],
    "downloads_url": ["https://api.github.com/repos/michael-iuzzolino/ExpenShare/downloads"],
    "issues_url": ["https://api.github.com/repos/michael-iuzzolino/ExpenShare/issues{/number}"],
    "pulls_url": ["https://api.github.com/repos/michael-iuzzolino/ExpenShare/pulls{/number}"],
    "milestones_url": ["https://api.github.com/repos/michael-iuzzolino/ExpenShare/milestones{/number}"],
    "notifications_url": ["https://api.github.com/repos/michael-iuzzolino/ExpenShare/notifications{?since,all,participating}"],
    "labels_url": ["https://api.github.com/repos/michael-iuzzolino/ExpenShare/labels{/name}"],
    "releases_url": ["https://api.github.com/repos/michael-iuzzolino/ExpenShare/releases{/id}"],
    "deployments_url": ["https://api.github.com/repos/michael-iuzzolino/ExpenShare/deployments"],
    "created_at": ["2017-06-12T02:09:48Z"],
    "updated_at": ["2017-06-12T02:09:49Z"],
    "pushed_at": ["2014-12-09T04:08:04Z"],
    "git_url": ["git://github.com/michael-iuzzolino/ExpenShare.git"],
    "ssh_url": ["git@github.com:michael-iuzzolino/ExpenShare.git"],
    "clone_url": ["https://github.com/michael-iuzzolino/ExpenShare.git"],
    "svn_url": ["https://github.com/michael-iuzzolino/ExpenShare"],
    "homepage": [""],
    "size": [2122],
    "stargazers_count": [0],
    "watchers_count": [0],
    "language": ["Python"],
    "has_issues": [false],
    "has_projects": [true],
    "has_downloads": [true],
    "has_wiki": [true],
    "has_pages": [false],
    "forks_count": [0],
    "mirror_url": {},
    "archived": [false],
    "disabled": [false],
    "open_issues_count": [0],
    "license": {},
    "forks": [0],
    "open_issues": [0],
    "watchers": [0],
    "default_branch": ["master"],
    "permissions": {
      "admin": [false],
      "push": [false],
      "pull": [true]
    }
  }
]
