[
  {
    "id": [107195061],
    "node_id": ["MDEwOlJlcG9zaXRvcnkxMDcxOTUwNjE="],
    "name": ["CIFAR_reader"],
    "full_name": ["michael-iuzzolino/CIFAR_reader"],
    "private": [false],
    "owner": {
      "login": ["michael-iuzzolino"],
      "id": [21148987],
      "node_id": ["MDQ6VXNlcjIxMTQ4OTg3"],
      "avatar_url": ["https://avatars2.githubusercontent.com/u/21148987?v=4"],
      "gravatar_id": [""],
      "url": ["https://api.github.com/users/michael-iuzzolino"],
      "html_url": ["https://github.com/michael-iuzzolino"],
      "followers_url": ["https://api.github.com/users/michael-iuzzolino/followers"],
      "following_url": ["https://api.github.com/users/michael-iuzzolino/following{/other_user}"],
      "gists_url": ["https://api.github.com/users/michael-iuzzolino/gists{/gist_id}"],
      "starred_url": ["https://api.github.com/users/michael-iuzzolino/starred{/owner}{/repo}"],
      "subscriptions_url": ["https://api.github.com/users/michael-iuzzolino/subscriptions"],
      "organizations_url": ["https://api.github.com/users/michael-iuzzolino/orgs"],
      "repos_url": ["https://api.github.com/users/michael-iuzzolino/repos"],
      "events_url": ["https://api.github.com/users/michael-iuzzolino/events{/privacy}"],
      "received_events_url": ["https://api.github.com/users/michael-iuzzolino/received_events"],
      "type": ["User"],
      "site_admin": [false]
    },
    "html_url": ["https://github.com/michael-iuzzolino/CIFAR_reader"],
    "description": {},
    "fork": [false],
    "url": ["https://api.github.com/repos/michael-iuzzolino/CIFAR_reader"],
    "forks_url": ["https://api.github.com/repos/michael-iuzzolino/CIFAR_reader/forks"],
    "keys_url": ["https://api.github.com/repos/michael-iuzzolino/CIFAR_reader/keys{/key_id}"],
    "collaborators_url": ["https://api.github.com/repos/michael-iuzzolino/CIFAR_reader/collaborators{/collaborator}"],
    "teams_url": ["https://api.github.com/repos/michael-iuzzolino/CIFAR_reader/teams"],
    "hooks_url": ["https://api.github.com/repos/michael-iuzzolino/CIFAR_reader/hooks"],
    "issue_events_url": ["https://api.github.com/repos/michael-iuzzolino/CIFAR_reader/issues/events{/number}"],
    "events_url": ["https://api.github.com/repos/michael-iuzzolino/CIFAR_reader/events"],
    "assignees_url": ["https://api.github.com/repos/michael-iuzzolino/CIFAR_reader/assignees{/user}"],
    "branches_url": ["https://api.github.com/repos/michael-iuzzolino/CIFAR_reader/branches{/branch}"],
    "tags_url": ["https://api.github.com/repos/michael-iuzzolino/CIFAR_reader/tags"],
    "blobs_url": ["https://api.github.com/repos/michael-iuzzolino/CIFAR_reader/git/blobs{/sha}"],
    "git_tags_url": ["https://api.github.com/repos/michael-iuzzolino/CIFAR_reader/git/tags{/sha}"],
    "git_refs_url": ["https://api.github.com/repos/michael-iuzzolino/CIFAR_reader/git/refs{/sha}"],
    "trees_url": ["https://api.github.com/repos/michael-iuzzolino/CIFAR_reader/git/trees{/sha}"],
    "statuses_url": ["https://api.github.com/repos/michael-iuzzolino/CIFAR_reader/statuses/{sha}"],
    "languages_url": ["https://api.github.com/repos/michael-iuzzolino/CIFAR_reader/languages"],
    "stargazers_url": ["https://api.github.com/repos/michael-iuzzolino/CIFAR_reader/stargazers"],
    "contributors_url": ["https://api.github.com/repos/michael-iuzzolino/CIFAR_reader/contributors"],
    "subscribers_url": ["https://api.github.com/repos/michael-iuzzolino/CIFAR_reader/subscribers"],
    "subscription_url": ["https://api.github.com/repos/michael-iuzzolino/CIFAR_reader/subscription"],
    "commits_url": ["https://api.github.com/repos/michael-iuzzolino/CIFAR_reader/commits{/sha}"],
    "git_commits_url": ["https://api.github.com/repos/michael-iuzzolino/CIFAR_reader/git/commits{/sha}"],
    "comments_url": ["https://api.github.com/repos/michael-iuzzolino/CIFAR_reader/comments{/number}"],
    "issue_comment_url": ["https://api.github.com/repos/michael-iuzzolino/CIFAR_reader/issues/comments{/number}"],
    "contents_url": ["https://api.github.com/repos/michael-iuzzolino/CIFAR_reader/contents/{+path}"],
    "compare_url": ["https://api.github.com/repos/michael-iuzzolino/CIFAR_reader/compare/{base}...{head}"],
    "merges_url": ["https://api.github.com/repos/michael-iuzzolino/CIFAR_reader/merges"],
    "archive_url": ["https://api.github.com/repos/michael-iuzzolino/CIFAR_reader/{archive_format}{/ref}"],
    "downloads_url": ["https://api.github.com/repos/michael-iuzzolino/CIFAR_reader/downloads"],
    "issues_url": ["https://api.github.com/repos/michael-iuzzolino/CIFAR_reader/issues{/number}"],
    "pulls_url": ["https://api.github.com/repos/michael-iuzzolino/CIFAR_reader/pulls{/number}"],
    "milestones_url": ["https://api.github.com/repos/michael-iuzzolino/CIFAR_reader/milestones{/number}"],
    "notifications_url": ["https://api.github.com/repos/michael-iuzzolino/CIFAR_reader/notifications{?since,all,participating}"],
    "labels_url": ["https://api.github.com/repos/michael-iuzzolino/CIFAR_reader/labels{/name}"],
    "releases_url": ["https://api.github.com/repos/michael-iuzzolino/CIFAR_reader/releases{/id}"],
    "deployments_url": ["https://api.github.com/repos/michael-iuzzolino/CIFAR_reader/deployments"],
    "created_at": ["2017-10-16T23:48:33Z"],
    "updated_at": ["2017-10-19T03:21:39Z"],
    "pushed_at": ["2017-10-18T18:18:32Z"],
    "git_url": ["git://github.com/michael-iuzzolino/CIFAR_reader.git"],
    "ssh_url": ["git@github.com:michael-iuzzolino/CIFAR_reader.git"],
    "clone_url": ["https://github.com/michael-iuzzolino/CIFAR_reader.git"],
    "svn_url": ["https://github.com/michael-iuzzolino/CIFAR_reader"],
    "homepage": {},
    "size": [28],
    "stargazers_count": [2],
    "watchers_count": [2],
    "language": ["Python"],
    "has_issues": [true],
    "has_projects": [true],
    "has_downloads": [true],
    "has_wiki": [true],
    "has_pages": [false],
    "forks_count": [0],
    "mirror_url": {},
    "archived": [false],
    "disabled": [false],
    "open_issues_count": [0],
    "license": {},
    "forks": [0],
    "open_issues": [0],
    "watchers": [2],
    "default_branch": ["master"],
    "permissions": {
      "admin": [false],
      "push": [false],
      "pull": [true]
    }
  }
]
