[
  {
    "id": [148365007],
    "node_id": ["MDEwOlJlcG9zaXRvcnkxNDgzNjUwMDc="],
    "name": ["pix2pix-tensorflow"],
    "full_name": ["michael-iuzzolino/pix2pix-tensorflow"],
    "private": [false],
    "owner": {
      "login": ["michael-iuzzolino"],
      "id": [21148987],
      "node_id": ["MDQ6VXNlcjIxMTQ4OTg3"],
      "avatar_url": ["https://avatars2.githubusercontent.com/u/21148987?v=4"],
      "gravatar_id": [""],
      "url": ["https://api.github.com/users/michael-iuzzolino"],
      "html_url": ["https://github.com/michael-iuzzolino"],
      "followers_url": ["https://api.github.com/users/michael-iuzzolino/followers"],
      "following_url": ["https://api.github.com/users/michael-iuzzolino/following{/other_user}"],
      "gists_url": ["https://api.github.com/users/michael-iuzzolino/gists{/gist_id}"],
      "starred_url": ["https://api.github.com/users/michael-iuzzolino/starred{/owner}{/repo}"],
      "subscriptions_url": ["https://api.github.com/users/michael-iuzzolino/subscriptions"],
      "organizations_url": ["https://api.github.com/users/michael-iuzzolino/orgs"],
      "repos_url": ["https://api.github.com/users/michael-iuzzolino/repos"],
      "events_url": ["https://api.github.com/users/michael-iuzzolino/events{/privacy}"],
      "received_events_url": ["https://api.github.com/users/michael-iuzzolino/received_events"],
      "type": ["User"],
      "site_admin": [false]
    },
    "html_url": ["https://github.com/michael-iuzzolino/pix2pix-tensorflow"],
    "description": ["TensorFlow implementation of \"Image-to-Image Translation Using Conditional Adversarial Networks\"."],
    "fork": [true],
    "url": ["https://api.github.com/repos/michael-iuzzolino/pix2pix-tensorflow"],
    "forks_url": ["https://api.github.com/repos/michael-iuzzolino/pix2pix-tensorflow/forks"],
    "keys_url": ["https://api.github.com/repos/michael-iuzzolino/pix2pix-tensorflow/keys{/key_id}"],
    "collaborators_url": ["https://api.github.com/repos/michael-iuzzolino/pix2pix-tensorflow/collaborators{/collaborator}"],
    "teams_url": ["https://api.github.com/repos/michael-iuzzolino/pix2pix-tensorflow/teams"],
    "hooks_url": ["https://api.github.com/repos/michael-iuzzolino/pix2pix-tensorflow/hooks"],
    "issue_events_url": ["https://api.github.com/repos/michael-iuzzolino/pix2pix-tensorflow/issues/events{/number}"],
    "events_url": ["https://api.github.com/repos/michael-iuzzolino/pix2pix-tensorflow/events"],
    "assignees_url": ["https://api.github.com/repos/michael-iuzzolino/pix2pix-tensorflow/assignees{/user}"],
    "branches_url": ["https://api.github.com/repos/michael-iuzzolino/pix2pix-tensorflow/branches{/branch}"],
    "tags_url": ["https://api.github.com/repos/michael-iuzzolino/pix2pix-tensorflow/tags"],
    "blobs_url": ["https://api.github.com/repos/michael-iuzzolino/pix2pix-tensorflow/git/blobs{/sha}"],
    "git_tags_url": ["https://api.github.com/repos/michael-iuzzolino/pix2pix-tensorflow/git/tags{/sha}"],
    "git_refs_url": ["https://api.github.com/repos/michael-iuzzolino/pix2pix-tensorflow/git/refs{/sha}"],
    "trees_url": ["https://api.github.com/repos/michael-iuzzolino/pix2pix-tensorflow/git/trees{/sha}"],
    "statuses_url": ["https://api.github.com/repos/michael-iuzzolino/pix2pix-tensorflow/statuses/{sha}"],
    "languages_url": ["https://api.github.com/repos/michael-iuzzolino/pix2pix-tensorflow/languages"],
    "stargazers_url": ["https://api.github.com/repos/michael-iuzzolino/pix2pix-tensorflow/stargazers"],
    "contributors_url": ["https://api.github.com/repos/michael-iuzzolino/pix2pix-tensorflow/contributors"],
    "subscribers_url": ["https://api.github.com/repos/michael-iuzzolino/pix2pix-tensorflow/subscribers"],
    "subscription_url": ["https://api.github.com/repos/michael-iuzzolino/pix2pix-tensorflow/subscription"],
    "commits_url": ["https://api.github.com/repos/michael-iuzzolino/pix2pix-tensorflow/commits{/sha}"],
    "git_commits_url": ["https://api.github.com/repos/michael-iuzzolino/pix2pix-tensorflow/git/commits{/sha}"],
    "comments_url": ["https://api.github.com/repos/michael-iuzzolino/pix2pix-tensorflow/comments{/number}"],
    "issue_comment_url": ["https://api.github.com/repos/michael-iuzzolino/pix2pix-tensorflow/issues/comments{/number}"],
    "contents_url": ["https://api.github.com/repos/michael-iuzzolino/pix2pix-tensorflow/contents/{+path}"],
    "compare_url": ["https://api.github.com/repos/michael-iuzzolino/pix2pix-tensorflow/compare/{base}...{head}"],
    "merges_url": ["https://api.github.com/repos/michael-iuzzolino/pix2pix-tensorflow/merges"],
    "archive_url": ["https://api.github.com/repos/michael-iuzzolino/pix2pix-tensorflow/{archive_format}{/ref}"],
    "downloads_url": ["https://api.github.com/repos/michael-iuzzolino/pix2pix-tensorflow/downloads"],
    "issues_url": ["https://api.github.com/repos/michael-iuzzolino/pix2pix-tensorflow/issues{/number}"],
    "pulls_url": ["https://api.github.com/repos/michael-iuzzolino/pix2pix-tensorflow/pulls{/number}"],
    "milestones_url": ["https://api.github.com/repos/michael-iuzzolino/pix2pix-tensorflow/milestones{/number}"],
    "notifications_url": ["https://api.github.com/repos/michael-iuzzolino/pix2pix-tensorflow/notifications{?since,all,participating}"],
    "labels_url": ["https://api.github.com/repos/michael-iuzzolino/pix2pix-tensorflow/labels{/name}"],
    "releases_url": ["https://api.github.com/repos/michael-iuzzolino/pix2pix-tensorflow/releases{/id}"],
    "deployments_url": ["https://api.github.com/repos/michael-iuzzolino/pix2pix-tensorflow/deployments"],
    "created_at": ["2018-09-11T18:55:18Z"],
    "updated_at": ["2018-09-11T18:55:20Z"],
    "pushed_at": ["2018-06-28T20:43:08Z"],
    "git_url": ["git://github.com/michael-iuzzolino/pix2pix-tensorflow.git"],
    "ssh_url": ["git@github.com:michael-iuzzolino/pix2pix-tensorflow.git"],
    "clone_url": ["https://github.com/michael-iuzzolino/pix2pix-tensorflow.git"],
    "svn_url": ["https://github.com/michael-iuzzolino/pix2pix-tensorflow"],
    "homepage": [""],
    "size": [21843],
    "stargazers_count": [0],
    "watchers_count": [0],
    "language": ["Python"],
    "has_issues": [false],
    "has_projects": [true],
    "has_downloads": [true],
    "has_wiki": [true],
    "has_pages": [false],
    "forks_count": [0],
    "mirror_url": {},
    "archived": [false],
    "disabled": [false],
    "open_issues_count": [0],
    "license": {
      "key": ["mit"],
      "name": ["MIT License"],
      "spdx_id": ["MIT"],
      "url": ["https://api.github.com/licenses/mit"],
      "node_id": ["MDc6TGljZW5zZTEz"]
    },
    "forks": [0],
    "open_issues": [0],
    "watchers": [0],
    "default_branch": ["master"],
    "permissions": {
      "admin": [false],
      "push": [false],
      "pull": [true]
    }
  }
]
