[
  {
    "id": [74726948],
    "node_id": ["MDEwOlJlcG9zaXRvcnk3NDcyNjk0OA=="],
    "name": ["FlapPyBio-NEAT"],
    "full_name": ["michael-iuzzolino/FlapPyBio-NEAT"],
    "private": [false],
    "owner": {
      "login": ["michael-iuzzolino"],
      "id": [21148987],
      "node_id": ["MDQ6VXNlcjIxMTQ4OTg3"],
      "avatar_url": ["https://avatars2.githubusercontent.com/u/21148987?v=4"],
      "gravatar_id": [""],
      "url": ["https://api.github.com/users/michael-iuzzolino"],
      "html_url": ["https://github.com/michael-iuzzolino"],
      "followers_url": ["https://api.github.com/users/michael-iuzzolino/followers"],
      "following_url": ["https://api.github.com/users/michael-iuzzolino/following{/other_user}"],
      "gists_url": ["https://api.github.com/users/michael-iuzzolino/gists{/gist_id}"],
      "starred_url": ["https://api.github.com/users/michael-iuzzolino/starred{/owner}{/repo}"],
      "subscriptions_url": ["https://api.github.com/users/michael-iuzzolino/subscriptions"],
      "organizations_url": ["https://api.github.com/users/michael-iuzzolino/orgs"],
      "repos_url": ["https://api.github.com/users/michael-iuzzolino/repos"],
      "events_url": ["https://api.github.com/users/michael-iuzzolino/events{/privacy}"],
      "received_events_url": ["https://api.github.com/users/michael-iuzzolino/received_events"],
      "type": ["User"],
      "site_admin": [false]
    },
    "html_url": ["https://github.com/michael-iuzzolino/FlapPyBio-NEAT"],
    "description": {},
    "fork": [false],
    "url": ["https://api.github.com/repos/michael-iuzzolino/FlapPyBio-NEAT"],
    "forks_url": ["https://api.github.com/repos/michael-iuzzolino/FlapPyBio-NEAT/forks"],
    "keys_url": ["https://api.github.com/repos/michael-iuzzolino/FlapPyBio-NEAT/keys{/key_id}"],
    "collaborators_url": ["https://api.github.com/repos/michael-iuzzolino/FlapPyBio-NEAT/collaborators{/collaborator}"],
    "teams_url": ["https://api.github.com/repos/michael-iuzzolino/FlapPyBio-NEAT/teams"],
    "hooks_url": ["https://api.github.com/repos/michael-iuzzolino/FlapPyBio-NEAT/hooks"],
    "issue_events_url": ["https://api.github.com/repos/michael-iuzzolino/FlapPyBio-NEAT/issues/events{/number}"],
    "events_url": ["https://api.github.com/repos/michael-iuzzolino/FlapPyBio-NEAT/events"],
    "assignees_url": ["https://api.github.com/repos/michael-iuzzolino/FlapPyBio-NEAT/assignees{/user}"],
    "branches_url": ["https://api.github.com/repos/michael-iuzzolino/FlapPyBio-NEAT/branches{/branch}"],
    "tags_url": ["https://api.github.com/repos/michael-iuzzolino/FlapPyBio-NEAT/tags"],
    "blobs_url": ["https://api.github.com/repos/michael-iuzzolino/FlapPyBio-NEAT/git/blobs{/sha}"],
    "git_tags_url": ["https://api.github.com/repos/michael-iuzzolino/FlapPyBio-NEAT/git/tags{/sha}"],
    "git_refs_url": ["https://api.github.com/repos/michael-iuzzolino/FlapPyBio-NEAT/git/refs{/sha}"],
    "trees_url": ["https://api.github.com/repos/michael-iuzzolino/FlapPyBio-NEAT/git/trees{/sha}"],
    "statuses_url": ["https://api.github.com/repos/michael-iuzzolino/FlapPyBio-NEAT/statuses/{sha}"],
    "languages_url": ["https://api.github.com/repos/michael-iuzzolino/FlapPyBio-NEAT/languages"],
    "stargazers_url": ["https://api.github.com/repos/michael-iuzzolino/FlapPyBio-NEAT/stargazers"],
    "contributors_url": ["https://api.github.com/repos/michael-iuzzolino/FlapPyBio-NEAT/contributors"],
    "subscribers_url": ["https://api.github.com/repos/michael-iuzzolino/FlapPyBio-NEAT/subscribers"],
    "subscription_url": ["https://api.github.com/repos/michael-iuzzolino/FlapPyBio-NEAT/subscription"],
    "commits_url": ["https://api.github.com/repos/michael-iuzzolino/FlapPyBio-NEAT/commits{/sha}"],
    "git_commits_url": ["https://api.github.com/repos/michael-iuzzolino/FlapPyBio-NEAT/git/commits{/sha}"],
    "comments_url": ["https://api.github.com/repos/michael-iuzzolino/FlapPyBio-NEAT/comments{/number}"],
    "issue_comment_url": ["https://api.github.com/repos/michael-iuzzolino/FlapPyBio-NEAT/issues/comments{/number}"],
    "contents_url": ["https://api.github.com/repos/michael-iuzzolino/FlapPyBio-NEAT/contents/{+path}"],
    "compare_url": ["https://api.github.com/repos/michael-iuzzolino/FlapPyBio-NEAT/compare/{base}...{head}"],
    "merges_url": ["https://api.github.com/repos/michael-iuzzolino/FlapPyBio-NEAT/merges"],
    "archive_url": ["https://api.github.com/repos/michael-iuzzolino/FlapPyBio-NEAT/{archive_format}{/ref}"],
    "downloads_url": ["https://api.github.com/repos/michael-iuzzolino/FlapPyBio-NEAT/downloads"],
    "issues_url": ["https://api.github.com/repos/michael-iuzzolino/FlapPyBio-NEAT/issues{/number}"],
    "pulls_url": ["https://api.github.com/repos/michael-iuzzolino/FlapPyBio-NEAT/pulls{/number}"],
    "milestones_url": ["https://api.github.com/repos/michael-iuzzolino/FlapPyBio-NEAT/milestones{/number}"],
    "notifications_url": ["https://api.github.com/repos/michael-iuzzolino/FlapPyBio-NEAT/notifications{?since,all,participating}"],
    "labels_url": ["https://api.github.com/repos/michael-iuzzolino/FlapPyBio-NEAT/labels{/name}"],
    "releases_url": ["https://api.github.com/repos/michael-iuzzolino/FlapPyBio-NEAT/releases{/id}"],
    "deployments_url": ["https://api.github.com/repos/michael-iuzzolino/FlapPyBio-NEAT/deployments"],
    "created_at": ["2016-11-25T05:00:33Z"],
    "updated_at": ["2019-01-09T12:48:46Z"],
    "pushed_at": ["2017-03-08T16:45:31Z"],
    "git_url": ["git://github.com/michael-iuzzolino/FlapPyBio-NEAT.git"],
    "ssh_url": ["git@github.com:michael-iuzzolino/FlapPyBio-NEAT.git"],
    "clone_url": ["https://github.com/michael-iuzzolino/FlapPyBio-NEAT.git"],
    "svn_url": ["https://github.com/michael-iuzzolino/FlapPyBio-NEAT"],
    "homepage": {},
    "size": [3867],
    "stargazers_count": [1],
    "watchers_count": [1],
    "language": ["Python"],
    "has_issues": [true],
    "has_projects": [true],
    "has_downloads": [true],
    "has_wiki": [true],
    "has_pages": [false],
    "forks_count": [1],
    "mirror_url": {},
    "archived": [false],
    "disabled": [false],
    "open_issues_count": [5],
    "license": {},
    "forks": [1],
    "open_issues": [5],
    "watchers": [1],
    "default_branch": ["master"],
    "permissions": {
      "admin": [false],
      "push": [false],
      "pull": [true]
    }
  }
]
