[
  {
    "id": [117642275],
    "node_id": ["MDEwOlJlcG9zaXRvcnkxMTc2NDIyNzU="],
    "name": ["MalariaProteinNetwork"],
    "full_name": ["michael-iuzzolino/MalariaProteinNetwork"],
    "private": [false],
    "owner": {
      "login": ["michael-iuzzolino"],
      "id": [21148987],
      "node_id": ["MDQ6VXNlcjIxMTQ4OTg3"],
      "avatar_url": ["https://avatars2.githubusercontent.com/u/21148987?v=4"],
      "gravatar_id": [""],
      "url": ["https://api.github.com/users/michael-iuzzolino"],
      "html_url": ["https://github.com/michael-iuzzolino"],
      "followers_url": ["https://api.github.com/users/michael-iuzzolino/followers"],
      "following_url": ["https://api.github.com/users/michael-iuzzolino/following{/other_user}"],
      "gists_url": ["https://api.github.com/users/michael-iuzzolino/gists{/gist_id}"],
      "starred_url": ["https://api.github.com/users/michael-iuzzolino/starred{/owner}{/repo}"],
      "subscriptions_url": ["https://api.github.com/users/michael-iuzzolino/subscriptions"],
      "organizations_url": ["https://api.github.com/users/michael-iuzzolino/orgs"],
      "repos_url": ["https://api.github.com/users/michael-iuzzolino/repos"],
      "events_url": ["https://api.github.com/users/michael-iuzzolino/events{/privacy}"],
      "received_events_url": ["https://api.github.com/users/michael-iuzzolino/received_events"],
      "type": ["User"],
      "site_admin": [false]
    },
    "html_url": ["https://github.com/michael-iuzzolino/MalariaProteinNetwork"],
    "description": {},
    "fork": [false],
    "url": ["https://api.github.com/repos/michael-iuzzolino/MalariaProteinNetwork"],
    "forks_url": ["https://api.github.com/repos/michael-iuzzolino/MalariaProteinNetwork/forks"],
    "keys_url": ["https://api.github.com/repos/michael-iuzzolino/MalariaProteinNetwork/keys{/key_id}"],
    "collaborators_url": ["https://api.github.com/repos/michael-iuzzolino/MalariaProteinNetwork/collaborators{/collaborator}"],
    "teams_url": ["https://api.github.com/repos/michael-iuzzolino/MalariaProteinNetwork/teams"],
    "hooks_url": ["https://api.github.com/repos/michael-iuzzolino/MalariaProteinNetwork/hooks"],
    "issue_events_url": ["https://api.github.com/repos/michael-iuzzolino/MalariaProteinNetwork/issues/events{/number}"],
    "events_url": ["https://api.github.com/repos/michael-iuzzolino/MalariaProteinNetwork/events"],
    "assignees_url": ["https://api.github.com/repos/michael-iuzzolino/MalariaProteinNetwork/assignees{/user}"],
    "branches_url": ["https://api.github.com/repos/michael-iuzzolino/MalariaProteinNetwork/branches{/branch}"],
    "tags_url": ["https://api.github.com/repos/michael-iuzzolino/MalariaProteinNetwork/tags"],
    "blobs_url": ["https://api.github.com/repos/michael-iuzzolino/MalariaProteinNetwork/git/blobs{/sha}"],
    "git_tags_url": ["https://api.github.com/repos/michael-iuzzolino/MalariaProteinNetwork/git/tags{/sha}"],
    "git_refs_url": ["https://api.github.com/repos/michael-iuzzolino/MalariaProteinNetwork/git/refs{/sha}"],
    "trees_url": ["https://api.github.com/repos/michael-iuzzolino/MalariaProteinNetwork/git/trees{/sha}"],
    "statuses_url": ["https://api.github.com/repos/michael-iuzzolino/MalariaProteinNetwork/statuses/{sha}"],
    "languages_url": ["https://api.github.com/repos/michael-iuzzolino/MalariaProteinNetwork/languages"],
    "stargazers_url": ["https://api.github.com/repos/michael-iuzzolino/MalariaProteinNetwork/stargazers"],
    "contributors_url": ["https://api.github.com/repos/michael-iuzzolino/MalariaProteinNetwork/contributors"],
    "subscribers_url": ["https://api.github.com/repos/michael-iuzzolino/MalariaProteinNetwork/subscribers"],
    "subscription_url": ["https://api.github.com/repos/michael-iuzzolino/MalariaProteinNetwork/subscription"],
    "commits_url": ["https://api.github.com/repos/michael-iuzzolino/MalariaProteinNetwork/commits{/sha}"],
    "git_commits_url": ["https://api.github.com/repos/michael-iuzzolino/MalariaProteinNetwork/git/commits{/sha}"],
    "comments_url": ["https://api.github.com/repos/michael-iuzzolino/MalariaProteinNetwork/comments{/number}"],
    "issue_comment_url": ["https://api.github.com/repos/michael-iuzzolino/MalariaProteinNetwork/issues/comments{/number}"],
    "contents_url": ["https://api.github.com/repos/michael-iuzzolino/MalariaProteinNetwork/contents/{+path}"],
    "compare_url": ["https://api.github.com/repos/michael-iuzzolino/MalariaProteinNetwork/compare/{base}...{head}"],
    "merges_url": ["https://api.github.com/repos/michael-iuzzolino/MalariaProteinNetwork/merges"],
    "archive_url": ["https://api.github.com/repos/michael-iuzzolino/MalariaProteinNetwork/{archive_format}{/ref}"],
    "downloads_url": ["https://api.github.com/repos/michael-iuzzolino/MalariaProteinNetwork/downloads"],
    "issues_url": ["https://api.github.com/repos/michael-iuzzolino/MalariaProteinNetwork/issues{/number}"],
    "pulls_url": ["https://api.github.com/repos/michael-iuzzolino/MalariaProteinNetwork/pulls{/number}"],
    "milestones_url": ["https://api.github.com/repos/michael-iuzzolino/MalariaProteinNetwork/milestones{/number}"],
    "notifications_url": ["https://api.github.com/repos/michael-iuzzolino/MalariaProteinNetwork/notifications{?since,all,participating}"],
    "labels_url": ["https://api.github.com/repos/michael-iuzzolino/MalariaProteinNetwork/labels{/name}"],
    "releases_url": ["https://api.github.com/repos/michael-iuzzolino/MalariaProteinNetwork/releases{/id}"],
    "deployments_url": ["https://api.github.com/repos/michael-iuzzolino/MalariaProteinNetwork/deployments"],
    "created_at": ["2018-01-16T06:36:34Z"],
    "updated_at": ["2018-01-16T06:37:27Z"],
    "pushed_at": ["2018-01-21T21:40:41Z"],
    "git_url": ["git://github.com/michael-iuzzolino/MalariaProteinNetwork.git"],
    "ssh_url": ["git@github.com:michael-iuzzolino/MalariaProteinNetwork.git"],
    "clone_url": ["https://github.com/michael-iuzzolino/MalariaProteinNetwork.git"],
    "svn_url": ["https://github.com/michael-iuzzolino/MalariaProteinNetwork"],
    "homepage": {},
    "size": [1077],
    "stargazers_count": [0],
    "watchers_count": [0],
    "language": ["Jupyter Notebook"],
    "has_issues": [true],
    "has_projects": [true],
    "has_downloads": [true],
    "has_wiki": [true],
    "has_pages": [false],
    "forks_count": [0],
    "mirror_url": {},
    "archived": [false],
    "disabled": [false],
    "open_issues_count": [0],
    "license": {},
    "forks": [0],
    "open_issues": [0],
    "watchers": [0],
    "default_branch": ["master"],
    "permissions": {
      "admin": [false],
      "push": [false],
      "pull": [true]
    }
  }
]
