[
  {
    "id": [156944647],
    "node_id": ["MDEwOlJlcG9zaXRvcnkxNTY5NDQ2NDc="],
    "name": ["hopfield_images"],
    "full_name": ["michael-iuzzolino/hopfield_images"],
    "private": [false],
    "owner": {
      "login": ["michael-iuzzolino"],
      "id": [21148987],
      "node_id": ["MDQ6VXNlcjIxMTQ4OTg3"],
      "avatar_url": ["https://avatars2.githubusercontent.com/u/21148987?v=4"],
      "gravatar_id": [""],
      "url": ["https://api.github.com/users/michael-iuzzolino"],
      "html_url": ["https://github.com/michael-iuzzolino"],
      "followers_url": ["https://api.github.com/users/michael-iuzzolino/followers"],
      "following_url": ["https://api.github.com/users/michael-iuzzolino/following{/other_user}"],
      "gists_url": ["https://api.github.com/users/michael-iuzzolino/gists{/gist_id}"],
      "starred_url": ["https://api.github.com/users/michael-iuzzolino/starred{/owner}{/repo}"],
      "subscriptions_url": ["https://api.github.com/users/michael-iuzzolino/subscriptions"],
      "organizations_url": ["https://api.github.com/users/michael-iuzzolino/orgs"],
      "repos_url": ["https://api.github.com/users/michael-iuzzolino/repos"],
      "events_url": ["https://api.github.com/users/michael-iuzzolino/events{/privacy}"],
      "received_events_url": ["https://api.github.com/users/michael-iuzzolino/received_events"],
      "type": ["User"],
      "site_admin": [false]
    },
    "html_url": ["https://github.com/michael-iuzzolino/hopfield_images"],
    "description": {},
    "fork": [false],
    "url": ["https://api.github.com/repos/michael-iuzzolino/hopfield_images"],
    "forks_url": ["https://api.github.com/repos/michael-iuzzolino/hopfield_images/forks"],
    "keys_url": ["https://api.github.com/repos/michael-iuzzolino/hopfield_images/keys{/key_id}"],
    "collaborators_url": ["https://api.github.com/repos/michael-iuzzolino/hopfield_images/collaborators{/collaborator}"],
    "teams_url": ["https://api.github.com/repos/michael-iuzzolino/hopfield_images/teams"],
    "hooks_url": ["https://api.github.com/repos/michael-iuzzolino/hopfield_images/hooks"],
    "issue_events_url": ["https://api.github.com/repos/michael-iuzzolino/hopfield_images/issues/events{/number}"],
    "events_url": ["https://api.github.com/repos/michael-iuzzolino/hopfield_images/events"],
    "assignees_url": ["https://api.github.com/repos/michael-iuzzolino/hopfield_images/assignees{/user}"],
    "branches_url": ["https://api.github.com/repos/michael-iuzzolino/hopfield_images/branches{/branch}"],
    "tags_url": ["https://api.github.com/repos/michael-iuzzolino/hopfield_images/tags"],
    "blobs_url": ["https://api.github.com/repos/michael-iuzzolino/hopfield_images/git/blobs{/sha}"],
    "git_tags_url": ["https://api.github.com/repos/michael-iuzzolino/hopfield_images/git/tags{/sha}"],
    "git_refs_url": ["https://api.github.com/repos/michael-iuzzolino/hopfield_images/git/refs{/sha}"],
    "trees_url": ["https://api.github.com/repos/michael-iuzzolino/hopfield_images/git/trees{/sha}"],
    "statuses_url": ["https://api.github.com/repos/michael-iuzzolino/hopfield_images/statuses/{sha}"],
    "languages_url": ["https://api.github.com/repos/michael-iuzzolino/hopfield_images/languages"],
    "stargazers_url": ["https://api.github.com/repos/michael-iuzzolino/hopfield_images/stargazers"],
    "contributors_url": ["https://api.github.com/repos/michael-iuzzolino/hopfield_images/contributors"],
    "subscribers_url": ["https://api.github.com/repos/michael-iuzzolino/hopfield_images/subscribers"],
    "subscription_url": ["https://api.github.com/repos/michael-iuzzolino/hopfield_images/subscription"],
    "commits_url": ["https://api.github.com/repos/michael-iuzzolino/hopfield_images/commits{/sha}"],
    "git_commits_url": ["https://api.github.com/repos/michael-iuzzolino/hopfield_images/git/commits{/sha}"],
    "comments_url": ["https://api.github.com/repos/michael-iuzzolino/hopfield_images/comments{/number}"],
    "issue_comment_url": ["https://api.github.com/repos/michael-iuzzolino/hopfield_images/issues/comments{/number}"],
    "contents_url": ["https://api.github.com/repos/michael-iuzzolino/hopfield_images/contents/{+path}"],
    "compare_url": ["https://api.github.com/repos/michael-iuzzolino/hopfield_images/compare/{base}...{head}"],
    "merges_url": ["https://api.github.com/repos/michael-iuzzolino/hopfield_images/merges"],
    "archive_url": ["https://api.github.com/repos/michael-iuzzolino/hopfield_images/{archive_format}{/ref}"],
    "downloads_url": ["https://api.github.com/repos/michael-iuzzolino/hopfield_images/downloads"],
    "issues_url": ["https://api.github.com/repos/michael-iuzzolino/hopfield_images/issues{/number}"],
    "pulls_url": ["https://api.github.com/repos/michael-iuzzolino/hopfield_images/pulls{/number}"],
    "milestones_url": ["https://api.github.com/repos/michael-iuzzolino/hopfield_images/milestones{/number}"],
    "notifications_url": ["https://api.github.com/repos/michael-iuzzolino/hopfield_images/notifications{?since,all,participating}"],
    "labels_url": ["https://api.github.com/repos/michael-iuzzolino/hopfield_images/labels{/name}"],
    "releases_url": ["https://api.github.com/repos/michael-iuzzolino/hopfield_images/releases{/id}"],
    "deployments_url": ["https://api.github.com/repos/michael-iuzzolino/hopfield_images/deployments"],
    "created_at": ["2018-11-10T03:42:01Z"],
    "updated_at": ["2018-11-10T05:13:34Z"],
    "pushed_at": ["2018-11-10T05:13:33Z"],
    "git_url": ["git://github.com/michael-iuzzolino/hopfield_images.git"],
    "ssh_url": ["git@github.com:michael-iuzzolino/hopfield_images.git"],
    "clone_url": ["https://github.com/michael-iuzzolino/hopfield_images.git"],
    "svn_url": ["https://github.com/michael-iuzzolino/hopfield_images"],
    "homepage": {},
    "size": [3543],
    "stargazers_count": [0],
    "watchers_count": [0],
    "language": {},
    "has_issues": [true],
    "has_projects": [true],
    "has_downloads": [true],
    "has_wiki": [true],
    "has_pages": [false],
    "forks_count": [0],
    "mirror_url": {},
    "archived": [false],
    "disabled": [false],
    "open_issues_count": [0],
    "license": {},
    "forks": [0],
    "open_issues": [0],
    "watchers": [0],
    "default_branch": ["master"],
    "permissions": {
      "admin": [false],
      "push": [false],
      "pull": [true]
    }
  }
]
