[
  {
    "id": [88818725],
    "node_id": ["MDEwOlJlcG9zaXRvcnk4ODgxODcyNQ=="],
    "name": ["Zayo-Random-Forest"],
    "full_name": ["michael-iuzzolino/Zayo-Random-Forest"],
    "private": [false],
    "owner": {
      "login": ["michael-iuzzolino"],
      "id": [21148987],
      "node_id": ["MDQ6VXNlcjIxMTQ4OTg3"],
      "avatar_url": ["https://avatars2.githubusercontent.com/u/21148987?v=4"],
      "gravatar_id": [""],
      "url": ["https://api.github.com/users/michael-iuzzolino"],
      "html_url": ["https://github.com/michael-iuzzolino"],
      "followers_url": ["https://api.github.com/users/michael-iuzzolino/followers"],
      "following_url": ["https://api.github.com/users/michael-iuzzolino/following{/other_user}"],
      "gists_url": ["https://api.github.com/users/michael-iuzzolino/gists{/gist_id}"],
      "starred_url": ["https://api.github.com/users/michael-iuzzolino/starred{/owner}{/repo}"],
      "subscriptions_url": ["https://api.github.com/users/michael-iuzzolino/subscriptions"],
      "organizations_url": ["https://api.github.com/users/michael-iuzzolino/orgs"],
      "repos_url": ["https://api.github.com/users/michael-iuzzolino/repos"],
      "events_url": ["https://api.github.com/users/michael-iuzzolino/events{/privacy}"],
      "received_events_url": ["https://api.github.com/users/michael-iuzzolino/received_events"],
      "type": ["User"],
      "site_admin": [false]
    },
    "html_url": ["https://github.com/michael-iuzzolino/Zayo-Random-Forest"],
    "description": {},
    "fork": [false],
    "url": ["https://api.github.com/repos/michael-iuzzolino/Zayo-Random-Forest"],
    "forks_url": ["https://api.github.com/repos/michael-iuzzolino/Zayo-Random-Forest/forks"],
    "keys_url": ["https://api.github.com/repos/michael-iuzzolino/Zayo-Random-Forest/keys{/key_id}"],
    "collaborators_url": ["https://api.github.com/repos/michael-iuzzolino/Zayo-Random-Forest/collaborators{/collaborator}"],
    "teams_url": ["https://api.github.com/repos/michael-iuzzolino/Zayo-Random-Forest/teams"],
    "hooks_url": ["https://api.github.com/repos/michael-iuzzolino/Zayo-Random-Forest/hooks"],
    "issue_events_url": ["https://api.github.com/repos/michael-iuzzolino/Zayo-Random-Forest/issues/events{/number}"],
    "events_url": ["https://api.github.com/repos/michael-iuzzolino/Zayo-Random-Forest/events"],
    "assignees_url": ["https://api.github.com/repos/michael-iuzzolino/Zayo-Random-Forest/assignees{/user}"],
    "branches_url": ["https://api.github.com/repos/michael-iuzzolino/Zayo-Random-Forest/branches{/branch}"],
    "tags_url": ["https://api.github.com/repos/michael-iuzzolino/Zayo-Random-Forest/tags"],
    "blobs_url": ["https://api.github.com/repos/michael-iuzzolino/Zayo-Random-Forest/git/blobs{/sha}"],
    "git_tags_url": ["https://api.github.com/repos/michael-iuzzolino/Zayo-Random-Forest/git/tags{/sha}"],
    "git_refs_url": ["https://api.github.com/repos/michael-iuzzolino/Zayo-Random-Forest/git/refs{/sha}"],
    "trees_url": ["https://api.github.com/repos/michael-iuzzolino/Zayo-Random-Forest/git/trees{/sha}"],
    "statuses_url": ["https://api.github.com/repos/michael-iuzzolino/Zayo-Random-Forest/statuses/{sha}"],
    "languages_url": ["https://api.github.com/repos/michael-iuzzolino/Zayo-Random-Forest/languages"],
    "stargazers_url": ["https://api.github.com/repos/michael-iuzzolino/Zayo-Random-Forest/stargazers"],
    "contributors_url": ["https://api.github.com/repos/michael-iuzzolino/Zayo-Random-Forest/contributors"],
    "subscribers_url": ["https://api.github.com/repos/michael-iuzzolino/Zayo-Random-Forest/subscribers"],
    "subscription_url": ["https://api.github.com/repos/michael-iuzzolino/Zayo-Random-Forest/subscription"],
    "commits_url": ["https://api.github.com/repos/michael-iuzzolino/Zayo-Random-Forest/commits{/sha}"],
    "git_commits_url": ["https://api.github.com/repos/michael-iuzzolino/Zayo-Random-Forest/git/commits{/sha}"],
    "comments_url": ["https://api.github.com/repos/michael-iuzzolino/Zayo-Random-Forest/comments{/number}"],
    "issue_comment_url": ["https://api.github.com/repos/michael-iuzzolino/Zayo-Random-Forest/issues/comments{/number}"],
    "contents_url": ["https://api.github.com/repos/michael-iuzzolino/Zayo-Random-Forest/contents/{+path}"],
    "compare_url": ["https://api.github.com/repos/michael-iuzzolino/Zayo-Random-Forest/compare/{base}...{head}"],
    "merges_url": ["https://api.github.com/repos/michael-iuzzolino/Zayo-Random-Forest/merges"],
    "archive_url": ["https://api.github.com/repos/michael-iuzzolino/Zayo-Random-Forest/{archive_format}{/ref}"],
    "downloads_url": ["https://api.github.com/repos/michael-iuzzolino/Zayo-Random-Forest/downloads"],
    "issues_url": ["https://api.github.com/repos/michael-iuzzolino/Zayo-Random-Forest/issues{/number}"],
    "pulls_url": ["https://api.github.com/repos/michael-iuzzolino/Zayo-Random-Forest/pulls{/number}"],
    "milestones_url": ["https://api.github.com/repos/michael-iuzzolino/Zayo-Random-Forest/milestones{/number}"],
    "notifications_url": ["https://api.github.com/repos/michael-iuzzolino/Zayo-Random-Forest/notifications{?since,all,participating}"],
    "labels_url": ["https://api.github.com/repos/michael-iuzzolino/Zayo-Random-Forest/labels{/name}"],
    "releases_url": ["https://api.github.com/repos/michael-iuzzolino/Zayo-Random-Forest/releases{/id}"],
    "deployments_url": ["https://api.github.com/repos/michael-iuzzolino/Zayo-Random-Forest/deployments"],
    "created_at": ["2017-04-20T03:54:10Z"],
    "updated_at": ["2017-04-20T03:55:30Z"],
    "pushed_at": ["2017-04-21T02:29:24Z"],
    "git_url": ["git://github.com/michael-iuzzolino/Zayo-Random-Forest.git"],
    "ssh_url": ["git@github.com:michael-iuzzolino/Zayo-Random-Forest.git"],
    "clone_url": ["https://github.com/michael-iuzzolino/Zayo-Random-Forest.git"],
    "svn_url": ["https://github.com/michael-iuzzolino/Zayo-Random-Forest"],
    "homepage": {},
    "size": [3513],
    "stargazers_count": [0],
    "watchers_count": [0],
    "language": ["Jupyter Notebook"],
    "has_issues": [true],
    "has_projects": [true],
    "has_downloads": [true],
    "has_wiki": [true],
    "has_pages": [false],
    "forks_count": [0],
    "mirror_url": {},
    "archived": [false],
    "disabled": [false],
    "open_issues_count": [0],
    "license": {},
    "forks": [0],
    "open_issues": [0],
    "watchers": [0],
    "default_branch": ["master"],
    "permissions": {
      "admin": [false],
      "push": [false],
      "pull": [true]
    }
  }
]
