[
  {
    "id": [84340832],
    "node_id": ["MDEwOlJlcG9zaXRvcnk4NDM0MDgzMg=="],
    "name": ["Computational-Neuroscience---Receptive-Field-Modeling"],
    "full_name": ["michael-iuzzolino/Computational-Neuroscience---Receptive-Field-Modeling"],
    "private": [false],
    "owner": {
      "login": ["michael-iuzzolino"],
      "id": [21148987],
      "node_id": ["MDQ6VXNlcjIxMTQ4OTg3"],
      "avatar_url": ["https://avatars2.githubusercontent.com/u/21148987?v=4"],
      "gravatar_id": [""],
      "url": ["https://api.github.com/users/michael-iuzzolino"],
      "html_url": ["https://github.com/michael-iuzzolino"],
      "followers_url": ["https://api.github.com/users/michael-iuzzolino/followers"],
      "following_url": ["https://api.github.com/users/michael-iuzzolino/following{/other_user}"],
      "gists_url": ["https://api.github.com/users/michael-iuzzolino/gists{/gist_id}"],
      "starred_url": ["https://api.github.com/users/michael-iuzzolino/starred{/owner}{/repo}"],
      "subscriptions_url": ["https://api.github.com/users/michael-iuzzolino/subscriptions"],
      "organizations_url": ["https://api.github.com/users/michael-iuzzolino/orgs"],
      "repos_url": ["https://api.github.com/users/michael-iuzzolino/repos"],
      "events_url": ["https://api.github.com/users/michael-iuzzolino/events{/privacy}"],
      "received_events_url": ["https://api.github.com/users/michael-iuzzolino/received_events"],
      "type": ["User"],
      "site_admin": [false]
    },
    "html_url": ["https://github.com/michael-iuzzolino/Computational-Neuroscience---Receptive-Field-Modeling"],
    "description": {},
    "fork": [false],
    "url": ["https://api.github.com/repos/michael-iuzzolino/Computational-Neuroscience---Receptive-Field-Modeling"],
    "forks_url": ["https://api.github.com/repos/michael-iuzzolino/Computational-Neuroscience---Receptive-Field-Modeling/forks"],
    "keys_url": ["https://api.github.com/repos/michael-iuzzolino/Computational-Neuroscience---Receptive-Field-Modeling/keys{/key_id}"],
    "collaborators_url": ["https://api.github.com/repos/michael-iuzzolino/Computational-Neuroscience---Receptive-Field-Modeling/collaborators{/collaborator}"],
    "teams_url": ["https://api.github.com/repos/michael-iuzzolino/Computational-Neuroscience---Receptive-Field-Modeling/teams"],
    "hooks_url": ["https://api.github.com/repos/michael-iuzzolino/Computational-Neuroscience---Receptive-Field-Modeling/hooks"],
    "issue_events_url": ["https://api.github.com/repos/michael-iuzzolino/Computational-Neuroscience---Receptive-Field-Modeling/issues/events{/number}"],
    "events_url": ["https://api.github.com/repos/michael-iuzzolino/Computational-Neuroscience---Receptive-Field-Modeling/events"],
    "assignees_url": ["https://api.github.com/repos/michael-iuzzolino/Computational-Neuroscience---Receptive-Field-Modeling/assignees{/user}"],
    "branches_url": ["https://api.github.com/repos/michael-iuzzolino/Computational-Neuroscience---Receptive-Field-Modeling/branches{/branch}"],
    "tags_url": ["https://api.github.com/repos/michael-iuzzolino/Computational-Neuroscience---Receptive-Field-Modeling/tags"],
    "blobs_url": ["https://api.github.com/repos/michael-iuzzolino/Computational-Neuroscience---Receptive-Field-Modeling/git/blobs{/sha}"],
    "git_tags_url": ["https://api.github.com/repos/michael-iuzzolino/Computational-Neuroscience---Receptive-Field-Modeling/git/tags{/sha}"],
    "git_refs_url": ["https://api.github.com/repos/michael-iuzzolino/Computational-Neuroscience---Receptive-Field-Modeling/git/refs{/sha}"],
    "trees_url": ["https://api.github.com/repos/michael-iuzzolino/Computational-Neuroscience---Receptive-Field-Modeling/git/trees{/sha}"],
    "statuses_url": ["https://api.github.com/repos/michael-iuzzolino/Computational-Neuroscience---Receptive-Field-Modeling/statuses/{sha}"],
    "languages_url": ["https://api.github.com/repos/michael-iuzzolino/Computational-Neuroscience---Receptive-Field-Modeling/languages"],
    "stargazers_url": ["https://api.github.com/repos/michael-iuzzolino/Computational-Neuroscience---Receptive-Field-Modeling/stargazers"],
    "contributors_url": ["https://api.github.com/repos/michael-iuzzolino/Computational-Neuroscience---Receptive-Field-Modeling/contributors"],
    "subscribers_url": ["https://api.github.com/repos/michael-iuzzolino/Computational-Neuroscience---Receptive-Field-Modeling/subscribers"],
    "subscription_url": ["https://api.github.com/repos/michael-iuzzolino/Computational-Neuroscience---Receptive-Field-Modeling/subscription"],
    "commits_url": ["https://api.github.com/repos/michael-iuzzolino/Computational-Neuroscience---Receptive-Field-Modeling/commits{/sha}"],
    "git_commits_url": ["https://api.github.com/repos/michael-iuzzolino/Computational-Neuroscience---Receptive-Field-Modeling/git/commits{/sha}"],
    "comments_url": ["https://api.github.com/repos/michael-iuzzolino/Computational-Neuroscience---Receptive-Field-Modeling/comments{/number}"],
    "issue_comment_url": ["https://api.github.com/repos/michael-iuzzolino/Computational-Neuroscience---Receptive-Field-Modeling/issues/comments{/number}"],
    "contents_url": ["https://api.github.com/repos/michael-iuzzolino/Computational-Neuroscience---Receptive-Field-Modeling/contents/{+path}"],
    "compare_url": ["https://api.github.com/repos/michael-iuzzolino/Computational-Neuroscience---Receptive-Field-Modeling/compare/{base}...{head}"],
    "merges_url": ["https://api.github.com/repos/michael-iuzzolino/Computational-Neuroscience---Receptive-Field-Modeling/merges"],
    "archive_url": ["https://api.github.com/repos/michael-iuzzolino/Computational-Neuroscience---Receptive-Field-Modeling/{archive_format}{/ref}"],
    "downloads_url": ["https://api.github.com/repos/michael-iuzzolino/Computational-Neuroscience---Receptive-Field-Modeling/downloads"],
    "issues_url": ["https://api.github.com/repos/michael-iuzzolino/Computational-Neuroscience---Receptive-Field-Modeling/issues{/number}"],
    "pulls_url": ["https://api.github.com/repos/michael-iuzzolino/Computational-Neuroscience---Receptive-Field-Modeling/pulls{/number}"],
    "milestones_url": ["https://api.github.com/repos/michael-iuzzolino/Computational-Neuroscience---Receptive-Field-Modeling/milestones{/number}"],
    "notifications_url": ["https://api.github.com/repos/michael-iuzzolino/Computational-Neuroscience---Receptive-Field-Modeling/notifications{?since,all,participating}"],
    "labels_url": ["https://api.github.com/repos/michael-iuzzolino/Computational-Neuroscience---Receptive-Field-Modeling/labels{/name}"],
    "releases_url": ["https://api.github.com/repos/michael-iuzzolino/Computational-Neuroscience---Receptive-Field-Modeling/releases{/id}"],
    "deployments_url": ["https://api.github.com/repos/michael-iuzzolino/Computational-Neuroscience---Receptive-Field-Modeling/deployments"],
    "created_at": ["2017-03-08T16:16:30Z"],
    "updated_at": ["2017-03-08T16:27:27Z"],
    "pushed_at": ["2017-03-08T16:26:10Z"],
    "git_url": ["git://github.com/michael-iuzzolino/Computational-Neuroscience---Receptive-Field-Modeling.git"],
    "ssh_url": ["git@github.com:michael-iuzzolino/Computational-Neuroscience---Receptive-Field-Modeling.git"],
    "clone_url": ["https://github.com/michael-iuzzolino/Computational-Neuroscience---Receptive-Field-Modeling.git"],
    "svn_url": ["https://github.com/michael-iuzzolino/Computational-Neuroscience---Receptive-Field-Modeling"],
    "homepage": {},
    "size": [330],
    "stargazers_count": [0],
    "watchers_count": [0],
    "language": ["Python"],
    "has_issues": [true],
    "has_projects": [true],
    "has_downloads": [true],
    "has_wiki": [true],
    "has_pages": [false],
    "forks_count": [0],
    "mirror_url": {},
    "archived": [false],
    "disabled": [false],
    "open_issues_count": [0],
    "license": {},
    "forks": [0],
    "open_issues": [0],
    "watchers": [0],
    "default_branch": ["master"],
    "permissions": {
      "admin": [false],
      "push": [false],
      "pull": [true]
    }
  }
]
