[
  {
    "id": [131203281],
    "node_id": ["MDEwOlJlcG9zaXRvcnkxMzEyMDMyODE="],
    "name": ["PSO-Gene-Expression"],
    "full_name": ["michael-iuzzolino/PSO-Gene-Expression"],
    "private": [false],
    "owner": {
      "login": ["michael-iuzzolino"],
      "id": [21148987],
      "node_id": ["MDQ6VXNlcjIxMTQ4OTg3"],
      "avatar_url": ["https://avatars2.githubusercontent.com/u/21148987?v=4"],
      "gravatar_id": [""],
      "url": ["https://api.github.com/users/michael-iuzzolino"],
      "html_url": ["https://github.com/michael-iuzzolino"],
      "followers_url": ["https://api.github.com/users/michael-iuzzolino/followers"],
      "following_url": ["https://api.github.com/users/michael-iuzzolino/following{/other_user}"],
      "gists_url": ["https://api.github.com/users/michael-iuzzolino/gists{/gist_id}"],
      "starred_url": ["https://api.github.com/users/michael-iuzzolino/starred{/owner}{/repo}"],
      "subscriptions_url": ["https://api.github.com/users/michael-iuzzolino/subscriptions"],
      "organizations_url": ["https://api.github.com/users/michael-iuzzolino/orgs"],
      "repos_url": ["https://api.github.com/users/michael-iuzzolino/repos"],
      "events_url": ["https://api.github.com/users/michael-iuzzolino/events{/privacy}"],
      "received_events_url": ["https://api.github.com/users/michael-iuzzolino/received_events"],
      "type": ["User"],
      "site_admin": [false]
    },
    "html_url": ["https://github.com/michael-iuzzolino/PSO-Gene-Expression"],
    "description": {},
    "fork": [false],
    "url": ["https://api.github.com/repos/michael-iuzzolino/PSO-Gene-Expression"],
    "forks_url": ["https://api.github.com/repos/michael-iuzzolino/PSO-Gene-Expression/forks"],
    "keys_url": ["https://api.github.com/repos/michael-iuzzolino/PSO-Gene-Expression/keys{/key_id}"],
    "collaborators_url": ["https://api.github.com/repos/michael-iuzzolino/PSO-Gene-Expression/collaborators{/collaborator}"],
    "teams_url": ["https://api.github.com/repos/michael-iuzzolino/PSO-Gene-Expression/teams"],
    "hooks_url": ["https://api.github.com/repos/michael-iuzzolino/PSO-Gene-Expression/hooks"],
    "issue_events_url": ["https://api.github.com/repos/michael-iuzzolino/PSO-Gene-Expression/issues/events{/number}"],
    "events_url": ["https://api.github.com/repos/michael-iuzzolino/PSO-Gene-Expression/events"],
    "assignees_url": ["https://api.github.com/repos/michael-iuzzolino/PSO-Gene-Expression/assignees{/user}"],
    "branches_url": ["https://api.github.com/repos/michael-iuzzolino/PSO-Gene-Expression/branches{/branch}"],
    "tags_url": ["https://api.github.com/repos/michael-iuzzolino/PSO-Gene-Expression/tags"],
    "blobs_url": ["https://api.github.com/repos/michael-iuzzolino/PSO-Gene-Expression/git/blobs{/sha}"],
    "git_tags_url": ["https://api.github.com/repos/michael-iuzzolino/PSO-Gene-Expression/git/tags{/sha}"],
    "git_refs_url": ["https://api.github.com/repos/michael-iuzzolino/PSO-Gene-Expression/git/refs{/sha}"],
    "trees_url": ["https://api.github.com/repos/michael-iuzzolino/PSO-Gene-Expression/git/trees{/sha}"],
    "statuses_url": ["https://api.github.com/repos/michael-iuzzolino/PSO-Gene-Expression/statuses/{sha}"],
    "languages_url": ["https://api.github.com/repos/michael-iuzzolino/PSO-Gene-Expression/languages"],
    "stargazers_url": ["https://api.github.com/repos/michael-iuzzolino/PSO-Gene-Expression/stargazers"],
    "contributors_url": ["https://api.github.com/repos/michael-iuzzolino/PSO-Gene-Expression/contributors"],
    "subscribers_url": ["https://api.github.com/repos/michael-iuzzolino/PSO-Gene-Expression/subscribers"],
    "subscription_url": ["https://api.github.com/repos/michael-iuzzolino/PSO-Gene-Expression/subscription"],
    "commits_url": ["https://api.github.com/repos/michael-iuzzolino/PSO-Gene-Expression/commits{/sha}"],
    "git_commits_url": ["https://api.github.com/repos/michael-iuzzolino/PSO-Gene-Expression/git/commits{/sha}"],
    "comments_url": ["https://api.github.com/repos/michael-iuzzolino/PSO-Gene-Expression/comments{/number}"],
    "issue_comment_url": ["https://api.github.com/repos/michael-iuzzolino/PSO-Gene-Expression/issues/comments{/number}"],
    "contents_url": ["https://api.github.com/repos/michael-iuzzolino/PSO-Gene-Expression/contents/{+path}"],
    "compare_url": ["https://api.github.com/repos/michael-iuzzolino/PSO-Gene-Expression/compare/{base}...{head}"],
    "merges_url": ["https://api.github.com/repos/michael-iuzzolino/PSO-Gene-Expression/merges"],
    "archive_url": ["https://api.github.com/repos/michael-iuzzolino/PSO-Gene-Expression/{archive_format}{/ref}"],
    "downloads_url": ["https://api.github.com/repos/michael-iuzzolino/PSO-Gene-Expression/downloads"],
    "issues_url": ["https://api.github.com/repos/michael-iuzzolino/PSO-Gene-Expression/issues{/number}"],
    "pulls_url": ["https://api.github.com/repos/michael-iuzzolino/PSO-Gene-Expression/pulls{/number}"],
    "milestones_url": ["https://api.github.com/repos/michael-iuzzolino/PSO-Gene-Expression/milestones{/number}"],
    "notifications_url": ["https://api.github.com/repos/michael-iuzzolino/PSO-Gene-Expression/notifications{?since,all,participating}"],
    "labels_url": ["https://api.github.com/repos/michael-iuzzolino/PSO-Gene-Expression/labels{/name}"],
    "releases_url": ["https://api.github.com/repos/michael-iuzzolino/PSO-Gene-Expression/releases{/id}"],
    "deployments_url": ["https://api.github.com/repos/michael-iuzzolino/PSO-Gene-Expression/deployments"],
    "created_at": ["2018-04-26T19:47:25Z"],
    "updated_at": ["2018-05-03T08:12:13Z"],
    "pushed_at": ["2018-05-03T08:12:11Z"],
    "git_url": ["git://github.com/michael-iuzzolino/PSO-Gene-Expression.git"],
    "ssh_url": ["git@github.com:michael-iuzzolino/PSO-Gene-Expression.git"],
    "clone_url": ["https://github.com/michael-iuzzolino/PSO-Gene-Expression.git"],
    "svn_url": ["https://github.com/michael-iuzzolino/PSO-Gene-Expression"],
    "homepage": {},
    "size": [2269],
    "stargazers_count": [0],
    "watchers_count": [0],
    "language": ["Jupyter Notebook"],
    "has_issues": [true],
    "has_projects": [true],
    "has_downloads": [true],
    "has_wiki": [true],
    "has_pages": [false],
    "forks_count": [0],
    "mirror_url": {},
    "archived": [false],
    "disabled": [false],
    "open_issues_count": [0],
    "license": {},
    "forks": [0],
    "open_issues": [0],
    "watchers": [0],
    "default_branch": ["master"],
    "permissions": {
      "admin": [false],
      "push": [false],
      "pull": [true]
    }
  }
]
