[
  {
    "id": [146133641],
    "node_id": ["MDEwOlJlcG9zaXRvcnkxNDYxMzM2NDE="],
    "name": ["mnist-bn"],
    "full_name": ["michael-iuzzolino/mnist-bn"],
    "private": [false],
    "owner": {
      "login": ["michael-iuzzolino"],
      "id": [21148987],
      "node_id": ["MDQ6VXNlcjIxMTQ4OTg3"],
      "avatar_url": ["https://avatars2.githubusercontent.com/u/21148987?v=4"],
      "gravatar_id": [""],
      "url": ["https://api.github.com/users/michael-iuzzolino"],
      "html_url": ["https://github.com/michael-iuzzolino"],
      "followers_url": ["https://api.github.com/users/michael-iuzzolino/followers"],
      "following_url": ["https://api.github.com/users/michael-iuzzolino/following{/other_user}"],
      "gists_url": ["https://api.github.com/users/michael-iuzzolino/gists{/gist_id}"],
      "starred_url": ["https://api.github.com/users/michael-iuzzolino/starred{/owner}{/repo}"],
      "subscriptions_url": ["https://api.github.com/users/michael-iuzzolino/subscriptions"],
      "organizations_url": ["https://api.github.com/users/michael-iuzzolino/orgs"],
      "repos_url": ["https://api.github.com/users/michael-iuzzolino/repos"],
      "events_url": ["https://api.github.com/users/michael-iuzzolino/events{/privacy}"],
      "received_events_url": ["https://api.github.com/users/michael-iuzzolino/received_events"],
      "type": ["User"],
      "site_admin": [false]
    },
    "html_url": ["https://github.com/michael-iuzzolino/mnist-bn"],
    "description": ["Using slim to perform batch normalization"],
    "fork": [true],
    "url": ["https://api.github.com/repos/michael-iuzzolino/mnist-bn"],
    "forks_url": ["https://api.github.com/repos/michael-iuzzolino/mnist-bn/forks"],
    "keys_url": ["https://api.github.com/repos/michael-iuzzolino/mnist-bn/keys{/key_id}"],
    "collaborators_url": ["https://api.github.com/repos/michael-iuzzolino/mnist-bn/collaborators{/collaborator}"],
    "teams_url": ["https://api.github.com/repos/michael-iuzzolino/mnist-bn/teams"],
    "hooks_url": ["https://api.github.com/repos/michael-iuzzolino/mnist-bn/hooks"],
    "issue_events_url": ["https://api.github.com/repos/michael-iuzzolino/mnist-bn/issues/events{/number}"],
    "events_url": ["https://api.github.com/repos/michael-iuzzolino/mnist-bn/events"],
    "assignees_url": ["https://api.github.com/repos/michael-iuzzolino/mnist-bn/assignees{/user}"],
    "branches_url": ["https://api.github.com/repos/michael-iuzzolino/mnist-bn/branches{/branch}"],
    "tags_url": ["https://api.github.com/repos/michael-iuzzolino/mnist-bn/tags"],
    "blobs_url": ["https://api.github.com/repos/michael-iuzzolino/mnist-bn/git/blobs{/sha}"],
    "git_tags_url": ["https://api.github.com/repos/michael-iuzzolino/mnist-bn/git/tags{/sha}"],
    "git_refs_url": ["https://api.github.com/repos/michael-iuzzolino/mnist-bn/git/refs{/sha}"],
    "trees_url": ["https://api.github.com/repos/michael-iuzzolino/mnist-bn/git/trees{/sha}"],
    "statuses_url": ["https://api.github.com/repos/michael-iuzzolino/mnist-bn/statuses/{sha}"],
    "languages_url": ["https://api.github.com/repos/michael-iuzzolino/mnist-bn/languages"],
    "stargazers_url": ["https://api.github.com/repos/michael-iuzzolino/mnist-bn/stargazers"],
    "contributors_url": ["https://api.github.com/repos/michael-iuzzolino/mnist-bn/contributors"],
    "subscribers_url": ["https://api.github.com/repos/michael-iuzzolino/mnist-bn/subscribers"],
    "subscription_url": ["https://api.github.com/repos/michael-iuzzolino/mnist-bn/subscription"],
    "commits_url": ["https://api.github.com/repos/michael-iuzzolino/mnist-bn/commits{/sha}"],
    "git_commits_url": ["https://api.github.com/repos/michael-iuzzolino/mnist-bn/git/commits{/sha}"],
    "comments_url": ["https://api.github.com/repos/michael-iuzzolino/mnist-bn/comments{/number}"],
    "issue_comment_url": ["https://api.github.com/repos/michael-iuzzolino/mnist-bn/issues/comments{/number}"],
    "contents_url": ["https://api.github.com/repos/michael-iuzzolino/mnist-bn/contents/{+path}"],
    "compare_url": ["https://api.github.com/repos/michael-iuzzolino/mnist-bn/compare/{base}...{head}"],
    "merges_url": ["https://api.github.com/repos/michael-iuzzolino/mnist-bn/merges"],
    "archive_url": ["https://api.github.com/repos/michael-iuzzolino/mnist-bn/{archive_format}{/ref}"],
    "downloads_url": ["https://api.github.com/repos/michael-iuzzolino/mnist-bn/downloads"],
    "issues_url": ["https://api.github.com/repos/michael-iuzzolino/mnist-bn/issues{/number}"],
    "pulls_url": ["https://api.github.com/repos/michael-iuzzolino/mnist-bn/pulls{/number}"],
    "milestones_url": ["https://api.github.com/repos/michael-iuzzolino/mnist-bn/milestones{/number}"],
    "notifications_url": ["https://api.github.com/repos/michael-iuzzolino/mnist-bn/notifications{?since,all,participating}"],
    "labels_url": ["https://api.github.com/repos/michael-iuzzolino/mnist-bn/labels{/name}"],
    "releases_url": ["https://api.github.com/repos/michael-iuzzolino/mnist-bn/releases{/id}"],
    "deployments_url": ["https://api.github.com/repos/michael-iuzzolino/mnist-bn/deployments"],
    "created_at": ["2018-08-25T22:23:42Z"],
    "updated_at": ["2018-08-25T22:23:44Z"],
    "pushed_at": ["2017-06-21T02:55:40Z"],
    "git_url": ["git://github.com/michael-iuzzolino/mnist-bn.git"],
    "ssh_url": ["git@github.com:michael-iuzzolino/mnist-bn.git"],
    "clone_url": ["https://github.com/michael-iuzzolino/mnist-bn.git"],
    "svn_url": ["https://github.com/michael-iuzzolino/mnist-bn"],
    "homepage": {},
    "size": [735],
    "stargazers_count": [0],
    "watchers_count": [0],
    "language": ["Python"],
    "has_issues": [false],
    "has_projects": [true],
    "has_downloads": [true],
    "has_wiki": [true],
    "has_pages": [false],
    "forks_count": [0],
    "mirror_url": {},
    "archived": [false],
    "disabled": [false],
    "open_issues_count": [0],
    "license": {},
    "forks": [0],
    "open_issues": [0],
    "watchers": [0],
    "default_branch": ["master"],
    "permissions": {
      "admin": [false],
      "push": [false],
      "pull": [true]
    }
  }
]
