[
  {
    "id": [118687695],
    "node_id": ["MDEwOlJlcG9zaXRvcnkxMTg2ODc2OTU="],
    "name": ["webweb"],
    "full_name": ["michael-iuzzolino/webweb"],
    "private": [false],
    "owner": {
      "login": ["michael-iuzzolino"],
      "id": [21148987],
      "node_id": ["MDQ6VXNlcjIxMTQ4OTg3"],
      "avatar_url": ["https://avatars2.githubusercontent.com/u/21148987?v=4"],
      "gravatar_id": [""],
      "url": ["https://api.github.com/users/michael-iuzzolino"],
      "html_url": ["https://github.com/michael-iuzzolino"],
      "followers_url": ["https://api.github.com/users/michael-iuzzolino/followers"],
      "following_url": ["https://api.github.com/users/michael-iuzzolino/following{/other_user}"],
      "gists_url": ["https://api.github.com/users/michael-iuzzolino/gists{/gist_id}"],
      "starred_url": ["https://api.github.com/users/michael-iuzzolino/starred{/owner}{/repo}"],
      "subscriptions_url": ["https://api.github.com/users/michael-iuzzolino/subscriptions"],
      "organizations_url": ["https://api.github.com/users/michael-iuzzolino/orgs"],
      "repos_url": ["https://api.github.com/users/michael-iuzzolino/repos"],
      "events_url": ["https://api.github.com/users/michael-iuzzolino/events{/privacy}"],
      "received_events_url": ["https://api.github.com/users/michael-iuzzolino/received_events"],
      "type": ["User"],
      "site_admin": [false]
    },
    "html_url": ["https://github.com/michael-iuzzolino/webweb"],
    "description": ["MATLAB + d3js. Webweb is a tool for creating interactive visualizations of networks on the web. "],
    "fork": [true],
    "url": ["https://api.github.com/repos/michael-iuzzolino/webweb"],
    "forks_url": ["https://api.github.com/repos/michael-iuzzolino/webweb/forks"],
    "keys_url": ["https://api.github.com/repos/michael-iuzzolino/webweb/keys{/key_id}"],
    "collaborators_url": ["https://api.github.com/repos/michael-iuzzolino/webweb/collaborators{/collaborator}"],
    "teams_url": ["https://api.github.com/repos/michael-iuzzolino/webweb/teams"],
    "hooks_url": ["https://api.github.com/repos/michael-iuzzolino/webweb/hooks"],
    "issue_events_url": ["https://api.github.com/repos/michael-iuzzolino/webweb/issues/events{/number}"],
    "events_url": ["https://api.github.com/repos/michael-iuzzolino/webweb/events"],
    "assignees_url": ["https://api.github.com/repos/michael-iuzzolino/webweb/assignees{/user}"],
    "branches_url": ["https://api.github.com/repos/michael-iuzzolino/webweb/branches{/branch}"],
    "tags_url": ["https://api.github.com/repos/michael-iuzzolino/webweb/tags"],
    "blobs_url": ["https://api.github.com/repos/michael-iuzzolino/webweb/git/blobs{/sha}"],
    "git_tags_url": ["https://api.github.com/repos/michael-iuzzolino/webweb/git/tags{/sha}"],
    "git_refs_url": ["https://api.github.com/repos/michael-iuzzolino/webweb/git/refs{/sha}"],
    "trees_url": ["https://api.github.com/repos/michael-iuzzolino/webweb/git/trees{/sha}"],
    "statuses_url": ["https://api.github.com/repos/michael-iuzzolino/webweb/statuses/{sha}"],
    "languages_url": ["https://api.github.com/repos/michael-iuzzolino/webweb/languages"],
    "stargazers_url": ["https://api.github.com/repos/michael-iuzzolino/webweb/stargazers"],
    "contributors_url": ["https://api.github.com/repos/michael-iuzzolino/webweb/contributors"],
    "subscribers_url": ["https://api.github.com/repos/michael-iuzzolino/webweb/subscribers"],
    "subscription_url": ["https://api.github.com/repos/michael-iuzzolino/webweb/subscription"],
    "commits_url": ["https://api.github.com/repos/michael-iuzzolino/webweb/commits{/sha}"],
    "git_commits_url": ["https://api.github.com/repos/michael-iuzzolino/webweb/git/commits{/sha}"],
    "comments_url": ["https://api.github.com/repos/michael-iuzzolino/webweb/comments{/number}"],
    "issue_comment_url": ["https://api.github.com/repos/michael-iuzzolino/webweb/issues/comments{/number}"],
    "contents_url": ["https://api.github.com/repos/michael-iuzzolino/webweb/contents/{+path}"],
    "compare_url": ["https://api.github.com/repos/michael-iuzzolino/webweb/compare/{base}...{head}"],
    "merges_url": ["https://api.github.com/repos/michael-iuzzolino/webweb/merges"],
    "archive_url": ["https://api.github.com/repos/michael-iuzzolino/webweb/{archive_format}{/ref}"],
    "downloads_url": ["https://api.github.com/repos/michael-iuzzolino/webweb/downloads"],
    "issues_url": ["https://api.github.com/repos/michael-iuzzolino/webweb/issues{/number}"],
    "pulls_url": ["https://api.github.com/repos/michael-iuzzolino/webweb/pulls{/number}"],
    "milestones_url": ["https://api.github.com/repos/michael-iuzzolino/webweb/milestones{/number}"],
    "notifications_url": ["https://api.github.com/repos/michael-iuzzolino/webweb/notifications{?since,all,participating}"],
    "labels_url": ["https://api.github.com/repos/michael-iuzzolino/webweb/labels{/name}"],
    "releases_url": ["https://api.github.com/repos/michael-iuzzolino/webweb/releases{/id}"],
    "deployments_url": ["https://api.github.com/repos/michael-iuzzolino/webweb/deployments"],
    "created_at": ["2018-01-24T00:14:31Z"],
    "updated_at": ["2018-01-24T00:14:34Z"],
    "pushed_at": ["2018-02-05T00:22:45Z"],
    "git_url": ["git://github.com/michael-iuzzolino/webweb.git"],
    "ssh_url": ["git@github.com:michael-iuzzolino/webweb.git"],
    "clone_url": ["https://github.com/michael-iuzzolino/webweb.git"],
    "svn_url": ["https://github.com/michael-iuzzolino/webweb"],
    "homepage": {},
    "size": [312],
    "stargazers_count": [0],
    "watchers_count": [0],
    "language": ["JavaScript"],
    "has_issues": [false],
    "has_projects": [true],
    "has_downloads": [true],
    "has_wiki": [true],
    "has_pages": [false],
    "forks_count": [0],
    "mirror_url": {},
    "archived": [false],
    "disabled": [false],
    "open_issues_count": [0],
    "license": {},
    "forks": [0],
    "open_issues": [0],
    "watchers": [0],
    "default_branch": ["master"],
    "permissions": {
      "admin": [false],
      "push": [false],
      "pull": [true]
    }
  }
]
