[
  {
    "id": [110934101],
    "node_id": ["MDEwOlJlcG9zaXRvcnkxMTA5MzQxMDE="],
    "name": ["TensorFlow-Examples"],
    "full_name": ["michael-iuzzolino/TensorFlow-Examples"],
    "private": [false],
    "owner": {
      "login": ["michael-iuzzolino"],
      "id": [21148987],
      "node_id": ["MDQ6VXNlcjIxMTQ4OTg3"],
      "avatar_url": ["https://avatars2.githubusercontent.com/u/21148987?v=4"],
      "gravatar_id": [""],
      "url": ["https://api.github.com/users/michael-iuzzolino"],
      "html_url": ["https://github.com/michael-iuzzolino"],
      "followers_url": ["https://api.github.com/users/michael-iuzzolino/followers"],
      "following_url": ["https://api.github.com/users/michael-iuzzolino/following{/other_user}"],
      "gists_url": ["https://api.github.com/users/michael-iuzzolino/gists{/gist_id}"],
      "starred_url": ["https://api.github.com/users/michael-iuzzolino/starred{/owner}{/repo}"],
      "subscriptions_url": ["https://api.github.com/users/michael-iuzzolino/subscriptions"],
      "organizations_url": ["https://api.github.com/users/michael-iuzzolino/orgs"],
      "repos_url": ["https://api.github.com/users/michael-iuzzolino/repos"],
      "events_url": ["https://api.github.com/users/michael-iuzzolino/events{/privacy}"],
      "received_events_url": ["https://api.github.com/users/michael-iuzzolino/received_events"],
      "type": ["User"],
      "site_admin": [false]
    },
    "html_url": ["https://github.com/michael-iuzzolino/TensorFlow-Examples"],
    "description": ["TensorFlow Tutorial and Examples for Beginners with Latest APIs"],
    "fork": [true],
    "url": ["https://api.github.com/repos/michael-iuzzolino/TensorFlow-Examples"],
    "forks_url": ["https://api.github.com/repos/michael-iuzzolino/TensorFlow-Examples/forks"],
    "keys_url": ["https://api.github.com/repos/michael-iuzzolino/TensorFlow-Examples/keys{/key_id}"],
    "collaborators_url": ["https://api.github.com/repos/michael-iuzzolino/TensorFlow-Examples/collaborators{/collaborator}"],
    "teams_url": ["https://api.github.com/repos/michael-iuzzolino/TensorFlow-Examples/teams"],
    "hooks_url": ["https://api.github.com/repos/michael-iuzzolino/TensorFlow-Examples/hooks"],
    "issue_events_url": ["https://api.github.com/repos/michael-iuzzolino/TensorFlow-Examples/issues/events{/number}"],
    "events_url": ["https://api.github.com/repos/michael-iuzzolino/TensorFlow-Examples/events"],
    "assignees_url": ["https://api.github.com/repos/michael-iuzzolino/TensorFlow-Examples/assignees{/user}"],
    "branches_url": ["https://api.github.com/repos/michael-iuzzolino/TensorFlow-Examples/branches{/branch}"],
    "tags_url": ["https://api.github.com/repos/michael-iuzzolino/TensorFlow-Examples/tags"],
    "blobs_url": ["https://api.github.com/repos/michael-iuzzolino/TensorFlow-Examples/git/blobs{/sha}"],
    "git_tags_url": ["https://api.github.com/repos/michael-iuzzolino/TensorFlow-Examples/git/tags{/sha}"],
    "git_refs_url": ["https://api.github.com/repos/michael-iuzzolino/TensorFlow-Examples/git/refs{/sha}"],
    "trees_url": ["https://api.github.com/repos/michael-iuzzolino/TensorFlow-Examples/git/trees{/sha}"],
    "statuses_url": ["https://api.github.com/repos/michael-iuzzolino/TensorFlow-Examples/statuses/{sha}"],
    "languages_url": ["https://api.github.com/repos/michael-iuzzolino/TensorFlow-Examples/languages"],
    "stargazers_url": ["https://api.github.com/repos/michael-iuzzolino/TensorFlow-Examples/stargazers"],
    "contributors_url": ["https://api.github.com/repos/michael-iuzzolino/TensorFlow-Examples/contributors"],
    "subscribers_url": ["https://api.github.com/repos/michael-iuzzolino/TensorFlow-Examples/subscribers"],
    "subscription_url": ["https://api.github.com/repos/michael-iuzzolino/TensorFlow-Examples/subscription"],
    "commits_url": ["https://api.github.com/repos/michael-iuzzolino/TensorFlow-Examples/commits{/sha}"],
    "git_commits_url": ["https://api.github.com/repos/michael-iuzzolino/TensorFlow-Examples/git/commits{/sha}"],
    "comments_url": ["https://api.github.com/repos/michael-iuzzolino/TensorFlow-Examples/comments{/number}"],
    "issue_comment_url": ["https://api.github.com/repos/michael-iuzzolino/TensorFlow-Examples/issues/comments{/number}"],
    "contents_url": ["https://api.github.com/repos/michael-iuzzolino/TensorFlow-Examples/contents/{+path}"],
    "compare_url": ["https://api.github.com/repos/michael-iuzzolino/TensorFlow-Examples/compare/{base}...{head}"],
    "merges_url": ["https://api.github.com/repos/michael-iuzzolino/TensorFlow-Examples/merges"],
    "archive_url": ["https://api.github.com/repos/michael-iuzzolino/TensorFlow-Examples/{archive_format}{/ref}"],
    "downloads_url": ["https://api.github.com/repos/michael-iuzzolino/TensorFlow-Examples/downloads"],
    "issues_url": ["https://api.github.com/repos/michael-iuzzolino/TensorFlow-Examples/issues{/number}"],
    "pulls_url": ["https://api.github.com/repos/michael-iuzzolino/TensorFlow-Examples/pulls{/number}"],
    "milestones_url": ["https://api.github.com/repos/michael-iuzzolino/TensorFlow-Examples/milestones{/number}"],
    "notifications_url": ["https://api.github.com/repos/michael-iuzzolino/TensorFlow-Examples/notifications{?since,all,participating}"],
    "labels_url": ["https://api.github.com/repos/michael-iuzzolino/TensorFlow-Examples/labels{/name}"],
    "releases_url": ["https://api.github.com/repos/michael-iuzzolino/TensorFlow-Examples/releases{/id}"],
    "deployments_url": ["https://api.github.com/repos/michael-iuzzolino/TensorFlow-Examples/deployments"],
    "created_at": ["2017-11-16T06:45:44Z"],
    "updated_at": ["2017-11-16T06:45:47Z"],
    "pushed_at": ["2017-11-08T13:50:06Z"],
    "git_url": ["git://github.com/michael-iuzzolino/TensorFlow-Examples.git"],
    "ssh_url": ["git@github.com:michael-iuzzolino/TensorFlow-Examples.git"],
    "clone_url": ["https://github.com/michael-iuzzolino/TensorFlow-Examples.git"],
    "svn_url": ["https://github.com/michael-iuzzolino/TensorFlow-Examples"],
    "homepage": ["https://tensorflow.org"],
    "size": [6071],
    "stargazers_count": [0],
    "watchers_count": [0],
    "language": ["Jupyter Notebook"],
    "has_issues": [false],
    "has_projects": [true],
    "has_downloads": [true],
    "has_wiki": [true],
    "has_pages": [false],
    "forks_count": [0],
    "mirror_url": {},
    "archived": [false],
    "disabled": [false],
    "open_issues_count": [0],
    "license": {
      "key": ["other"],
      "name": ["Other"],
      "spdx_id": ["NOASSERTION"],
      "url": {},
      "node_id": ["MDc6TGljZW5zZTA="]
    },
    "forks": [0],
    "open_issues": [0],
    "watchers": [0],
    "default_branch": ["master"],
    "permissions": {
      "admin": [false],
      "push": [false],
      "pull": [true]
    }
  }
]
