[
  {
    "id": [84340106],
    "node_id": ["MDEwOlJlcG9zaXRvcnk4NDM0MDEwNg=="],
    "name": ["CSCI-1300-Spring2017"],
    "full_name": ["michael-iuzzolino/CSCI-1300-Spring2017"],
    "private": [false],
    "owner": {
      "login": ["michael-iuzzolino"],
      "id": [21148987],
      "node_id": ["MDQ6VXNlcjIxMTQ4OTg3"],
      "avatar_url": ["https://avatars2.githubusercontent.com/u/21148987?v=4"],
      "gravatar_id": [""],
      "url": ["https://api.github.com/users/michael-iuzzolino"],
      "html_url": ["https://github.com/michael-iuzzolino"],
      "followers_url": ["https://api.github.com/users/michael-iuzzolino/followers"],
      "following_url": ["https://api.github.com/users/michael-iuzzolino/following{/other_user}"],
      "gists_url": ["https://api.github.com/users/michael-iuzzolino/gists{/gist_id}"],
      "starred_url": ["https://api.github.com/users/michael-iuzzolino/starred{/owner}{/repo}"],
      "subscriptions_url": ["https://api.github.com/users/michael-iuzzolino/subscriptions"],
      "organizations_url": ["https://api.github.com/users/michael-iuzzolino/orgs"],
      "repos_url": ["https://api.github.com/users/michael-iuzzolino/repos"],
      "events_url": ["https://api.github.com/users/michael-iuzzolino/events{/privacy}"],
      "received_events_url": ["https://api.github.com/users/michael-iuzzolino/received_events"],
      "type": ["User"],
      "site_admin": [false]
    },
    "html_url": ["https://github.com/michael-iuzzolino/CSCI-1300-Spring2017"],
    "description": {},
    "fork": [false],
    "url": ["https://api.github.com/repos/michael-iuzzolino/CSCI-1300-Spring2017"],
    "forks_url": ["https://api.github.com/repos/michael-iuzzolino/CSCI-1300-Spring2017/forks"],
    "keys_url": ["https://api.github.com/repos/michael-iuzzolino/CSCI-1300-Spring2017/keys{/key_id}"],
    "collaborators_url": ["https://api.github.com/repos/michael-iuzzolino/CSCI-1300-Spring2017/collaborators{/collaborator}"],
    "teams_url": ["https://api.github.com/repos/michael-iuzzolino/CSCI-1300-Spring2017/teams"],
    "hooks_url": ["https://api.github.com/repos/michael-iuzzolino/CSCI-1300-Spring2017/hooks"],
    "issue_events_url": ["https://api.github.com/repos/michael-iuzzolino/CSCI-1300-Spring2017/issues/events{/number}"],
    "events_url": ["https://api.github.com/repos/michael-iuzzolino/CSCI-1300-Spring2017/events"],
    "assignees_url": ["https://api.github.com/repos/michael-iuzzolino/CSCI-1300-Spring2017/assignees{/user}"],
    "branches_url": ["https://api.github.com/repos/michael-iuzzolino/CSCI-1300-Spring2017/branches{/branch}"],
    "tags_url": ["https://api.github.com/repos/michael-iuzzolino/CSCI-1300-Spring2017/tags"],
    "blobs_url": ["https://api.github.com/repos/michael-iuzzolino/CSCI-1300-Spring2017/git/blobs{/sha}"],
    "git_tags_url": ["https://api.github.com/repos/michael-iuzzolino/CSCI-1300-Spring2017/git/tags{/sha}"],
    "git_refs_url": ["https://api.github.com/repos/michael-iuzzolino/CSCI-1300-Spring2017/git/refs{/sha}"],
    "trees_url": ["https://api.github.com/repos/michael-iuzzolino/CSCI-1300-Spring2017/git/trees{/sha}"],
    "statuses_url": ["https://api.github.com/repos/michael-iuzzolino/CSCI-1300-Spring2017/statuses/{sha}"],
    "languages_url": ["https://api.github.com/repos/michael-iuzzolino/CSCI-1300-Spring2017/languages"],
    "stargazers_url": ["https://api.github.com/repos/michael-iuzzolino/CSCI-1300-Spring2017/stargazers"],
    "contributors_url": ["https://api.github.com/repos/michael-iuzzolino/CSCI-1300-Spring2017/contributors"],
    "subscribers_url": ["https://api.github.com/repos/michael-iuzzolino/CSCI-1300-Spring2017/subscribers"],
    "subscription_url": ["https://api.github.com/repos/michael-iuzzolino/CSCI-1300-Spring2017/subscription"],
    "commits_url": ["https://api.github.com/repos/michael-iuzzolino/CSCI-1300-Spring2017/commits{/sha}"],
    "git_commits_url": ["https://api.github.com/repos/michael-iuzzolino/CSCI-1300-Spring2017/git/commits{/sha}"],
    "comments_url": ["https://api.github.com/repos/michael-iuzzolino/CSCI-1300-Spring2017/comments{/number}"],
    "issue_comment_url": ["https://api.github.com/repos/michael-iuzzolino/CSCI-1300-Spring2017/issues/comments{/number}"],
    "contents_url": ["https://api.github.com/repos/michael-iuzzolino/CSCI-1300-Spring2017/contents/{+path}"],
    "compare_url": ["https://api.github.com/repos/michael-iuzzolino/CSCI-1300-Spring2017/compare/{base}...{head}"],
    "merges_url": ["https://api.github.com/repos/michael-iuzzolino/CSCI-1300-Spring2017/merges"],
    "archive_url": ["https://api.github.com/repos/michael-iuzzolino/CSCI-1300-Spring2017/{archive_format}{/ref}"],
    "downloads_url": ["https://api.github.com/repos/michael-iuzzolino/CSCI-1300-Spring2017/downloads"],
    "issues_url": ["https://api.github.com/repos/michael-iuzzolino/CSCI-1300-Spring2017/issues{/number}"],
    "pulls_url": ["https://api.github.com/repos/michael-iuzzolino/CSCI-1300-Spring2017/pulls{/number}"],
    "milestones_url": ["https://api.github.com/repos/michael-iuzzolino/CSCI-1300-Spring2017/milestones{/number}"],
    "notifications_url": ["https://api.github.com/repos/michael-iuzzolino/CSCI-1300-Spring2017/notifications{?since,all,participating}"],
    "labels_url": ["https://api.github.com/repos/michael-iuzzolino/CSCI-1300-Spring2017/labels{/name}"],
    "releases_url": ["https://api.github.com/repos/michael-iuzzolino/CSCI-1300-Spring2017/releases{/id}"],
    "deployments_url": ["https://api.github.com/repos/michael-iuzzolino/CSCI-1300-Spring2017/deployments"],
    "created_at": ["2017-03-08T16:09:21Z"],
    "updated_at": ["2017-05-11T20:27:09Z"],
    "pushed_at": ["2017-05-11T20:29:03Z"],
    "git_url": ["git://github.com/michael-iuzzolino/CSCI-1300-Spring2017.git"],
    "ssh_url": ["git@github.com:michael-iuzzolino/CSCI-1300-Spring2017.git"],
    "clone_url": ["https://github.com/michael-iuzzolino/CSCI-1300-Spring2017.git"],
    "svn_url": ["https://github.com/michael-iuzzolino/CSCI-1300-Spring2017"],
    "homepage": {},
    "size": [860],
    "stargazers_count": [0],
    "watchers_count": [0],
    "language": ["Python"],
    "has_issues": [true],
    "has_projects": [true],
    "has_downloads": [true],
    "has_wiki": [true],
    "has_pages": [false],
    "forks_count": [0],
    "mirror_url": {},
    "archived": [false],
    "disabled": [false],
    "open_issues_count": [0],
    "license": {},
    "forks": [0],
    "open_issues": [0],
    "watchers": [0],
    "default_branch": ["master"],
    "permissions": {
      "admin": [false],
      "push": [false],
      "pull": [true]
    }
  }
]
