[
  {
    "id": [139501907],
    "node_id": ["MDEwOlJlcG9zaXRvcnkxMzk1MDE5MDc="],
    "name": ["michael-iuzzolino.github.io"],
    "full_name": ["michael-iuzzolino/michael-iuzzolino.github.io"],
    "private": [false],
    "owner": {
      "login": ["michael-iuzzolino"],
      "id": [21148987],
      "node_id": ["MDQ6VXNlcjIxMTQ4OTg3"],
      "avatar_url": ["https://avatars2.githubusercontent.com/u/21148987?v=4"],
      "gravatar_id": [""],
      "url": ["https://api.github.com/users/michael-iuzzolino"],
      "html_url": ["https://github.com/michael-iuzzolino"],
      "followers_url": ["https://api.github.com/users/michael-iuzzolino/followers"],
      "following_url": ["https://api.github.com/users/michael-iuzzolino/following{/other_user}"],
      "gists_url": ["https://api.github.com/users/michael-iuzzolino/gists{/gist_id}"],
      "starred_url": ["https://api.github.com/users/michael-iuzzolino/starred{/owner}{/repo}"],
      "subscriptions_url": ["https://api.github.com/users/michael-iuzzolino/subscriptions"],
      "organizations_url": ["https://api.github.com/users/michael-iuzzolino/orgs"],
      "repos_url": ["https://api.github.com/users/michael-iuzzolino/repos"],
      "events_url": ["https://api.github.com/users/michael-iuzzolino/events{/privacy}"],
      "received_events_url": ["https://api.github.com/users/michael-iuzzolino/received_events"],
      "type": ["User"],
      "site_admin": [false]
    },
    "html_url": ["https://github.com/michael-iuzzolino/michael-iuzzolino.github.io"],
    "description": {},
    "fork": [false],
    "url": ["https://api.github.com/repos/michael-iuzzolino/michael-iuzzolino.github.io"],
    "forks_url": ["https://api.github.com/repos/michael-iuzzolino/michael-iuzzolino.github.io/forks"],
    "keys_url": ["https://api.github.com/repos/michael-iuzzolino/michael-iuzzolino.github.io/keys{/key_id}"],
    "collaborators_url": ["https://api.github.com/repos/michael-iuzzolino/michael-iuzzolino.github.io/collaborators{/collaborator}"],
    "teams_url": ["https://api.github.com/repos/michael-iuzzolino/michael-iuzzolino.github.io/teams"],
    "hooks_url": ["https://api.github.com/repos/michael-iuzzolino/michael-iuzzolino.github.io/hooks"],
    "issue_events_url": ["https://api.github.com/repos/michael-iuzzolino/michael-iuzzolino.github.io/issues/events{/number}"],
    "events_url": ["https://api.github.com/repos/michael-iuzzolino/michael-iuzzolino.github.io/events"],
    "assignees_url": ["https://api.github.com/repos/michael-iuzzolino/michael-iuzzolino.github.io/assignees{/user}"],
    "branches_url": ["https://api.github.com/repos/michael-iuzzolino/michael-iuzzolino.github.io/branches{/branch}"],
    "tags_url": ["https://api.github.com/repos/michael-iuzzolino/michael-iuzzolino.github.io/tags"],
    "blobs_url": ["https://api.github.com/repos/michael-iuzzolino/michael-iuzzolino.github.io/git/blobs{/sha}"],
    "git_tags_url": ["https://api.github.com/repos/michael-iuzzolino/michael-iuzzolino.github.io/git/tags{/sha}"],
    "git_refs_url": ["https://api.github.com/repos/michael-iuzzolino/michael-iuzzolino.github.io/git/refs{/sha}"],
    "trees_url": ["https://api.github.com/repos/michael-iuzzolino/michael-iuzzolino.github.io/git/trees{/sha}"],
    "statuses_url": ["https://api.github.com/repos/michael-iuzzolino/michael-iuzzolino.github.io/statuses/{sha}"],
    "languages_url": ["https://api.github.com/repos/michael-iuzzolino/michael-iuzzolino.github.io/languages"],
    "stargazers_url": ["https://api.github.com/repos/michael-iuzzolino/michael-iuzzolino.github.io/stargazers"],
    "contributors_url": ["https://api.github.com/repos/michael-iuzzolino/michael-iuzzolino.github.io/contributors"],
    "subscribers_url": ["https://api.github.com/repos/michael-iuzzolino/michael-iuzzolino.github.io/subscribers"],
    "subscription_url": ["https://api.github.com/repos/michael-iuzzolino/michael-iuzzolino.github.io/subscription"],
    "commits_url": ["https://api.github.com/repos/michael-iuzzolino/michael-iuzzolino.github.io/commits{/sha}"],
    "git_commits_url": ["https://api.github.com/repos/michael-iuzzolino/michael-iuzzolino.github.io/git/commits{/sha}"],
    "comments_url": ["https://api.github.com/repos/michael-iuzzolino/michael-iuzzolino.github.io/comments{/number}"],
    "issue_comment_url": ["https://api.github.com/repos/michael-iuzzolino/michael-iuzzolino.github.io/issues/comments{/number}"],
    "contents_url": ["https://api.github.com/repos/michael-iuzzolino/michael-iuzzolino.github.io/contents/{+path}"],
    "compare_url": ["https://api.github.com/repos/michael-iuzzolino/michael-iuzzolino.github.io/compare/{base}...{head}"],
    "merges_url": ["https://api.github.com/repos/michael-iuzzolino/michael-iuzzolino.github.io/merges"],
    "archive_url": ["https://api.github.com/repos/michael-iuzzolino/michael-iuzzolino.github.io/{archive_format}{/ref}"],
    "downloads_url": ["https://api.github.com/repos/michael-iuzzolino/michael-iuzzolino.github.io/downloads"],
    "issues_url": ["https://api.github.com/repos/michael-iuzzolino/michael-iuzzolino.github.io/issues{/number}"],
    "pulls_url": ["https://api.github.com/repos/michael-iuzzolino/michael-iuzzolino.github.io/pulls{/number}"],
    "milestones_url": ["https://api.github.com/repos/michael-iuzzolino/michael-iuzzolino.github.io/milestones{/number}"],
    "notifications_url": ["https://api.github.com/repos/michael-iuzzolino/michael-iuzzolino.github.io/notifications{?since,all,participating}"],
    "labels_url": ["https://api.github.com/repos/michael-iuzzolino/michael-iuzzolino.github.io/labels{/name}"],
    "releases_url": ["https://api.github.com/repos/michael-iuzzolino/michael-iuzzolino.github.io/releases{/id}"],
    "deployments_url": ["https://api.github.com/repos/michael-iuzzolino/michael-iuzzolino.github.io/deployments"],
    "created_at": ["2018-07-02T22:41:18Z"],
    "updated_at": ["2018-07-02T22:47:11Z"],
    "pushed_at": ["2018-07-02T22:47:09Z"],
    "git_url": ["git://github.com/michael-iuzzolino/michael-iuzzolino.github.io.git"],
    "ssh_url": ["git@github.com:michael-iuzzolino/michael-iuzzolino.github.io.git"],
    "clone_url": ["https://github.com/michael-iuzzolino/michael-iuzzolino.github.io.git"],
    "svn_url": ["https://github.com/michael-iuzzolino/michael-iuzzolino.github.io"],
    "homepage": {},
    "size": [1985],
    "stargazers_count": [0],
    "watchers_count": [0],
    "language": ["CSS"],
    "has_issues": [true],
    "has_projects": [true],
    "has_downloads": [true],
    "has_wiki": [true],
    "has_pages": [true],
    "forks_count": [0],
    "mirror_url": {},
    "archived": [false],
    "disabled": [false],
    "open_issues_count": [0],
    "license": {
      "key": ["other"],
      "name": ["Other"],
      "spdx_id": ["NOASSERTION"],
      "url": {},
      "node_id": ["MDc6TGljZW5zZTA="]
    },
    "forks": [0],
    "open_issues": [0],
    "watchers": [0],
    "default_branch": ["master"],
    "permissions": {
      "admin": [false],
      "push": [false],
      "pull": [true]
    }
  }
]
