[
  {
    "id": [95281285],
    "node_id": ["MDEwOlJlcG9zaXRvcnk5NTI4MTI4NQ=="],
    "name": ["hri_music_puzzle_task"],
    "full_name": ["michael-iuzzolino/hri_music_puzzle_task"],
    "private": [false],
    "owner": {
      "login": ["michael-iuzzolino"],
      "id": [21148987],
      "node_id": ["MDQ6VXNlcjIxMTQ4OTg3"],
      "avatar_url": ["https://avatars2.githubusercontent.com/u/21148987?v=4"],
      "gravatar_id": [""],
      "url": ["https://api.github.com/users/michael-iuzzolino"],
      "html_url": ["https://github.com/michael-iuzzolino"],
      "followers_url": ["https://api.github.com/users/michael-iuzzolino/followers"],
      "following_url": ["https://api.github.com/users/michael-iuzzolino/following{/other_user}"],
      "gists_url": ["https://api.github.com/users/michael-iuzzolino/gists{/gist_id}"],
      "starred_url": ["https://api.github.com/users/michael-iuzzolino/starred{/owner}{/repo}"],
      "subscriptions_url": ["https://api.github.com/users/michael-iuzzolino/subscriptions"],
      "organizations_url": ["https://api.github.com/users/michael-iuzzolino/orgs"],
      "repos_url": ["https://api.github.com/users/michael-iuzzolino/repos"],
      "events_url": ["https://api.github.com/users/michael-iuzzolino/events{/privacy}"],
      "received_events_url": ["https://api.github.com/users/michael-iuzzolino/received_events"],
      "type": ["User"],
      "site_admin": [false]
    },
    "html_url": ["https://github.com/michael-iuzzolino/hri_music_puzzle_task"],
    "description": {},
    "fork": [false],
    "url": ["https://api.github.com/repos/michael-iuzzolino/hri_music_puzzle_task"],
    "forks_url": ["https://api.github.com/repos/michael-iuzzolino/hri_music_puzzle_task/forks"],
    "keys_url": ["https://api.github.com/repos/michael-iuzzolino/hri_music_puzzle_task/keys{/key_id}"],
    "collaborators_url": ["https://api.github.com/repos/michael-iuzzolino/hri_music_puzzle_task/collaborators{/collaborator}"],
    "teams_url": ["https://api.github.com/repos/michael-iuzzolino/hri_music_puzzle_task/teams"],
    "hooks_url": ["https://api.github.com/repos/michael-iuzzolino/hri_music_puzzle_task/hooks"],
    "issue_events_url": ["https://api.github.com/repos/michael-iuzzolino/hri_music_puzzle_task/issues/events{/number}"],
    "events_url": ["https://api.github.com/repos/michael-iuzzolino/hri_music_puzzle_task/events"],
    "assignees_url": ["https://api.github.com/repos/michael-iuzzolino/hri_music_puzzle_task/assignees{/user}"],
    "branches_url": ["https://api.github.com/repos/michael-iuzzolino/hri_music_puzzle_task/branches{/branch}"],
    "tags_url": ["https://api.github.com/repos/michael-iuzzolino/hri_music_puzzle_task/tags"],
    "blobs_url": ["https://api.github.com/repos/michael-iuzzolino/hri_music_puzzle_task/git/blobs{/sha}"],
    "git_tags_url": ["https://api.github.com/repos/michael-iuzzolino/hri_music_puzzle_task/git/tags{/sha}"],
    "git_refs_url": ["https://api.github.com/repos/michael-iuzzolino/hri_music_puzzle_task/git/refs{/sha}"],
    "trees_url": ["https://api.github.com/repos/michael-iuzzolino/hri_music_puzzle_task/git/trees{/sha}"],
    "statuses_url": ["https://api.github.com/repos/michael-iuzzolino/hri_music_puzzle_task/statuses/{sha}"],
    "languages_url": ["https://api.github.com/repos/michael-iuzzolino/hri_music_puzzle_task/languages"],
    "stargazers_url": ["https://api.github.com/repos/michael-iuzzolino/hri_music_puzzle_task/stargazers"],
    "contributors_url": ["https://api.github.com/repos/michael-iuzzolino/hri_music_puzzle_task/contributors"],
    "subscribers_url": ["https://api.github.com/repos/michael-iuzzolino/hri_music_puzzle_task/subscribers"],
    "subscription_url": ["https://api.github.com/repos/michael-iuzzolino/hri_music_puzzle_task/subscription"],
    "commits_url": ["https://api.github.com/repos/michael-iuzzolino/hri_music_puzzle_task/commits{/sha}"],
    "git_commits_url": ["https://api.github.com/repos/michael-iuzzolino/hri_music_puzzle_task/git/commits{/sha}"],
    "comments_url": ["https://api.github.com/repos/michael-iuzzolino/hri_music_puzzle_task/comments{/number}"],
    "issue_comment_url": ["https://api.github.com/repos/michael-iuzzolino/hri_music_puzzle_task/issues/comments{/number}"],
    "contents_url": ["https://api.github.com/repos/michael-iuzzolino/hri_music_puzzle_task/contents/{+path}"],
    "compare_url": ["https://api.github.com/repos/michael-iuzzolino/hri_music_puzzle_task/compare/{base}...{head}"],
    "merges_url": ["https://api.github.com/repos/michael-iuzzolino/hri_music_puzzle_task/merges"],
    "archive_url": ["https://api.github.com/repos/michael-iuzzolino/hri_music_puzzle_task/{archive_format}{/ref}"],
    "downloads_url": ["https://api.github.com/repos/michael-iuzzolino/hri_music_puzzle_task/downloads"],
    "issues_url": ["https://api.github.com/repos/michael-iuzzolino/hri_music_puzzle_task/issues{/number}"],
    "pulls_url": ["https://api.github.com/repos/michael-iuzzolino/hri_music_puzzle_task/pulls{/number}"],
    "milestones_url": ["https://api.github.com/repos/michael-iuzzolino/hri_music_puzzle_task/milestones{/number}"],
    "notifications_url": ["https://api.github.com/repos/michael-iuzzolino/hri_music_puzzle_task/notifications{?since,all,participating}"],
    "labels_url": ["https://api.github.com/repos/michael-iuzzolino/hri_music_puzzle_task/labels{/name}"],
    "releases_url": ["https://api.github.com/repos/michael-iuzzolino/hri_music_puzzle_task/releases{/id}"],
    "deployments_url": ["https://api.github.com/repos/michael-iuzzolino/hri_music_puzzle_task/deployments"],
    "created_at": ["2017-06-24T06:57:26Z"],
    "updated_at": ["2017-06-24T19:57:13Z"],
    "pushed_at": ["2017-07-02T18:37:15Z"],
    "git_url": ["git://github.com/michael-iuzzolino/hri_music_puzzle_task.git"],
    "ssh_url": ["git@github.com:michael-iuzzolino/hri_music_puzzle_task.git"],
    "clone_url": ["https://github.com/michael-iuzzolino/hri_music_puzzle_task.git"],
    "svn_url": ["https://github.com/michael-iuzzolino/hri_music_puzzle_task"],
    "homepage": {},
    "size": [8591],
    "stargazers_count": [0],
    "watchers_count": [0],
    "language": ["JavaScript"],
    "has_issues": [true],
    "has_projects": [true],
    "has_downloads": [true],
    "has_wiki": [true],
    "has_pages": [false],
    "forks_count": [1],
    "mirror_url": {},
    "archived": [false],
    "disabled": [false],
    "open_issues_count": [4],
    "license": {},
    "forks": [1],
    "open_issues": [4],
    "watchers": [0],
    "default_branch": ["master"],
    "permissions": {
      "admin": [false],
      "push": [false],
      "pull": [true]
    }
  }
]
