[
  {
    "id": [74227276],
    "node_id": ["MDEwOlJlcG9zaXRvcnk3NDIyNzI3Ng=="],
    "name": ["FlapPyBio"],
    "full_name": ["michael-iuzzolino/FlapPyBio"],
    "private": [false],
    "owner": {
      "login": ["michael-iuzzolino"],
      "id": [21148987],
      "node_id": ["MDQ6VXNlcjIxMTQ4OTg3"],
      "avatar_url": ["https://avatars2.githubusercontent.com/u/21148987?v=4"],
      "gravatar_id": [""],
      "url": ["https://api.github.com/users/michael-iuzzolino"],
      "html_url": ["https://github.com/michael-iuzzolino"],
      "followers_url": ["https://api.github.com/users/michael-iuzzolino/followers"],
      "following_url": ["https://api.github.com/users/michael-iuzzolino/following{/other_user}"],
      "gists_url": ["https://api.github.com/users/michael-iuzzolino/gists{/gist_id}"],
      "starred_url": ["https://api.github.com/users/michael-iuzzolino/starred{/owner}{/repo}"],
      "subscriptions_url": ["https://api.github.com/users/michael-iuzzolino/subscriptions"],
      "organizations_url": ["https://api.github.com/users/michael-iuzzolino/orgs"],
      "repos_url": ["https://api.github.com/users/michael-iuzzolino/repos"],
      "events_url": ["https://api.github.com/users/michael-iuzzolino/events{/privacy}"],
      "received_events_url": ["https://api.github.com/users/michael-iuzzolino/received_events"],
      "type": ["User"],
      "site_admin": [false]
    },
    "html_url": ["https://github.com/michael-iuzzolino/FlapPyBio"],
    "description": {},
    "fork": [false],
    "url": ["https://api.github.com/repos/michael-iuzzolino/FlapPyBio"],
    "forks_url": ["https://api.github.com/repos/michael-iuzzolino/FlapPyBio/forks"],
    "keys_url": ["https://api.github.com/repos/michael-iuzzolino/FlapPyBio/keys{/key_id}"],
    "collaborators_url": ["https://api.github.com/repos/michael-iuzzolino/FlapPyBio/collaborators{/collaborator}"],
    "teams_url": ["https://api.github.com/repos/michael-iuzzolino/FlapPyBio/teams"],
    "hooks_url": ["https://api.github.com/repos/michael-iuzzolino/FlapPyBio/hooks"],
    "issue_events_url": ["https://api.github.com/repos/michael-iuzzolino/FlapPyBio/issues/events{/number}"],
    "events_url": ["https://api.github.com/repos/michael-iuzzolino/FlapPyBio/events"],
    "assignees_url": ["https://api.github.com/repos/michael-iuzzolino/FlapPyBio/assignees{/user}"],
    "branches_url": ["https://api.github.com/repos/michael-iuzzolino/FlapPyBio/branches{/branch}"],
    "tags_url": ["https://api.github.com/repos/michael-iuzzolino/FlapPyBio/tags"],
    "blobs_url": ["https://api.github.com/repos/michael-iuzzolino/FlapPyBio/git/blobs{/sha}"],
    "git_tags_url": ["https://api.github.com/repos/michael-iuzzolino/FlapPyBio/git/tags{/sha}"],
    "git_refs_url": ["https://api.github.com/repos/michael-iuzzolino/FlapPyBio/git/refs{/sha}"],
    "trees_url": ["https://api.github.com/repos/michael-iuzzolino/FlapPyBio/git/trees{/sha}"],
    "statuses_url": ["https://api.github.com/repos/michael-iuzzolino/FlapPyBio/statuses/{sha}"],
    "languages_url": ["https://api.github.com/repos/michael-iuzzolino/FlapPyBio/languages"],
    "stargazers_url": ["https://api.github.com/repos/michael-iuzzolino/FlapPyBio/stargazers"],
    "contributors_url": ["https://api.github.com/repos/michael-iuzzolino/FlapPyBio/contributors"],
    "subscribers_url": ["https://api.github.com/repos/michael-iuzzolino/FlapPyBio/subscribers"],
    "subscription_url": ["https://api.github.com/repos/michael-iuzzolino/FlapPyBio/subscription"],
    "commits_url": ["https://api.github.com/repos/michael-iuzzolino/FlapPyBio/commits{/sha}"],
    "git_commits_url": ["https://api.github.com/repos/michael-iuzzolino/FlapPyBio/git/commits{/sha}"],
    "comments_url": ["https://api.github.com/repos/michael-iuzzolino/FlapPyBio/comments{/number}"],
    "issue_comment_url": ["https://api.github.com/repos/michael-iuzzolino/FlapPyBio/issues/comments{/number}"],
    "contents_url": ["https://api.github.com/repos/michael-iuzzolino/FlapPyBio/contents/{+path}"],
    "compare_url": ["https://api.github.com/repos/michael-iuzzolino/FlapPyBio/compare/{base}...{head}"],
    "merges_url": ["https://api.github.com/repos/michael-iuzzolino/FlapPyBio/merges"],
    "archive_url": ["https://api.github.com/repos/michael-iuzzolino/FlapPyBio/{archive_format}{/ref}"],
    "downloads_url": ["https://api.github.com/repos/michael-iuzzolino/FlapPyBio/downloads"],
    "issues_url": ["https://api.github.com/repos/michael-iuzzolino/FlapPyBio/issues{/number}"],
    "pulls_url": ["https://api.github.com/repos/michael-iuzzolino/FlapPyBio/pulls{/number}"],
    "milestones_url": ["https://api.github.com/repos/michael-iuzzolino/FlapPyBio/milestones{/number}"],
    "notifications_url": ["https://api.github.com/repos/michael-iuzzolino/FlapPyBio/notifications{?since,all,participating}"],
    "labels_url": ["https://api.github.com/repos/michael-iuzzolino/FlapPyBio/labels{/name}"],
    "releases_url": ["https://api.github.com/repos/michael-iuzzolino/FlapPyBio/releases{/id}"],
    "deployments_url": ["https://api.github.com/repos/michael-iuzzolino/FlapPyBio/deployments"],
    "created_at": ["2016-11-19T18:31:22Z"],
    "updated_at": ["2019-02-03T17:01:05Z"],
    "pushed_at": ["2016-11-19T18:32:04Z"],
    "git_url": ["git://github.com/michael-iuzzolino/FlapPyBio.git"],
    "ssh_url": ["git@github.com:michael-iuzzolino/FlapPyBio.git"],
    "clone_url": ["https://github.com/michael-iuzzolino/FlapPyBio.git"],
    "svn_url": ["https://github.com/michael-iuzzolino/FlapPyBio"],
    "homepage": {},
    "size": [732],
    "stargazers_count": [12],
    "watchers_count": [12],
    "language": ["Python"],
    "has_issues": [true],
    "has_projects": [true],
    "has_downloads": [true],
    "has_wiki": [true],
    "has_pages": [false],
    "forks_count": [5],
    "mirror_url": {},
    "archived": [false],
    "disabled": [false],
    "open_issues_count": [0],
    "license": {},
    "forks": [5],
    "open_issues": [0],
    "watchers": [12],
    "default_branch": ["master"],
    "permissions": {
      "admin": [false],
      "push": [false],
      "pull": [true]
    }
  }
]
