[
  {
    "id": [74172312],
    "node_id": ["MDEwOlJlcG9zaXRvcnk3NDE3MjMxMg=="],
    "name": ["CircleWorld"],
    "full_name": ["michael-iuzzolino/CircleWorld"],
    "private": [false],
    "owner": {
      "login": ["michael-iuzzolino"],
      "id": [21148987],
      "node_id": ["MDQ6VXNlcjIxMTQ4OTg3"],
      "avatar_url": ["https://avatars2.githubusercontent.com/u/21148987?v=4"],
      "gravatar_id": [""],
      "url": ["https://api.github.com/users/michael-iuzzolino"],
      "html_url": ["https://github.com/michael-iuzzolino"],
      "followers_url": ["https://api.github.com/users/michael-iuzzolino/followers"],
      "following_url": ["https://api.github.com/users/michael-iuzzolino/following{/other_user}"],
      "gists_url": ["https://api.github.com/users/michael-iuzzolino/gists{/gist_id}"],
      "starred_url": ["https://api.github.com/users/michael-iuzzolino/starred{/owner}{/repo}"],
      "subscriptions_url": ["https://api.github.com/users/michael-iuzzolino/subscriptions"],
      "organizations_url": ["https://api.github.com/users/michael-iuzzolino/orgs"],
      "repos_url": ["https://api.github.com/users/michael-iuzzolino/repos"],
      "events_url": ["https://api.github.com/users/michael-iuzzolino/events{/privacy}"],
      "received_events_url": ["https://api.github.com/users/michael-iuzzolino/received_events"],
      "type": ["User"],
      "site_admin": [false]
    },
    "html_url": ["https://github.com/michael-iuzzolino/CircleWorld"],
    "description": {},
    "fork": [false],
    "url": ["https://api.github.com/repos/michael-iuzzolino/CircleWorld"],
    "forks_url": ["https://api.github.com/repos/michael-iuzzolino/CircleWorld/forks"],
    "keys_url": ["https://api.github.com/repos/michael-iuzzolino/CircleWorld/keys{/key_id}"],
    "collaborators_url": ["https://api.github.com/repos/michael-iuzzolino/CircleWorld/collaborators{/collaborator}"],
    "teams_url": ["https://api.github.com/repos/michael-iuzzolino/CircleWorld/teams"],
    "hooks_url": ["https://api.github.com/repos/michael-iuzzolino/CircleWorld/hooks"],
    "issue_events_url": ["https://api.github.com/repos/michael-iuzzolino/CircleWorld/issues/events{/number}"],
    "events_url": ["https://api.github.com/repos/michael-iuzzolino/CircleWorld/events"],
    "assignees_url": ["https://api.github.com/repos/michael-iuzzolino/CircleWorld/assignees{/user}"],
    "branches_url": ["https://api.github.com/repos/michael-iuzzolino/CircleWorld/branches{/branch}"],
    "tags_url": ["https://api.github.com/repos/michael-iuzzolino/CircleWorld/tags"],
    "blobs_url": ["https://api.github.com/repos/michael-iuzzolino/CircleWorld/git/blobs{/sha}"],
    "git_tags_url": ["https://api.github.com/repos/michael-iuzzolino/CircleWorld/git/tags{/sha}"],
    "git_refs_url": ["https://api.github.com/repos/michael-iuzzolino/CircleWorld/git/refs{/sha}"],
    "trees_url": ["https://api.github.com/repos/michael-iuzzolino/CircleWorld/git/trees{/sha}"],
    "statuses_url": ["https://api.github.com/repos/michael-iuzzolino/CircleWorld/statuses/{sha}"],
    "languages_url": ["https://api.github.com/repos/michael-iuzzolino/CircleWorld/languages"],
    "stargazers_url": ["https://api.github.com/repos/michael-iuzzolino/CircleWorld/stargazers"],
    "contributors_url": ["https://api.github.com/repos/michael-iuzzolino/CircleWorld/contributors"],
    "subscribers_url": ["https://api.github.com/repos/michael-iuzzolino/CircleWorld/subscribers"],
    "subscription_url": ["https://api.github.com/repos/michael-iuzzolino/CircleWorld/subscription"],
    "commits_url": ["https://api.github.com/repos/michael-iuzzolino/CircleWorld/commits{/sha}"],
    "git_commits_url": ["https://api.github.com/repos/michael-iuzzolino/CircleWorld/git/commits{/sha}"],
    "comments_url": ["https://api.github.com/repos/michael-iuzzolino/CircleWorld/comments{/number}"],
    "issue_comment_url": ["https://api.github.com/repos/michael-iuzzolino/CircleWorld/issues/comments{/number}"],
    "contents_url": ["https://api.github.com/repos/michael-iuzzolino/CircleWorld/contents/{+path}"],
    "compare_url": ["https://api.github.com/repos/michael-iuzzolino/CircleWorld/compare/{base}...{head}"],
    "merges_url": ["https://api.github.com/repos/michael-iuzzolino/CircleWorld/merges"],
    "archive_url": ["https://api.github.com/repos/michael-iuzzolino/CircleWorld/{archive_format}{/ref}"],
    "downloads_url": ["https://api.github.com/repos/michael-iuzzolino/CircleWorld/downloads"],
    "issues_url": ["https://api.github.com/repos/michael-iuzzolino/CircleWorld/issues{/number}"],
    "pulls_url": ["https://api.github.com/repos/michael-iuzzolino/CircleWorld/pulls{/number}"],
    "milestones_url": ["https://api.github.com/repos/michael-iuzzolino/CircleWorld/milestones{/number}"],
    "notifications_url": ["https://api.github.com/repos/michael-iuzzolino/CircleWorld/notifications{?since,all,participating}"],
    "labels_url": ["https://api.github.com/repos/michael-iuzzolino/CircleWorld/labels{/name}"],
    "releases_url": ["https://api.github.com/repos/michael-iuzzolino/CircleWorld/releases{/id}"],
    "deployments_url": ["https://api.github.com/repos/michael-iuzzolino/CircleWorld/deployments"],
    "created_at": ["2016-11-18T22:44:42Z"],
    "updated_at": ["2016-11-19T00:36:45Z"],
    "pushed_at": ["2016-11-19T00:52:15Z"],
    "git_url": ["git://github.com/michael-iuzzolino/CircleWorld.git"],
    "ssh_url": ["git@github.com:michael-iuzzolino/CircleWorld.git"],
    "clone_url": ["https://github.com/michael-iuzzolino/CircleWorld.git"],
    "svn_url": ["https://github.com/michael-iuzzolino/CircleWorld"],
    "homepage": {},
    "size": [12],
    "stargazers_count": [0],
    "watchers_count": [0],
    "language": ["Python"],
    "has_issues": [true],
    "has_projects": [true],
    "has_downloads": [true],
    "has_wiki": [true],
    "has_pages": [false],
    "forks_count": [0],
    "mirror_url": {},
    "archived": [false],
    "disabled": [false],
    "open_issues_count": [0],
    "license": {},
    "forks": [0],
    "open_issues": [0],
    "watchers": [0],
    "default_branch": ["master"],
    "permissions": {
      "admin": [false],
      "push": [false],
      "pull": [true]
    }
  }
]
