[
  {
    "id": [123639490],
    "node_id": ["MDEwOlJlcG9zaXRvcnkxMjM2Mzk0OTA="],
    "name": ["gaussian"],
    "full_name": ["michael-iuzzolino/gaussian"],
    "private": [false],
    "owner": {
      "login": ["michael-iuzzolino"],
      "id": [21148987],
      "node_id": ["MDQ6VXNlcjIxMTQ4OTg3"],
      "avatar_url": ["https://avatars2.githubusercontent.com/u/21148987?v=4"],
      "gravatar_id": [""],
      "url": ["https://api.github.com/users/michael-iuzzolino"],
      "html_url": ["https://github.com/michael-iuzzolino"],
      "followers_url": ["https://api.github.com/users/michael-iuzzolino/followers"],
      "following_url": ["https://api.github.com/users/michael-iuzzolino/following{/other_user}"],
      "gists_url": ["https://api.github.com/users/michael-iuzzolino/gists{/gist_id}"],
      "starred_url": ["https://api.github.com/users/michael-iuzzolino/starred{/owner}{/repo}"],
      "subscriptions_url": ["https://api.github.com/users/michael-iuzzolino/subscriptions"],
      "organizations_url": ["https://api.github.com/users/michael-iuzzolino/orgs"],
      "repos_url": ["https://api.github.com/users/michael-iuzzolino/repos"],
      "events_url": ["https://api.github.com/users/michael-iuzzolino/events{/privacy}"],
      "received_events_url": ["https://api.github.com/users/michael-iuzzolino/received_events"],
      "type": ["User"],
      "site_admin": [false]
    },
    "html_url": ["https://github.com/michael-iuzzolino/gaussian"],
    "description": ["A JavaScript model of the normal distribution"],
    "fork": [true],
    "url": ["https://api.github.com/repos/michael-iuzzolino/gaussian"],
    "forks_url": ["https://api.github.com/repos/michael-iuzzolino/gaussian/forks"],
    "keys_url": ["https://api.github.com/repos/michael-iuzzolino/gaussian/keys{/key_id}"],
    "collaborators_url": ["https://api.github.com/repos/michael-iuzzolino/gaussian/collaborators{/collaborator}"],
    "teams_url": ["https://api.github.com/repos/michael-iuzzolino/gaussian/teams"],
    "hooks_url": ["https://api.github.com/repos/michael-iuzzolino/gaussian/hooks"],
    "issue_events_url": ["https://api.github.com/repos/michael-iuzzolino/gaussian/issues/events{/number}"],
    "events_url": ["https://api.github.com/repos/michael-iuzzolino/gaussian/events"],
    "assignees_url": ["https://api.github.com/repos/michael-iuzzolino/gaussian/assignees{/user}"],
    "branches_url": ["https://api.github.com/repos/michael-iuzzolino/gaussian/branches{/branch}"],
    "tags_url": ["https://api.github.com/repos/michael-iuzzolino/gaussian/tags"],
    "blobs_url": ["https://api.github.com/repos/michael-iuzzolino/gaussian/git/blobs{/sha}"],
    "git_tags_url": ["https://api.github.com/repos/michael-iuzzolino/gaussian/git/tags{/sha}"],
    "git_refs_url": ["https://api.github.com/repos/michael-iuzzolino/gaussian/git/refs{/sha}"],
    "trees_url": ["https://api.github.com/repos/michael-iuzzolino/gaussian/git/trees{/sha}"],
    "statuses_url": ["https://api.github.com/repos/michael-iuzzolino/gaussian/statuses/{sha}"],
    "languages_url": ["https://api.github.com/repos/michael-iuzzolino/gaussian/languages"],
    "stargazers_url": ["https://api.github.com/repos/michael-iuzzolino/gaussian/stargazers"],
    "contributors_url": ["https://api.github.com/repos/michael-iuzzolino/gaussian/contributors"],
    "subscribers_url": ["https://api.github.com/repos/michael-iuzzolino/gaussian/subscribers"],
    "subscription_url": ["https://api.github.com/repos/michael-iuzzolino/gaussian/subscription"],
    "commits_url": ["https://api.github.com/repos/michael-iuzzolino/gaussian/commits{/sha}"],
    "git_commits_url": ["https://api.github.com/repos/michael-iuzzolino/gaussian/git/commits{/sha}"],
    "comments_url": ["https://api.github.com/repos/michael-iuzzolino/gaussian/comments{/number}"],
    "issue_comment_url": ["https://api.github.com/repos/michael-iuzzolino/gaussian/issues/comments{/number}"],
    "contents_url": ["https://api.github.com/repos/michael-iuzzolino/gaussian/contents/{+path}"],
    "compare_url": ["https://api.github.com/repos/michael-iuzzolino/gaussian/compare/{base}...{head}"],
    "merges_url": ["https://api.github.com/repos/michael-iuzzolino/gaussian/merges"],
    "archive_url": ["https://api.github.com/repos/michael-iuzzolino/gaussian/{archive_format}{/ref}"],
    "downloads_url": ["https://api.github.com/repos/michael-iuzzolino/gaussian/downloads"],
    "issues_url": ["https://api.github.com/repos/michael-iuzzolino/gaussian/issues{/number}"],
    "pulls_url": ["https://api.github.com/repos/michael-iuzzolino/gaussian/pulls{/number}"],
    "milestones_url": ["https://api.github.com/repos/michael-iuzzolino/gaussian/milestones{/number}"],
    "notifications_url": ["https://api.github.com/repos/michael-iuzzolino/gaussian/notifications{?since,all,participating}"],
    "labels_url": ["https://api.github.com/repos/michael-iuzzolino/gaussian/labels{/name}"],
    "releases_url": ["https://api.github.com/repos/michael-iuzzolino/gaussian/releases{/id}"],
    "deployments_url": ["https://api.github.com/repos/michael-iuzzolino/gaussian/deployments"],
    "created_at": ["2018-03-02T22:56:35Z"],
    "updated_at": ["2018-03-02T22:56:38Z"],
    "pushed_at": ["2016-02-13T08:09:33Z"],
    "git_url": ["git://github.com/michael-iuzzolino/gaussian.git"],
    "ssh_url": ["git@github.com:michael-iuzzolino/gaussian.git"],
    "clone_url": ["https://github.com/michael-iuzzolino/gaussian.git"],
    "svn_url": ["https://github.com/michael-iuzzolino/gaussian"],
    "homepage": {},
    "size": [11],
    "stargazers_count": [0],
    "watchers_count": [0],
    "language": ["JavaScript"],
    "has_issues": [false],
    "has_projects": [true],
    "has_downloads": [true],
    "has_wiki": [true],
    "has_pages": [false],
    "forks_count": [0],
    "mirror_url": {},
    "archived": [false],
    "disabled": [false],
    "open_issues_count": [0],
    "license": {
      "key": ["mit"],
      "name": ["MIT License"],
      "spdx_id": ["MIT"],
      "url": ["https://api.github.com/licenses/mit"],
      "node_id": ["MDc6TGljZW5zZTEz"]
    },
    "forks": [0],
    "open_issues": [0],
    "watchers": [0],
    "default_branch": ["master"],
    "permissions": {
      "admin": [false],
      "push": [false],
      "pull": [true]
    }
  }
]
