[
  {
    "id": [96763171],
    "node_id": ["MDEwOlJlcG9zaXRvcnk5Njc2MzE3MQ=="],
    "name": ["Space-Shooter"],
    "full_name": ["michael-iuzzolino/Space-Shooter"],
    "private": [false],
    "owner": {
      "login": ["michael-iuzzolino"],
      "id": [21148987],
      "node_id": ["MDQ6VXNlcjIxMTQ4OTg3"],
      "avatar_url": ["https://avatars2.githubusercontent.com/u/21148987?v=4"],
      "gravatar_id": [""],
      "url": ["https://api.github.com/users/michael-iuzzolino"],
      "html_url": ["https://github.com/michael-iuzzolino"],
      "followers_url": ["https://api.github.com/users/michael-iuzzolino/followers"],
      "following_url": ["https://api.github.com/users/michael-iuzzolino/following{/other_user}"],
      "gists_url": ["https://api.github.com/users/michael-iuzzolino/gists{/gist_id}"],
      "starred_url": ["https://api.github.com/users/michael-iuzzolino/starred{/owner}{/repo}"],
      "subscriptions_url": ["https://api.github.com/users/michael-iuzzolino/subscriptions"],
      "organizations_url": ["https://api.github.com/users/michael-iuzzolino/orgs"],
      "repos_url": ["https://api.github.com/users/michael-iuzzolino/repos"],
      "events_url": ["https://api.github.com/users/michael-iuzzolino/events{/privacy}"],
      "received_events_url": ["https://api.github.com/users/michael-iuzzolino/received_events"],
      "type": ["User"],
      "site_admin": [false]
    },
    "html_url": ["https://github.com/michael-iuzzolino/Space-Shooter"],
    "description": {},
    "fork": [false],
    "url": ["https://api.github.com/repos/michael-iuzzolino/Space-Shooter"],
    "forks_url": ["https://api.github.com/repos/michael-iuzzolino/Space-Shooter/forks"],
    "keys_url": ["https://api.github.com/repos/michael-iuzzolino/Space-Shooter/keys{/key_id}"],
    "collaborators_url": ["https://api.github.com/repos/michael-iuzzolino/Space-Shooter/collaborators{/collaborator}"],
    "teams_url": ["https://api.github.com/repos/michael-iuzzolino/Space-Shooter/teams"],
    "hooks_url": ["https://api.github.com/repos/michael-iuzzolino/Space-Shooter/hooks"],
    "issue_events_url": ["https://api.github.com/repos/michael-iuzzolino/Space-Shooter/issues/events{/number}"],
    "events_url": ["https://api.github.com/repos/michael-iuzzolino/Space-Shooter/events"],
    "assignees_url": ["https://api.github.com/repos/michael-iuzzolino/Space-Shooter/assignees{/user}"],
    "branches_url": ["https://api.github.com/repos/michael-iuzzolino/Space-Shooter/branches{/branch}"],
    "tags_url": ["https://api.github.com/repos/michael-iuzzolino/Space-Shooter/tags"],
    "blobs_url": ["https://api.github.com/repos/michael-iuzzolino/Space-Shooter/git/blobs{/sha}"],
    "git_tags_url": ["https://api.github.com/repos/michael-iuzzolino/Space-Shooter/git/tags{/sha}"],
    "git_refs_url": ["https://api.github.com/repos/michael-iuzzolino/Space-Shooter/git/refs{/sha}"],
    "trees_url": ["https://api.github.com/repos/michael-iuzzolino/Space-Shooter/git/trees{/sha}"],
    "statuses_url": ["https://api.github.com/repos/michael-iuzzolino/Space-Shooter/statuses/{sha}"],
    "languages_url": ["https://api.github.com/repos/michael-iuzzolino/Space-Shooter/languages"],
    "stargazers_url": ["https://api.github.com/repos/michael-iuzzolino/Space-Shooter/stargazers"],
    "contributors_url": ["https://api.github.com/repos/michael-iuzzolino/Space-Shooter/contributors"],
    "subscribers_url": ["https://api.github.com/repos/michael-iuzzolino/Space-Shooter/subscribers"],
    "subscription_url": ["https://api.github.com/repos/michael-iuzzolino/Space-Shooter/subscription"],
    "commits_url": ["https://api.github.com/repos/michael-iuzzolino/Space-Shooter/commits{/sha}"],
    "git_commits_url": ["https://api.github.com/repos/michael-iuzzolino/Space-Shooter/git/commits{/sha}"],
    "comments_url": ["https://api.github.com/repos/michael-iuzzolino/Space-Shooter/comments{/number}"],
    "issue_comment_url": ["https://api.github.com/repos/michael-iuzzolino/Space-Shooter/issues/comments{/number}"],
    "contents_url": ["https://api.github.com/repos/michael-iuzzolino/Space-Shooter/contents/{+path}"],
    "compare_url": ["https://api.github.com/repos/michael-iuzzolino/Space-Shooter/compare/{base}...{head}"],
    "merges_url": ["https://api.github.com/repos/michael-iuzzolino/Space-Shooter/merges"],
    "archive_url": ["https://api.github.com/repos/michael-iuzzolino/Space-Shooter/{archive_format}{/ref}"],
    "downloads_url": ["https://api.github.com/repos/michael-iuzzolino/Space-Shooter/downloads"],
    "issues_url": ["https://api.github.com/repos/michael-iuzzolino/Space-Shooter/issues{/number}"],
    "pulls_url": ["https://api.github.com/repos/michael-iuzzolino/Space-Shooter/pulls{/number}"],
    "milestones_url": ["https://api.github.com/repos/michael-iuzzolino/Space-Shooter/milestones{/number}"],
    "notifications_url": ["https://api.github.com/repos/michael-iuzzolino/Space-Shooter/notifications{?since,all,participating}"],
    "labels_url": ["https://api.github.com/repos/michael-iuzzolino/Space-Shooter/labels{/name}"],
    "releases_url": ["https://api.github.com/repos/michael-iuzzolino/Space-Shooter/releases{/id}"],
    "deployments_url": ["https://api.github.com/repos/michael-iuzzolino/Space-Shooter/deployments"],
    "created_at": ["2017-07-10T10:04:17Z"],
    "updated_at": ["2017-07-10T10:12:34Z"],
    "pushed_at": ["2017-07-10T10:12:28Z"],
    "git_url": ["git://github.com/michael-iuzzolino/Space-Shooter.git"],
    "ssh_url": ["git@github.com:michael-iuzzolino/Space-Shooter.git"],
    "clone_url": ["https://github.com/michael-iuzzolino/Space-Shooter.git"],
    "svn_url": ["https://github.com/michael-iuzzolino/Space-Shooter"],
    "homepage": {},
    "size": [82530],
    "stargazers_count": [0],
    "watchers_count": [0],
    "language": ["C#"],
    "has_issues": [true],
    "has_projects": [true],
    "has_downloads": [true],
    "has_wiki": [true],
    "has_pages": [false],
    "forks_count": [0],
    "mirror_url": {},
    "archived": [false],
    "disabled": [false],
    "open_issues_count": [0],
    "license": {},
    "forks": [0],
    "open_issues": [0],
    "watchers": [0],
    "default_branch": ["master"],
    "permissions": {
      "admin": [false],
      "push": [false],
      "pull": [true]
    }
  }
]
