[
  {
    "id": [121288868],
    "node_id": ["MDEwOlJlcG9zaXRvcnkxMjEyODg4Njg="],
    "name": ["Flask_Tutorial"],
    "full_name": ["michael-iuzzolino/Flask_Tutorial"],
    "private": [false],
    "owner": {
      "login": ["michael-iuzzolino"],
      "id": [21148987],
      "node_id": ["MDQ6VXNlcjIxMTQ4OTg3"],
      "avatar_url": ["https://avatars2.githubusercontent.com/u/21148987?v=4"],
      "gravatar_id": [""],
      "url": ["https://api.github.com/users/michael-iuzzolino"],
      "html_url": ["https://github.com/michael-iuzzolino"],
      "followers_url": ["https://api.github.com/users/michael-iuzzolino/followers"],
      "following_url": ["https://api.github.com/users/michael-iuzzolino/following{/other_user}"],
      "gists_url": ["https://api.github.com/users/michael-iuzzolino/gists{/gist_id}"],
      "starred_url": ["https://api.github.com/users/michael-iuzzolino/starred{/owner}{/repo}"],
      "subscriptions_url": ["https://api.github.com/users/michael-iuzzolino/subscriptions"],
      "organizations_url": ["https://api.github.com/users/michael-iuzzolino/orgs"],
      "repos_url": ["https://api.github.com/users/michael-iuzzolino/repos"],
      "events_url": ["https://api.github.com/users/michael-iuzzolino/events{/privacy}"],
      "received_events_url": ["https://api.github.com/users/michael-iuzzolino/received_events"],
      "type": ["User"],
      "site_admin": [false]
    },
    "html_url": ["https://github.com/michael-iuzzolino/Flask_Tutorial"],
    "description": {},
    "fork": [false],
    "url": ["https://api.github.com/repos/michael-iuzzolino/Flask_Tutorial"],
    "forks_url": ["https://api.github.com/repos/michael-iuzzolino/Flask_Tutorial/forks"],
    "keys_url": ["https://api.github.com/repos/michael-iuzzolino/Flask_Tutorial/keys{/key_id}"],
    "collaborators_url": ["https://api.github.com/repos/michael-iuzzolino/Flask_Tutorial/collaborators{/collaborator}"],
    "teams_url": ["https://api.github.com/repos/michael-iuzzolino/Flask_Tutorial/teams"],
    "hooks_url": ["https://api.github.com/repos/michael-iuzzolino/Flask_Tutorial/hooks"],
    "issue_events_url": ["https://api.github.com/repos/michael-iuzzolino/Flask_Tutorial/issues/events{/number}"],
    "events_url": ["https://api.github.com/repos/michael-iuzzolino/Flask_Tutorial/events"],
    "assignees_url": ["https://api.github.com/repos/michael-iuzzolino/Flask_Tutorial/assignees{/user}"],
    "branches_url": ["https://api.github.com/repos/michael-iuzzolino/Flask_Tutorial/branches{/branch}"],
    "tags_url": ["https://api.github.com/repos/michael-iuzzolino/Flask_Tutorial/tags"],
    "blobs_url": ["https://api.github.com/repos/michael-iuzzolino/Flask_Tutorial/git/blobs{/sha}"],
    "git_tags_url": ["https://api.github.com/repos/michael-iuzzolino/Flask_Tutorial/git/tags{/sha}"],
    "git_refs_url": ["https://api.github.com/repos/michael-iuzzolino/Flask_Tutorial/git/refs{/sha}"],
    "trees_url": ["https://api.github.com/repos/michael-iuzzolino/Flask_Tutorial/git/trees{/sha}"],
    "statuses_url": ["https://api.github.com/repos/michael-iuzzolino/Flask_Tutorial/statuses/{sha}"],
    "languages_url": ["https://api.github.com/repos/michael-iuzzolino/Flask_Tutorial/languages"],
    "stargazers_url": ["https://api.github.com/repos/michael-iuzzolino/Flask_Tutorial/stargazers"],
    "contributors_url": ["https://api.github.com/repos/michael-iuzzolino/Flask_Tutorial/contributors"],
    "subscribers_url": ["https://api.github.com/repos/michael-iuzzolino/Flask_Tutorial/subscribers"],
    "subscription_url": ["https://api.github.com/repos/michael-iuzzolino/Flask_Tutorial/subscription"],
    "commits_url": ["https://api.github.com/repos/michael-iuzzolino/Flask_Tutorial/commits{/sha}"],
    "git_commits_url": ["https://api.github.com/repos/michael-iuzzolino/Flask_Tutorial/git/commits{/sha}"],
    "comments_url": ["https://api.github.com/repos/michael-iuzzolino/Flask_Tutorial/comments{/number}"],
    "issue_comment_url": ["https://api.github.com/repos/michael-iuzzolino/Flask_Tutorial/issues/comments{/number}"],
    "contents_url": ["https://api.github.com/repos/michael-iuzzolino/Flask_Tutorial/contents/{+path}"],
    "compare_url": ["https://api.github.com/repos/michael-iuzzolino/Flask_Tutorial/compare/{base}...{head}"],
    "merges_url": ["https://api.github.com/repos/michael-iuzzolino/Flask_Tutorial/merges"],
    "archive_url": ["https://api.github.com/repos/michael-iuzzolino/Flask_Tutorial/{archive_format}{/ref}"],
    "downloads_url": ["https://api.github.com/repos/michael-iuzzolino/Flask_Tutorial/downloads"],
    "issues_url": ["https://api.github.com/repos/michael-iuzzolino/Flask_Tutorial/issues{/number}"],
    "pulls_url": ["https://api.github.com/repos/michael-iuzzolino/Flask_Tutorial/pulls{/number}"],
    "milestones_url": ["https://api.github.com/repos/michael-iuzzolino/Flask_Tutorial/milestones{/number}"],
    "notifications_url": ["https://api.github.com/repos/michael-iuzzolino/Flask_Tutorial/notifications{?since,all,participating}"],
    "labels_url": ["https://api.github.com/repos/michael-iuzzolino/Flask_Tutorial/labels{/name}"],
    "releases_url": ["https://api.github.com/repos/michael-iuzzolino/Flask_Tutorial/releases{/id}"],
    "deployments_url": ["https://api.github.com/repos/michael-iuzzolino/Flask_Tutorial/deployments"],
    "created_at": ["2018-02-12T19:03:43Z"],
    "updated_at": ["2018-03-18T17:42:35Z"],
    "pushed_at": ["2018-03-18T17:42:33Z"],
    "git_url": ["git://github.com/michael-iuzzolino/Flask_Tutorial.git"],
    "ssh_url": ["git@github.com:michael-iuzzolino/Flask_Tutorial.git"],
    "clone_url": ["https://github.com/michael-iuzzolino/Flask_Tutorial.git"],
    "svn_url": ["https://github.com/michael-iuzzolino/Flask_Tutorial"],
    "homepage": {},
    "size": [111],
    "stargazers_count": [0],
    "watchers_count": [0],
    "language": ["Jupyter Notebook"],
    "has_issues": [true],
    "has_projects": [true],
    "has_downloads": [true],
    "has_wiki": [true],
    "has_pages": [false],
    "forks_count": [0],
    "mirror_url": {},
    "archived": [false],
    "disabled": [false],
    "open_issues_count": [0],
    "license": {},
    "forks": [0],
    "open_issues": [0],
    "watchers": [0],
    "default_branch": ["master"],
    "permissions": {
      "admin": [false],
      "push": [false],
      "pull": [true]
    }
  }
]
