[
  {
    "id": [84342178],
    "node_id": ["MDEwOlJlcG9zaXRvcnk4NDM0MjE3OA=="],
    "name": ["Breakout_Beginnings"],
    "full_name": ["michael-iuzzolino/Breakout_Beginnings"],
    "private": [false],
    "owner": {
      "login": ["michael-iuzzolino"],
      "id": [21148987],
      "node_id": ["MDQ6VXNlcjIxMTQ4OTg3"],
      "avatar_url": ["https://avatars2.githubusercontent.com/u/21148987?v=4"],
      "gravatar_id": [""],
      "url": ["https://api.github.com/users/michael-iuzzolino"],
      "html_url": ["https://github.com/michael-iuzzolino"],
      "followers_url": ["https://api.github.com/users/michael-iuzzolino/followers"],
      "following_url": ["https://api.github.com/users/michael-iuzzolino/following{/other_user}"],
      "gists_url": ["https://api.github.com/users/michael-iuzzolino/gists{/gist_id}"],
      "starred_url": ["https://api.github.com/users/michael-iuzzolino/starred{/owner}{/repo}"],
      "subscriptions_url": ["https://api.github.com/users/michael-iuzzolino/subscriptions"],
      "organizations_url": ["https://api.github.com/users/michael-iuzzolino/orgs"],
      "repos_url": ["https://api.github.com/users/michael-iuzzolino/repos"],
      "events_url": ["https://api.github.com/users/michael-iuzzolino/events{/privacy}"],
      "received_events_url": ["https://api.github.com/users/michael-iuzzolino/received_events"],
      "type": ["User"],
      "site_admin": [false]
    },
    "html_url": ["https://github.com/michael-iuzzolino/Breakout_Beginnings"],
    "description": {},
    "fork": [false],
    "url": ["https://api.github.com/repos/michael-iuzzolino/Breakout_Beginnings"],
    "forks_url": ["https://api.github.com/repos/michael-iuzzolino/Breakout_Beginnings/forks"],
    "keys_url": ["https://api.github.com/repos/michael-iuzzolino/Breakout_Beginnings/keys{/key_id}"],
    "collaborators_url": ["https://api.github.com/repos/michael-iuzzolino/Breakout_Beginnings/collaborators{/collaborator}"],
    "teams_url": ["https://api.github.com/repos/michael-iuzzolino/Breakout_Beginnings/teams"],
    "hooks_url": ["https://api.github.com/repos/michael-iuzzolino/Breakout_Beginnings/hooks"],
    "issue_events_url": ["https://api.github.com/repos/michael-iuzzolino/Breakout_Beginnings/issues/events{/number}"],
    "events_url": ["https://api.github.com/repos/michael-iuzzolino/Breakout_Beginnings/events"],
    "assignees_url": ["https://api.github.com/repos/michael-iuzzolino/Breakout_Beginnings/assignees{/user}"],
    "branches_url": ["https://api.github.com/repos/michael-iuzzolino/Breakout_Beginnings/branches{/branch}"],
    "tags_url": ["https://api.github.com/repos/michael-iuzzolino/Breakout_Beginnings/tags"],
    "blobs_url": ["https://api.github.com/repos/michael-iuzzolino/Breakout_Beginnings/git/blobs{/sha}"],
    "git_tags_url": ["https://api.github.com/repos/michael-iuzzolino/Breakout_Beginnings/git/tags{/sha}"],
    "git_refs_url": ["https://api.github.com/repos/michael-iuzzolino/Breakout_Beginnings/git/refs{/sha}"],
    "trees_url": ["https://api.github.com/repos/michael-iuzzolino/Breakout_Beginnings/git/trees{/sha}"],
    "statuses_url": ["https://api.github.com/repos/michael-iuzzolino/Breakout_Beginnings/statuses/{sha}"],
    "languages_url": ["https://api.github.com/repos/michael-iuzzolino/Breakout_Beginnings/languages"],
    "stargazers_url": ["https://api.github.com/repos/michael-iuzzolino/Breakout_Beginnings/stargazers"],
    "contributors_url": ["https://api.github.com/repos/michael-iuzzolino/Breakout_Beginnings/contributors"],
    "subscribers_url": ["https://api.github.com/repos/michael-iuzzolino/Breakout_Beginnings/subscribers"],
    "subscription_url": ["https://api.github.com/repos/michael-iuzzolino/Breakout_Beginnings/subscription"],
    "commits_url": ["https://api.github.com/repos/michael-iuzzolino/Breakout_Beginnings/commits{/sha}"],
    "git_commits_url": ["https://api.github.com/repos/michael-iuzzolino/Breakout_Beginnings/git/commits{/sha}"],
    "comments_url": ["https://api.github.com/repos/michael-iuzzolino/Breakout_Beginnings/comments{/number}"],
    "issue_comment_url": ["https://api.github.com/repos/michael-iuzzolino/Breakout_Beginnings/issues/comments{/number}"],
    "contents_url": ["https://api.github.com/repos/michael-iuzzolino/Breakout_Beginnings/contents/{+path}"],
    "compare_url": ["https://api.github.com/repos/michael-iuzzolino/Breakout_Beginnings/compare/{base}...{head}"],
    "merges_url": ["https://api.github.com/repos/michael-iuzzolino/Breakout_Beginnings/merges"],
    "archive_url": ["https://api.github.com/repos/michael-iuzzolino/Breakout_Beginnings/{archive_format}{/ref}"],
    "downloads_url": ["https://api.github.com/repos/michael-iuzzolino/Breakout_Beginnings/downloads"],
    "issues_url": ["https://api.github.com/repos/michael-iuzzolino/Breakout_Beginnings/issues{/number}"],
    "pulls_url": ["https://api.github.com/repos/michael-iuzzolino/Breakout_Beginnings/pulls{/number}"],
    "milestones_url": ["https://api.github.com/repos/michael-iuzzolino/Breakout_Beginnings/milestones{/number}"],
    "notifications_url": ["https://api.github.com/repos/michael-iuzzolino/Breakout_Beginnings/notifications{?since,all,participating}"],
    "labels_url": ["https://api.github.com/repos/michael-iuzzolino/Breakout_Beginnings/labels{/name}"],
    "releases_url": ["https://api.github.com/repos/michael-iuzzolino/Breakout_Beginnings/releases{/id}"],
    "deployments_url": ["https://api.github.com/repos/michael-iuzzolino/Breakout_Beginnings/deployments"],
    "created_at": ["2017-03-08T16:29:46Z"],
    "updated_at": ["2017-03-08T16:34:21Z"],
    "pushed_at": ["2017-03-08T16:34:19Z"],
    "git_url": ["git://github.com/michael-iuzzolino/Breakout_Beginnings.git"],
    "ssh_url": ["git@github.com:michael-iuzzolino/Breakout_Beginnings.git"],
    "clone_url": ["https://github.com/michael-iuzzolino/Breakout_Beginnings.git"],
    "svn_url": ["https://github.com/michael-iuzzolino/Breakout_Beginnings"],
    "homepage": {},
    "size": [512],
    "stargazers_count": [0],
    "watchers_count": [0],
    "language": ["JavaScript"],
    "has_issues": [true],
    "has_projects": [true],
    "has_downloads": [true],
    "has_wiki": [true],
    "has_pages": [false],
    "forks_count": [0],
    "mirror_url": {},
    "archived": [false],
    "disabled": [false],
    "open_issues_count": [0],
    "license": {},
    "forks": [0],
    "open_issues": [0],
    "watchers": [0],
    "default_branch": ["master"],
    "permissions": {
      "admin": [false],
      "push": [false],
      "pull": [true]
    }
  }
]
