[
  {
    "id": [76859248],
    "node_id": ["MDEwOlJlcG9zaXRvcnk3Njg1OTI0OA=="],
    "name": ["CircleWorld_JS"],
    "full_name": ["michael-iuzzolino/CircleWorld_JS"],
    "private": [false],
    "owner": {
      "login": ["michael-iuzzolino"],
      "id": [21148987],
      "node_id": ["MDQ6VXNlcjIxMTQ4OTg3"],
      "avatar_url": ["https://avatars2.githubusercontent.com/u/21148987?v=4"],
      "gravatar_id": [""],
      "url": ["https://api.github.com/users/michael-iuzzolino"],
      "html_url": ["https://github.com/michael-iuzzolino"],
      "followers_url": ["https://api.github.com/users/michael-iuzzolino/followers"],
      "following_url": ["https://api.github.com/users/michael-iuzzolino/following{/other_user}"],
      "gists_url": ["https://api.github.com/users/michael-iuzzolino/gists{/gist_id}"],
      "starred_url": ["https://api.github.com/users/michael-iuzzolino/starred{/owner}{/repo}"],
      "subscriptions_url": ["https://api.github.com/users/michael-iuzzolino/subscriptions"],
      "organizations_url": ["https://api.github.com/users/michael-iuzzolino/orgs"],
      "repos_url": ["https://api.github.com/users/michael-iuzzolino/repos"],
      "events_url": ["https://api.github.com/users/michael-iuzzolino/events{/privacy}"],
      "received_events_url": ["https://api.github.com/users/michael-iuzzolino/received_events"],
      "type": ["User"],
      "site_admin": [false]
    },
    "html_url": ["https://github.com/michael-iuzzolino/CircleWorld_JS"],
    "description": {},
    "fork": [false],
    "url": ["https://api.github.com/repos/michael-iuzzolino/CircleWorld_JS"],
    "forks_url": ["https://api.github.com/repos/michael-iuzzolino/CircleWorld_JS/forks"],
    "keys_url": ["https://api.github.com/repos/michael-iuzzolino/CircleWorld_JS/keys{/key_id}"],
    "collaborators_url": ["https://api.github.com/repos/michael-iuzzolino/CircleWorld_JS/collaborators{/collaborator}"],
    "teams_url": ["https://api.github.com/repos/michael-iuzzolino/CircleWorld_JS/teams"],
    "hooks_url": ["https://api.github.com/repos/michael-iuzzolino/CircleWorld_JS/hooks"],
    "issue_events_url": ["https://api.github.com/repos/michael-iuzzolino/CircleWorld_JS/issues/events{/number}"],
    "events_url": ["https://api.github.com/repos/michael-iuzzolino/CircleWorld_JS/events"],
    "assignees_url": ["https://api.github.com/repos/michael-iuzzolino/CircleWorld_JS/assignees{/user}"],
    "branches_url": ["https://api.github.com/repos/michael-iuzzolino/CircleWorld_JS/branches{/branch}"],
    "tags_url": ["https://api.github.com/repos/michael-iuzzolino/CircleWorld_JS/tags"],
    "blobs_url": ["https://api.github.com/repos/michael-iuzzolino/CircleWorld_JS/git/blobs{/sha}"],
    "git_tags_url": ["https://api.github.com/repos/michael-iuzzolino/CircleWorld_JS/git/tags{/sha}"],
    "git_refs_url": ["https://api.github.com/repos/michael-iuzzolino/CircleWorld_JS/git/refs{/sha}"],
    "trees_url": ["https://api.github.com/repos/michael-iuzzolino/CircleWorld_JS/git/trees{/sha}"],
    "statuses_url": ["https://api.github.com/repos/michael-iuzzolino/CircleWorld_JS/statuses/{sha}"],
    "languages_url": ["https://api.github.com/repos/michael-iuzzolino/CircleWorld_JS/languages"],
    "stargazers_url": ["https://api.github.com/repos/michael-iuzzolino/CircleWorld_JS/stargazers"],
    "contributors_url": ["https://api.github.com/repos/michael-iuzzolino/CircleWorld_JS/contributors"],
    "subscribers_url": ["https://api.github.com/repos/michael-iuzzolino/CircleWorld_JS/subscribers"],
    "subscription_url": ["https://api.github.com/repos/michael-iuzzolino/CircleWorld_JS/subscription"],
    "commits_url": ["https://api.github.com/repos/michael-iuzzolino/CircleWorld_JS/commits{/sha}"],
    "git_commits_url": ["https://api.github.com/repos/michael-iuzzolino/CircleWorld_JS/git/commits{/sha}"],
    "comments_url": ["https://api.github.com/repos/michael-iuzzolino/CircleWorld_JS/comments{/number}"],
    "issue_comment_url": ["https://api.github.com/repos/michael-iuzzolino/CircleWorld_JS/issues/comments{/number}"],
    "contents_url": ["https://api.github.com/repos/michael-iuzzolino/CircleWorld_JS/contents/{+path}"],
    "compare_url": ["https://api.github.com/repos/michael-iuzzolino/CircleWorld_JS/compare/{base}...{head}"],
    "merges_url": ["https://api.github.com/repos/michael-iuzzolino/CircleWorld_JS/merges"],
    "archive_url": ["https://api.github.com/repos/michael-iuzzolino/CircleWorld_JS/{archive_format}{/ref}"],
    "downloads_url": ["https://api.github.com/repos/michael-iuzzolino/CircleWorld_JS/downloads"],
    "issues_url": ["https://api.github.com/repos/michael-iuzzolino/CircleWorld_JS/issues{/number}"],
    "pulls_url": ["https://api.github.com/repos/michael-iuzzolino/CircleWorld_JS/pulls{/number}"],
    "milestones_url": ["https://api.github.com/repos/michael-iuzzolino/CircleWorld_JS/milestones{/number}"],
    "notifications_url": ["https://api.github.com/repos/michael-iuzzolino/CircleWorld_JS/notifications{?since,all,participating}"],
    "labels_url": ["https://api.github.com/repos/michael-iuzzolino/CircleWorld_JS/labels{/name}"],
    "releases_url": ["https://api.github.com/repos/michael-iuzzolino/CircleWorld_JS/releases{/id}"],
    "deployments_url": ["https://api.github.com/repos/michael-iuzzolino/CircleWorld_JS/deployments"],
    "created_at": ["2016-12-19T12:13:01Z"],
    "updated_at": ["2016-12-19T12:19:33Z"],
    "pushed_at": ["2016-12-21T16:57:39Z"],
    "git_url": ["git://github.com/michael-iuzzolino/CircleWorld_JS.git"],
    "ssh_url": ["git@github.com:michael-iuzzolino/CircleWorld_JS.git"],
    "clone_url": ["https://github.com/michael-iuzzolino/CircleWorld_JS.git"],
    "svn_url": ["https://github.com/michael-iuzzolino/CircleWorld_JS"],
    "homepage": {},
    "size": [85],
    "stargazers_count": [0],
    "watchers_count": [0],
    "language": ["JavaScript"],
    "has_issues": [true],
    "has_projects": [true],
    "has_downloads": [true],
    "has_wiki": [true],
    "has_pages": [false],
    "forks_count": [0],
    "mirror_url": {},
    "archived": [false],
    "disabled": [false],
    "open_issues_count": [0],
    "license": {},
    "forks": [0],
    "open_issues": [0],
    "watchers": [0],
    "default_branch": ["master"],
    "permissions": {
      "admin": [false],
      "push": [false],
      "pull": [true]
    }
  }
]
