[
  {
    "id": [119233919],
    "node_id": ["MDEwOlJlcG9zaXRvcnkxMTkyMzM5MTk="],
    "name": ["jquery.inview"],
    "full_name": ["michael-iuzzolino/jquery.inview"],
    "private": [false],
    "owner": {
      "login": ["michael-iuzzolino"],
      "id": [21148987],
      "node_id": ["MDQ6VXNlcjIxMTQ4OTg3"],
      "avatar_url": ["https://avatars2.githubusercontent.com/u/21148987?v=4"],
      "gravatar_id": [""],
      "url": ["https://api.github.com/users/michael-iuzzolino"],
      "html_url": ["https://github.com/michael-iuzzolino"],
      "followers_url": ["https://api.github.com/users/michael-iuzzolino/followers"],
      "following_url": ["https://api.github.com/users/michael-iuzzolino/following{/other_user}"],
      "gists_url": ["https://api.github.com/users/michael-iuzzolino/gists{/gist_id}"],
      "starred_url": ["https://api.github.com/users/michael-iuzzolino/starred{/owner}{/repo}"],
      "subscriptions_url": ["https://api.github.com/users/michael-iuzzolino/subscriptions"],
      "organizations_url": ["https://api.github.com/users/michael-iuzzolino/orgs"],
      "repos_url": ["https://api.github.com/users/michael-iuzzolino/repos"],
      "events_url": ["https://api.github.com/users/michael-iuzzolino/events{/privacy}"],
      "received_events_url": ["https://api.github.com/users/michael-iuzzolino/received_events"],
      "type": ["User"],
      "site_admin": [false]
    },
    "html_url": ["https://github.com/michael-iuzzolino/jquery.inview"],
    "description": ["A jQuery plugin that adds a bindable 'inview' event for detecting when an element is scrolled into view."],
    "fork": [true],
    "url": ["https://api.github.com/repos/michael-iuzzolino/jquery.inview"],
    "forks_url": ["https://api.github.com/repos/michael-iuzzolino/jquery.inview/forks"],
    "keys_url": ["https://api.github.com/repos/michael-iuzzolino/jquery.inview/keys{/key_id}"],
    "collaborators_url": ["https://api.github.com/repos/michael-iuzzolino/jquery.inview/collaborators{/collaborator}"],
    "teams_url": ["https://api.github.com/repos/michael-iuzzolino/jquery.inview/teams"],
    "hooks_url": ["https://api.github.com/repos/michael-iuzzolino/jquery.inview/hooks"],
    "issue_events_url": ["https://api.github.com/repos/michael-iuzzolino/jquery.inview/issues/events{/number}"],
    "events_url": ["https://api.github.com/repos/michael-iuzzolino/jquery.inview/events"],
    "assignees_url": ["https://api.github.com/repos/michael-iuzzolino/jquery.inview/assignees{/user}"],
    "branches_url": ["https://api.github.com/repos/michael-iuzzolino/jquery.inview/branches{/branch}"],
    "tags_url": ["https://api.github.com/repos/michael-iuzzolino/jquery.inview/tags"],
    "blobs_url": ["https://api.github.com/repos/michael-iuzzolino/jquery.inview/git/blobs{/sha}"],
    "git_tags_url": ["https://api.github.com/repos/michael-iuzzolino/jquery.inview/git/tags{/sha}"],
    "git_refs_url": ["https://api.github.com/repos/michael-iuzzolino/jquery.inview/git/refs{/sha}"],
    "trees_url": ["https://api.github.com/repos/michael-iuzzolino/jquery.inview/git/trees{/sha}"],
    "statuses_url": ["https://api.github.com/repos/michael-iuzzolino/jquery.inview/statuses/{sha}"],
    "languages_url": ["https://api.github.com/repos/michael-iuzzolino/jquery.inview/languages"],
    "stargazers_url": ["https://api.github.com/repos/michael-iuzzolino/jquery.inview/stargazers"],
    "contributors_url": ["https://api.github.com/repos/michael-iuzzolino/jquery.inview/contributors"],
    "subscribers_url": ["https://api.github.com/repos/michael-iuzzolino/jquery.inview/subscribers"],
    "subscription_url": ["https://api.github.com/repos/michael-iuzzolino/jquery.inview/subscription"],
    "commits_url": ["https://api.github.com/repos/michael-iuzzolino/jquery.inview/commits{/sha}"],
    "git_commits_url": ["https://api.github.com/repos/michael-iuzzolino/jquery.inview/git/commits{/sha}"],
    "comments_url": ["https://api.github.com/repos/michael-iuzzolino/jquery.inview/comments{/number}"],
    "issue_comment_url": ["https://api.github.com/repos/michael-iuzzolino/jquery.inview/issues/comments{/number}"],
    "contents_url": ["https://api.github.com/repos/michael-iuzzolino/jquery.inview/contents/{+path}"],
    "compare_url": ["https://api.github.com/repos/michael-iuzzolino/jquery.inview/compare/{base}...{head}"],
    "merges_url": ["https://api.github.com/repos/michael-iuzzolino/jquery.inview/merges"],
    "archive_url": ["https://api.github.com/repos/michael-iuzzolino/jquery.inview/{archive_format}{/ref}"],
    "downloads_url": ["https://api.github.com/repos/michael-iuzzolino/jquery.inview/downloads"],
    "issues_url": ["https://api.github.com/repos/michael-iuzzolino/jquery.inview/issues{/number}"],
    "pulls_url": ["https://api.github.com/repos/michael-iuzzolino/jquery.inview/pulls{/number}"],
    "milestones_url": ["https://api.github.com/repos/michael-iuzzolino/jquery.inview/milestones{/number}"],
    "notifications_url": ["https://api.github.com/repos/michael-iuzzolino/jquery.inview/notifications{?since,all,participating}"],
    "labels_url": ["https://api.github.com/repos/michael-iuzzolino/jquery.inview/labels{/name}"],
    "releases_url": ["https://api.github.com/repos/michael-iuzzolino/jquery.inview/releases{/id}"],
    "deployments_url": ["https://api.github.com/repos/michael-iuzzolino/jquery.inview/deployments"],
    "created_at": ["2018-01-28T06:24:02Z"],
    "updated_at": ["2018-01-28T06:24:04Z"],
    "pushed_at": ["2017-12-19T13:39:32Z"],
    "git_url": ["git://github.com/michael-iuzzolino/jquery.inview.git"],
    "ssh_url": ["git@github.com:michael-iuzzolino/jquery.inview.git"],
    "clone_url": ["https://github.com/michael-iuzzolino/jquery.inview.git"],
    "svn_url": ["https://github.com/michael-iuzzolino/jquery.inview"],
    "homepage": ["blog.protonet.info/post/2516624585/jquery-inview-plugin"],
    "size": [78],
    "stargazers_count": [0],
    "watchers_count": [0],
    "language": ["HTML"],
    "has_issues": [false],
    "has_projects": [true],
    "has_downloads": [true],
    "has_wiki": [false],
    "has_pages": [false],
    "forks_count": [0],
    "mirror_url": {},
    "archived": [false],
    "disabled": [false],
    "open_issues_count": [0],
    "license": {
      "key": ["wtfpl"],
      "name": ["Do What The F*ck You Want To Public License"],
      "spdx_id": ["WTFPL"],
      "url": ["https://api.github.com/licenses/wtfpl"],
      "node_id": ["MDc6TGljZW5zZTE4"]
    },
    "forks": [0],
    "open_issues": [0],
    "watchers": [0],
    "default_branch": ["master"],
    "permissions": {
      "admin": [false],
      "push": [false],
      "pull": [true]
    }
  }
]
