[
  {
    "id": [78376979],
    "node_id": ["MDEwOlJlcG9zaXRvcnk3ODM3Njk3OQ=="],
    "name": ["hofstadter_formal_system_solution"],
    "full_name": ["michael-iuzzolino/hofstadter_formal_system_solution"],
    "private": [false],
    "owner": {
      "login": ["michael-iuzzolino"],
      "id": [21148987],
      "node_id": ["MDQ6VXNlcjIxMTQ4OTg3"],
      "avatar_url": ["https://avatars2.githubusercontent.com/u/21148987?v=4"],
      "gravatar_id": [""],
      "url": ["https://api.github.com/users/michael-iuzzolino"],
      "html_url": ["https://github.com/michael-iuzzolino"],
      "followers_url": ["https://api.github.com/users/michael-iuzzolino/followers"],
      "following_url": ["https://api.github.com/users/michael-iuzzolino/following{/other_user}"],
      "gists_url": ["https://api.github.com/users/michael-iuzzolino/gists{/gist_id}"],
      "starred_url": ["https://api.github.com/users/michael-iuzzolino/starred{/owner}{/repo}"],
      "subscriptions_url": ["https://api.github.com/users/michael-iuzzolino/subscriptions"],
      "organizations_url": ["https://api.github.com/users/michael-iuzzolino/orgs"],
      "repos_url": ["https://api.github.com/users/michael-iuzzolino/repos"],
      "events_url": ["https://api.github.com/users/michael-iuzzolino/events{/privacy}"],
      "received_events_url": ["https://api.github.com/users/michael-iuzzolino/received_events"],
      "type": ["User"],
      "site_admin": [false]
    },
    "html_url": ["https://github.com/michael-iuzzolino/hofstadter_formal_system_solution"],
    "description": {},
    "fork": [false],
    "url": ["https://api.github.com/repos/michael-iuzzolino/hofstadter_formal_system_solution"],
    "forks_url": ["https://api.github.com/repos/michael-iuzzolino/hofstadter_formal_system_solution/forks"],
    "keys_url": ["https://api.github.com/repos/michael-iuzzolino/hofstadter_formal_system_solution/keys{/key_id}"],
    "collaborators_url": ["https://api.github.com/repos/michael-iuzzolino/hofstadter_formal_system_solution/collaborators{/collaborator}"],
    "teams_url": ["https://api.github.com/repos/michael-iuzzolino/hofstadter_formal_system_solution/teams"],
    "hooks_url": ["https://api.github.com/repos/michael-iuzzolino/hofstadter_formal_system_solution/hooks"],
    "issue_events_url": ["https://api.github.com/repos/michael-iuzzolino/hofstadter_formal_system_solution/issues/events{/number}"],
    "events_url": ["https://api.github.com/repos/michael-iuzzolino/hofstadter_formal_system_solution/events"],
    "assignees_url": ["https://api.github.com/repos/michael-iuzzolino/hofstadter_formal_system_solution/assignees{/user}"],
    "branches_url": ["https://api.github.com/repos/michael-iuzzolino/hofstadter_formal_system_solution/branches{/branch}"],
    "tags_url": ["https://api.github.com/repos/michael-iuzzolino/hofstadter_formal_system_solution/tags"],
    "blobs_url": ["https://api.github.com/repos/michael-iuzzolino/hofstadter_formal_system_solution/git/blobs{/sha}"],
    "git_tags_url": ["https://api.github.com/repos/michael-iuzzolino/hofstadter_formal_system_solution/git/tags{/sha}"],
    "git_refs_url": ["https://api.github.com/repos/michael-iuzzolino/hofstadter_formal_system_solution/git/refs{/sha}"],
    "trees_url": ["https://api.github.com/repos/michael-iuzzolino/hofstadter_formal_system_solution/git/trees{/sha}"],
    "statuses_url": ["https://api.github.com/repos/michael-iuzzolino/hofstadter_formal_system_solution/statuses/{sha}"],
    "languages_url": ["https://api.github.com/repos/michael-iuzzolino/hofstadter_formal_system_solution/languages"],
    "stargazers_url": ["https://api.github.com/repos/michael-iuzzolino/hofstadter_formal_system_solution/stargazers"],
    "contributors_url": ["https://api.github.com/repos/michael-iuzzolino/hofstadter_formal_system_solution/contributors"],
    "subscribers_url": ["https://api.github.com/repos/michael-iuzzolino/hofstadter_formal_system_solution/subscribers"],
    "subscription_url": ["https://api.github.com/repos/michael-iuzzolino/hofstadter_formal_system_solution/subscription"],
    "commits_url": ["https://api.github.com/repos/michael-iuzzolino/hofstadter_formal_system_solution/commits{/sha}"],
    "git_commits_url": ["https://api.github.com/repos/michael-iuzzolino/hofstadter_formal_system_solution/git/commits{/sha}"],
    "comments_url": ["https://api.github.com/repos/michael-iuzzolino/hofstadter_formal_system_solution/comments{/number}"],
    "issue_comment_url": ["https://api.github.com/repos/michael-iuzzolino/hofstadter_formal_system_solution/issues/comments{/number}"],
    "contents_url": ["https://api.github.com/repos/michael-iuzzolino/hofstadter_formal_system_solution/contents/{+path}"],
    "compare_url": ["https://api.github.com/repos/michael-iuzzolino/hofstadter_formal_system_solution/compare/{base}...{head}"],
    "merges_url": ["https://api.github.com/repos/michael-iuzzolino/hofstadter_formal_system_solution/merges"],
    "archive_url": ["https://api.github.com/repos/michael-iuzzolino/hofstadter_formal_system_solution/{archive_format}{/ref}"],
    "downloads_url": ["https://api.github.com/repos/michael-iuzzolino/hofstadter_formal_system_solution/downloads"],
    "issues_url": ["https://api.github.com/repos/michael-iuzzolino/hofstadter_formal_system_solution/issues{/number}"],
    "pulls_url": ["https://api.github.com/repos/michael-iuzzolino/hofstadter_formal_system_solution/pulls{/number}"],
    "milestones_url": ["https://api.github.com/repos/michael-iuzzolino/hofstadter_formal_system_solution/milestones{/number}"],
    "notifications_url": ["https://api.github.com/repos/michael-iuzzolino/hofstadter_formal_system_solution/notifications{?since,all,participating}"],
    "labels_url": ["https://api.github.com/repos/michael-iuzzolino/hofstadter_formal_system_solution/labels{/name}"],
    "releases_url": ["https://api.github.com/repos/michael-iuzzolino/hofstadter_formal_system_solution/releases{/id}"],
    "deployments_url": ["https://api.github.com/repos/michael-iuzzolino/hofstadter_formal_system_solution/deployments"],
    "created_at": ["2017-01-08T23:18:04Z"],
    "updated_at": ["2017-01-08T23:19:00Z"],
    "pushed_at": ["2017-01-08T23:18:58Z"],
    "git_url": ["git://github.com/michael-iuzzolino/hofstadter_formal_system_solution.git"],
    "ssh_url": ["git@github.com:michael-iuzzolino/hofstadter_formal_system_solution.git"],
    "clone_url": ["https://github.com/michael-iuzzolino/hofstadter_formal_system_solution.git"],
    "svn_url": ["https://github.com/michael-iuzzolino/hofstadter_formal_system_solution"],
    "homepage": {},
    "size": [1],
    "stargazers_count": [0],
    "watchers_count": [0],
    "language": ["Python"],
    "has_issues": [true],
    "has_projects": [true],
    "has_downloads": [true],
    "has_wiki": [true],
    "has_pages": [false],
    "forks_count": [0],
    "mirror_url": {},
    "archived": [false],
    "disabled": [false],
    "open_issues_count": [0],
    "license": {},
    "forks": [0],
    "open_issues": [0],
    "watchers": [0],
    "default_branch": ["master"],
    "permissions": {
      "admin": [false],
      "push": [false],
      "pull": [true]
    }
  }
]
