[
  {
    "id": [93475896],
    "node_id": ["MDEwOlJlcG9zaXRvcnk5MzQ3NTg5Ng=="],
    "name": ["tensorflow_optimization_vis"],
    "full_name": ["michael-iuzzolino/tensorflow_optimization_vis"],
    "private": [false],
    "owner": {
      "login": ["michael-iuzzolino"],
      "id": [21148987],
      "node_id": ["MDQ6VXNlcjIxMTQ4OTg3"],
      "avatar_url": ["https://avatars2.githubusercontent.com/u/21148987?v=4"],
      "gravatar_id": [""],
      "url": ["https://api.github.com/users/michael-iuzzolino"],
      "html_url": ["https://github.com/michael-iuzzolino"],
      "followers_url": ["https://api.github.com/users/michael-iuzzolino/followers"],
      "following_url": ["https://api.github.com/users/michael-iuzzolino/following{/other_user}"],
      "gists_url": ["https://api.github.com/users/michael-iuzzolino/gists{/gist_id}"],
      "starred_url": ["https://api.github.com/users/michael-iuzzolino/starred{/owner}{/repo}"],
      "subscriptions_url": ["https://api.github.com/users/michael-iuzzolino/subscriptions"],
      "organizations_url": ["https://api.github.com/users/michael-iuzzolino/orgs"],
      "repos_url": ["https://api.github.com/users/michael-iuzzolino/repos"],
      "events_url": ["https://api.github.com/users/michael-iuzzolino/events{/privacy}"],
      "received_events_url": ["https://api.github.com/users/michael-iuzzolino/received_events"],
      "type": ["User"],
      "site_admin": [false]
    },
    "html_url": ["https://github.com/michael-iuzzolino/tensorflow_optimization_vis"],
    "description": {},
    "fork": [false],
    "url": ["https://api.github.com/repos/michael-iuzzolino/tensorflow_optimization_vis"],
    "forks_url": ["https://api.github.com/repos/michael-iuzzolino/tensorflow_optimization_vis/forks"],
    "keys_url": ["https://api.github.com/repos/michael-iuzzolino/tensorflow_optimization_vis/keys{/key_id}"],
    "collaborators_url": ["https://api.github.com/repos/michael-iuzzolino/tensorflow_optimization_vis/collaborators{/collaborator}"],
    "teams_url": ["https://api.github.com/repos/michael-iuzzolino/tensorflow_optimization_vis/teams"],
    "hooks_url": ["https://api.github.com/repos/michael-iuzzolino/tensorflow_optimization_vis/hooks"],
    "issue_events_url": ["https://api.github.com/repos/michael-iuzzolino/tensorflow_optimization_vis/issues/events{/number}"],
    "events_url": ["https://api.github.com/repos/michael-iuzzolino/tensorflow_optimization_vis/events"],
    "assignees_url": ["https://api.github.com/repos/michael-iuzzolino/tensorflow_optimization_vis/assignees{/user}"],
    "branches_url": ["https://api.github.com/repos/michael-iuzzolino/tensorflow_optimization_vis/branches{/branch}"],
    "tags_url": ["https://api.github.com/repos/michael-iuzzolino/tensorflow_optimization_vis/tags"],
    "blobs_url": ["https://api.github.com/repos/michael-iuzzolino/tensorflow_optimization_vis/git/blobs{/sha}"],
    "git_tags_url": ["https://api.github.com/repos/michael-iuzzolino/tensorflow_optimization_vis/git/tags{/sha}"],
    "git_refs_url": ["https://api.github.com/repos/michael-iuzzolino/tensorflow_optimization_vis/git/refs{/sha}"],
    "trees_url": ["https://api.github.com/repos/michael-iuzzolino/tensorflow_optimization_vis/git/trees{/sha}"],
    "statuses_url": ["https://api.github.com/repos/michael-iuzzolino/tensorflow_optimization_vis/statuses/{sha}"],
    "languages_url": ["https://api.github.com/repos/michael-iuzzolino/tensorflow_optimization_vis/languages"],
    "stargazers_url": ["https://api.github.com/repos/michael-iuzzolino/tensorflow_optimization_vis/stargazers"],
    "contributors_url": ["https://api.github.com/repos/michael-iuzzolino/tensorflow_optimization_vis/contributors"],
    "subscribers_url": ["https://api.github.com/repos/michael-iuzzolino/tensorflow_optimization_vis/subscribers"],
    "subscription_url": ["https://api.github.com/repos/michael-iuzzolino/tensorflow_optimization_vis/subscription"],
    "commits_url": ["https://api.github.com/repos/michael-iuzzolino/tensorflow_optimization_vis/commits{/sha}"],
    "git_commits_url": ["https://api.github.com/repos/michael-iuzzolino/tensorflow_optimization_vis/git/commits{/sha}"],
    "comments_url": ["https://api.github.com/repos/michael-iuzzolino/tensorflow_optimization_vis/comments{/number}"],
    "issue_comment_url": ["https://api.github.com/repos/michael-iuzzolino/tensorflow_optimization_vis/issues/comments{/number}"],
    "contents_url": ["https://api.github.com/repos/michael-iuzzolino/tensorflow_optimization_vis/contents/{+path}"],
    "compare_url": ["https://api.github.com/repos/michael-iuzzolino/tensorflow_optimization_vis/compare/{base}...{head}"],
    "merges_url": ["https://api.github.com/repos/michael-iuzzolino/tensorflow_optimization_vis/merges"],
    "archive_url": ["https://api.github.com/repos/michael-iuzzolino/tensorflow_optimization_vis/{archive_format}{/ref}"],
    "downloads_url": ["https://api.github.com/repos/michael-iuzzolino/tensorflow_optimization_vis/downloads"],
    "issues_url": ["https://api.github.com/repos/michael-iuzzolino/tensorflow_optimization_vis/issues{/number}"],
    "pulls_url": ["https://api.github.com/repos/michael-iuzzolino/tensorflow_optimization_vis/pulls{/number}"],
    "milestones_url": ["https://api.github.com/repos/michael-iuzzolino/tensorflow_optimization_vis/milestones{/number}"],
    "notifications_url": ["https://api.github.com/repos/michael-iuzzolino/tensorflow_optimization_vis/notifications{?since,all,participating}"],
    "labels_url": ["https://api.github.com/repos/michael-iuzzolino/tensorflow_optimization_vis/labels{/name}"],
    "releases_url": ["https://api.github.com/repos/michael-iuzzolino/tensorflow_optimization_vis/releases{/id}"],
    "deployments_url": ["https://api.github.com/repos/michael-iuzzolino/tensorflow_optimization_vis/deployments"],
    "created_at": ["2017-06-06T04:24:27Z"],
    "updated_at": ["2017-06-06T04:28:58Z"],
    "pushed_at": ["2017-06-06T04:56:33Z"],
    "git_url": ["git://github.com/michael-iuzzolino/tensorflow_optimization_vis.git"],
    "ssh_url": ["git@github.com:michael-iuzzolino/tensorflow_optimization_vis.git"],
    "clone_url": ["https://github.com/michael-iuzzolino/tensorflow_optimization_vis.git"],
    "svn_url": ["https://github.com/michael-iuzzolino/tensorflow_optimization_vis"],
    "homepage": {},
    "size": [1896],
    "stargazers_count": [0],
    "watchers_count": [0],
    "language": ["CSS"],
    "has_issues": [true],
    "has_projects": [true],
    "has_downloads": [true],
    "has_wiki": [true],
    "has_pages": [false],
    "forks_count": [0],
    "mirror_url": {},
    "archived": [false],
    "disabled": [false],
    "open_issues_count": [0],
    "license": {},
    "forks": [0],
    "open_issues": [0],
    "watchers": [0],
    "default_branch": ["master"],
    "permissions": {
      "admin": [false],
      "push": [false],
      "pull": [true]
    }
  }
]
