[
  {
    "id": [171565455],
    "node_id": ["MDEwOlJlcG9zaXRvcnkxNzE1NjU0NTU="],
    "name": ["ResearchNotes"],
    "full_name": ["michael-iuzzolino/ResearchNotes"],
    "private": [false],
    "owner": {
      "login": ["michael-iuzzolino"],
      "id": [21148987],
      "node_id": ["MDQ6VXNlcjIxMTQ4OTg3"],
      "avatar_url": ["https://avatars2.githubusercontent.com/u/21148987?v=4"],
      "gravatar_id": [""],
      "url": ["https://api.github.com/users/michael-iuzzolino"],
      "html_url": ["https://github.com/michael-iuzzolino"],
      "followers_url": ["https://api.github.com/users/michael-iuzzolino/followers"],
      "following_url": ["https://api.github.com/users/michael-iuzzolino/following{/other_user}"],
      "gists_url": ["https://api.github.com/users/michael-iuzzolino/gists{/gist_id}"],
      "starred_url": ["https://api.github.com/users/michael-iuzzolino/starred{/owner}{/repo}"],
      "subscriptions_url": ["https://api.github.com/users/michael-iuzzolino/subscriptions"],
      "organizations_url": ["https://api.github.com/users/michael-iuzzolino/orgs"],
      "repos_url": ["https://api.github.com/users/michael-iuzzolino/repos"],
      "events_url": ["https://api.github.com/users/michael-iuzzolino/events{/privacy}"],
      "received_events_url": ["https://api.github.com/users/michael-iuzzolino/received_events"],
      "type": ["User"],
      "site_admin": [false]
    },
    "html_url": ["https://github.com/michael-iuzzolino/ResearchNotes"],
    "description": {},
    "fork": [false],
    "url": ["https://api.github.com/repos/michael-iuzzolino/ResearchNotes"],
    "forks_url": ["https://api.github.com/repos/michael-iuzzolino/ResearchNotes/forks"],
    "keys_url": ["https://api.github.com/repos/michael-iuzzolino/ResearchNotes/keys{/key_id}"],
    "collaborators_url": ["https://api.github.com/repos/michael-iuzzolino/ResearchNotes/collaborators{/collaborator}"],
    "teams_url": ["https://api.github.com/repos/michael-iuzzolino/ResearchNotes/teams"],
    "hooks_url": ["https://api.github.com/repos/michael-iuzzolino/ResearchNotes/hooks"],
    "issue_events_url": ["https://api.github.com/repos/michael-iuzzolino/ResearchNotes/issues/events{/number}"],
    "events_url": ["https://api.github.com/repos/michael-iuzzolino/ResearchNotes/events"],
    "assignees_url": ["https://api.github.com/repos/michael-iuzzolino/ResearchNotes/assignees{/user}"],
    "branches_url": ["https://api.github.com/repos/michael-iuzzolino/ResearchNotes/branches{/branch}"],
    "tags_url": ["https://api.github.com/repos/michael-iuzzolino/ResearchNotes/tags"],
    "blobs_url": ["https://api.github.com/repos/michael-iuzzolino/ResearchNotes/git/blobs{/sha}"],
    "git_tags_url": ["https://api.github.com/repos/michael-iuzzolino/ResearchNotes/git/tags{/sha}"],
    "git_refs_url": ["https://api.github.com/repos/michael-iuzzolino/ResearchNotes/git/refs{/sha}"],
    "trees_url": ["https://api.github.com/repos/michael-iuzzolino/ResearchNotes/git/trees{/sha}"],
    "statuses_url": ["https://api.github.com/repos/michael-iuzzolino/ResearchNotes/statuses/{sha}"],
    "languages_url": ["https://api.github.com/repos/michael-iuzzolino/ResearchNotes/languages"],
    "stargazers_url": ["https://api.github.com/repos/michael-iuzzolino/ResearchNotes/stargazers"],
    "contributors_url": ["https://api.github.com/repos/michael-iuzzolino/ResearchNotes/contributors"],
    "subscribers_url": ["https://api.github.com/repos/michael-iuzzolino/ResearchNotes/subscribers"],
    "subscription_url": ["https://api.github.com/repos/michael-iuzzolino/ResearchNotes/subscription"],
    "commits_url": ["https://api.github.com/repos/michael-iuzzolino/ResearchNotes/commits{/sha}"],
    "git_commits_url": ["https://api.github.com/repos/michael-iuzzolino/ResearchNotes/git/commits{/sha}"],
    "comments_url": ["https://api.github.com/repos/michael-iuzzolino/ResearchNotes/comments{/number}"],
    "issue_comment_url": ["https://api.github.com/repos/michael-iuzzolino/ResearchNotes/issues/comments{/number}"],
    "contents_url": ["https://api.github.com/repos/michael-iuzzolino/ResearchNotes/contents/{+path}"],
    "compare_url": ["https://api.github.com/repos/michael-iuzzolino/ResearchNotes/compare/{base}...{head}"],
    "merges_url": ["https://api.github.com/repos/michael-iuzzolino/ResearchNotes/merges"],
    "archive_url": ["https://api.github.com/repos/michael-iuzzolino/ResearchNotes/{archive_format}{/ref}"],
    "downloads_url": ["https://api.github.com/repos/michael-iuzzolino/ResearchNotes/downloads"],
    "issues_url": ["https://api.github.com/repos/michael-iuzzolino/ResearchNotes/issues{/number}"],
    "pulls_url": ["https://api.github.com/repos/michael-iuzzolino/ResearchNotes/pulls{/number}"],
    "milestones_url": ["https://api.github.com/repos/michael-iuzzolino/ResearchNotes/milestones{/number}"],
    "notifications_url": ["https://api.github.com/repos/michael-iuzzolino/ResearchNotes/notifications{?since,all,participating}"],
    "labels_url": ["https://api.github.com/repos/michael-iuzzolino/ResearchNotes/labels{/name}"],
    "releases_url": ["https://api.github.com/repos/michael-iuzzolino/ResearchNotes/releases{/id}"],
    "deployments_url": ["https://api.github.com/repos/michael-iuzzolino/ResearchNotes/deployments"],
    "created_at": ["2019-02-19T23:16:24Z"],
    "updated_at": ["2019-03-10T14:30:49Z"],
    "pushed_at": ["2019-03-10T14:30:48Z"],
    "git_url": ["git://github.com/michael-iuzzolino/ResearchNotes.git"],
    "ssh_url": ["git@github.com:michael-iuzzolino/ResearchNotes.git"],
    "clone_url": ["https://github.com/michael-iuzzolino/ResearchNotes.git"],
    "svn_url": ["https://github.com/michael-iuzzolino/ResearchNotes"],
    "homepage": {},
    "size": [71413],
    "stargazers_count": [0],
    "watchers_count": [0],
    "language": ["Jupyter Notebook"],
    "has_issues": [true],
    "has_projects": [true],
    "has_downloads": [true],
    "has_wiki": [true],
    "has_pages": [false],
    "forks_count": [0],
    "mirror_url": {},
    "archived": [false],
    "disabled": [false],
    "open_issues_count": [0],
    "license": {},
    "forks": [0],
    "open_issues": [0],
    "watchers": [0],
    "default_branch": ["master"],
    "permissions": {
      "admin": [false],
      "push": [false],
      "pull": [true]
    }
  }
]
