[
  {
    "id": [80274079],
    "node_id": ["MDEwOlJlcG9zaXRvcnk4MDI3NDA3OQ=="],
    "name": ["Game-of-Life"],
    "full_name": ["michael-iuzzolino/Game-of-Life"],
    "private": [false],
    "owner": {
      "login": ["michael-iuzzolino"],
      "id": [21148987],
      "node_id": ["MDQ6VXNlcjIxMTQ4OTg3"],
      "avatar_url": ["https://avatars2.githubusercontent.com/u/21148987?v=4"],
      "gravatar_id": [""],
      "url": ["https://api.github.com/users/michael-iuzzolino"],
      "html_url": ["https://github.com/michael-iuzzolino"],
      "followers_url": ["https://api.github.com/users/michael-iuzzolino/followers"],
      "following_url": ["https://api.github.com/users/michael-iuzzolino/following{/other_user}"],
      "gists_url": ["https://api.github.com/users/michael-iuzzolino/gists{/gist_id}"],
      "starred_url": ["https://api.github.com/users/michael-iuzzolino/starred{/owner}{/repo}"],
      "subscriptions_url": ["https://api.github.com/users/michael-iuzzolino/subscriptions"],
      "organizations_url": ["https://api.github.com/users/michael-iuzzolino/orgs"],
      "repos_url": ["https://api.github.com/users/michael-iuzzolino/repos"],
      "events_url": ["https://api.github.com/users/michael-iuzzolino/events{/privacy}"],
      "received_events_url": ["https://api.github.com/users/michael-iuzzolino/received_events"],
      "type": ["User"],
      "site_admin": [false]
    },
    "html_url": ["https://github.com/michael-iuzzolino/Game-of-Life"],
    "description": {},
    "fork": [false],
    "url": ["https://api.github.com/repos/michael-iuzzolino/Game-of-Life"],
    "forks_url": ["https://api.github.com/repos/michael-iuzzolino/Game-of-Life/forks"],
    "keys_url": ["https://api.github.com/repos/michael-iuzzolino/Game-of-Life/keys{/key_id}"],
    "collaborators_url": ["https://api.github.com/repos/michael-iuzzolino/Game-of-Life/collaborators{/collaborator}"],
    "teams_url": ["https://api.github.com/repos/michael-iuzzolino/Game-of-Life/teams"],
    "hooks_url": ["https://api.github.com/repos/michael-iuzzolino/Game-of-Life/hooks"],
    "issue_events_url": ["https://api.github.com/repos/michael-iuzzolino/Game-of-Life/issues/events{/number}"],
    "events_url": ["https://api.github.com/repos/michael-iuzzolino/Game-of-Life/events"],
    "assignees_url": ["https://api.github.com/repos/michael-iuzzolino/Game-of-Life/assignees{/user}"],
    "branches_url": ["https://api.github.com/repos/michael-iuzzolino/Game-of-Life/branches{/branch}"],
    "tags_url": ["https://api.github.com/repos/michael-iuzzolino/Game-of-Life/tags"],
    "blobs_url": ["https://api.github.com/repos/michael-iuzzolino/Game-of-Life/git/blobs{/sha}"],
    "git_tags_url": ["https://api.github.com/repos/michael-iuzzolino/Game-of-Life/git/tags{/sha}"],
    "git_refs_url": ["https://api.github.com/repos/michael-iuzzolino/Game-of-Life/git/refs{/sha}"],
    "trees_url": ["https://api.github.com/repos/michael-iuzzolino/Game-of-Life/git/trees{/sha}"],
    "statuses_url": ["https://api.github.com/repos/michael-iuzzolino/Game-of-Life/statuses/{sha}"],
    "languages_url": ["https://api.github.com/repos/michael-iuzzolino/Game-of-Life/languages"],
    "stargazers_url": ["https://api.github.com/repos/michael-iuzzolino/Game-of-Life/stargazers"],
    "contributors_url": ["https://api.github.com/repos/michael-iuzzolino/Game-of-Life/contributors"],
    "subscribers_url": ["https://api.github.com/repos/michael-iuzzolino/Game-of-Life/subscribers"],
    "subscription_url": ["https://api.github.com/repos/michael-iuzzolino/Game-of-Life/subscription"],
    "commits_url": ["https://api.github.com/repos/michael-iuzzolino/Game-of-Life/commits{/sha}"],
    "git_commits_url": ["https://api.github.com/repos/michael-iuzzolino/Game-of-Life/git/commits{/sha}"],
    "comments_url": ["https://api.github.com/repos/michael-iuzzolino/Game-of-Life/comments{/number}"],
    "issue_comment_url": ["https://api.github.com/repos/michael-iuzzolino/Game-of-Life/issues/comments{/number}"],
    "contents_url": ["https://api.github.com/repos/michael-iuzzolino/Game-of-Life/contents/{+path}"],
    "compare_url": ["https://api.github.com/repos/michael-iuzzolino/Game-of-Life/compare/{base}...{head}"],
    "merges_url": ["https://api.github.com/repos/michael-iuzzolino/Game-of-Life/merges"],
    "archive_url": ["https://api.github.com/repos/michael-iuzzolino/Game-of-Life/{archive_format}{/ref}"],
    "downloads_url": ["https://api.github.com/repos/michael-iuzzolino/Game-of-Life/downloads"],
    "issues_url": ["https://api.github.com/repos/michael-iuzzolino/Game-of-Life/issues{/number}"],
    "pulls_url": ["https://api.github.com/repos/michael-iuzzolino/Game-of-Life/pulls{/number}"],
    "milestones_url": ["https://api.github.com/repos/michael-iuzzolino/Game-of-Life/milestones{/number}"],
    "notifications_url": ["https://api.github.com/repos/michael-iuzzolino/Game-of-Life/notifications{?since,all,participating}"],
    "labels_url": ["https://api.github.com/repos/michael-iuzzolino/Game-of-Life/labels{/name}"],
    "releases_url": ["https://api.github.com/repos/michael-iuzzolino/Game-of-Life/releases{/id}"],
    "deployments_url": ["https://api.github.com/repos/michael-iuzzolino/Game-of-Life/deployments"],
    "created_at": ["2017-01-28T08:23:17Z"],
    "updated_at": ["2017-01-28T08:24:19Z"],
    "pushed_at": ["2017-01-28T08:24:18Z"],
    "git_url": ["git://github.com/michael-iuzzolino/Game-of-Life.git"],
    "ssh_url": ["git@github.com:michael-iuzzolino/Game-of-Life.git"],
    "clone_url": ["https://github.com/michael-iuzzolino/Game-of-Life.git"],
    "svn_url": ["https://github.com/michael-iuzzolino/Game-of-Life"],
    "homepage": {},
    "size": [54],
    "stargazers_count": [0],
    "watchers_count": [0],
    "language": ["JavaScript"],
    "has_issues": [true],
    "has_projects": [true],
    "has_downloads": [true],
    "has_wiki": [true],
    "has_pages": [false],
    "forks_count": [0],
    "mirror_url": {},
    "archived": [false],
    "disabled": [false],
    "open_issues_count": [0],
    "license": {},
    "forks": [0],
    "open_issues": [0],
    "watchers": [0],
    "default_branch": ["master"],
    "permissions": {
      "admin": [false],
      "push": [false],
      "pull": [true]
    }
  }
]
