[
  {
    "id": [104966372],
    "node_id": ["MDEwOlJlcG9zaXRvcnkxMDQ5NjYzNzI="],
    "name": ["CarPlanner"],
    "full_name": ["michael-iuzzolino/CarPlanner"],
    "private": [false],
    "owner": {
      "login": ["michael-iuzzolino"],
      "id": [21148987],
      "node_id": ["MDQ6VXNlcjIxMTQ4OTg3"],
      "avatar_url": ["https://avatars2.githubusercontent.com/u/21148987?v=4"],
      "gravatar_id": [""],
      "url": ["https://api.github.com/users/michael-iuzzolino"],
      "html_url": ["https://github.com/michael-iuzzolino"],
      "followers_url": ["https://api.github.com/users/michael-iuzzolino/followers"],
      "following_url": ["https://api.github.com/users/michael-iuzzolino/following{/other_user}"],
      "gists_url": ["https://api.github.com/users/michael-iuzzolino/gists{/gist_id}"],
      "starred_url": ["https://api.github.com/users/michael-iuzzolino/starred{/owner}{/repo}"],
      "subscriptions_url": ["https://api.github.com/users/michael-iuzzolino/subscriptions"],
      "organizations_url": ["https://api.github.com/users/michael-iuzzolino/orgs"],
      "repos_url": ["https://api.github.com/users/michael-iuzzolino/repos"],
      "events_url": ["https://api.github.com/users/michael-iuzzolino/events{/privacy}"],
      "received_events_url": ["https://api.github.com/users/michael-iuzzolino/received_events"],
      "type": ["User"],
      "site_admin": [false]
    },
    "html_url": ["https://github.com/michael-iuzzolino/CarPlanner"],
    "description": {},
    "fork": [true],
    "url": ["https://api.github.com/repos/michael-iuzzolino/CarPlanner"],
    "forks_url": ["https://api.github.com/repos/michael-iuzzolino/CarPlanner/forks"],
    "keys_url": ["https://api.github.com/repos/michael-iuzzolino/CarPlanner/keys{/key_id}"],
    "collaborators_url": ["https://api.github.com/repos/michael-iuzzolino/CarPlanner/collaborators{/collaborator}"],
    "teams_url": ["https://api.github.com/repos/michael-iuzzolino/CarPlanner/teams"],
    "hooks_url": ["https://api.github.com/repos/michael-iuzzolino/CarPlanner/hooks"],
    "issue_events_url": ["https://api.github.com/repos/michael-iuzzolino/CarPlanner/issues/events{/number}"],
    "events_url": ["https://api.github.com/repos/michael-iuzzolino/CarPlanner/events"],
    "assignees_url": ["https://api.github.com/repos/michael-iuzzolino/CarPlanner/assignees{/user}"],
    "branches_url": ["https://api.github.com/repos/michael-iuzzolino/CarPlanner/branches{/branch}"],
    "tags_url": ["https://api.github.com/repos/michael-iuzzolino/CarPlanner/tags"],
    "blobs_url": ["https://api.github.com/repos/michael-iuzzolino/CarPlanner/git/blobs{/sha}"],
    "git_tags_url": ["https://api.github.com/repos/michael-iuzzolino/CarPlanner/git/tags{/sha}"],
    "git_refs_url": ["https://api.github.com/repos/michael-iuzzolino/CarPlanner/git/refs{/sha}"],
    "trees_url": ["https://api.github.com/repos/michael-iuzzolino/CarPlanner/git/trees{/sha}"],
    "statuses_url": ["https://api.github.com/repos/michael-iuzzolino/CarPlanner/statuses/{sha}"],
    "languages_url": ["https://api.github.com/repos/michael-iuzzolino/CarPlanner/languages"],
    "stargazers_url": ["https://api.github.com/repos/michael-iuzzolino/CarPlanner/stargazers"],
    "contributors_url": ["https://api.github.com/repos/michael-iuzzolino/CarPlanner/contributors"],
    "subscribers_url": ["https://api.github.com/repos/michael-iuzzolino/CarPlanner/subscribers"],
    "subscription_url": ["https://api.github.com/repos/michael-iuzzolino/CarPlanner/subscription"],
    "commits_url": ["https://api.github.com/repos/michael-iuzzolino/CarPlanner/commits{/sha}"],
    "git_commits_url": ["https://api.github.com/repos/michael-iuzzolino/CarPlanner/git/commits{/sha}"],
    "comments_url": ["https://api.github.com/repos/michael-iuzzolino/CarPlanner/comments{/number}"],
    "issue_comment_url": ["https://api.github.com/repos/michael-iuzzolino/CarPlanner/issues/comments{/number}"],
    "contents_url": ["https://api.github.com/repos/michael-iuzzolino/CarPlanner/contents/{+path}"],
    "compare_url": ["https://api.github.com/repos/michael-iuzzolino/CarPlanner/compare/{base}...{head}"],
    "merges_url": ["https://api.github.com/repos/michael-iuzzolino/CarPlanner/merges"],
    "archive_url": ["https://api.github.com/repos/michael-iuzzolino/CarPlanner/{archive_format}{/ref}"],
    "downloads_url": ["https://api.github.com/repos/michael-iuzzolino/CarPlanner/downloads"],
    "issues_url": ["https://api.github.com/repos/michael-iuzzolino/CarPlanner/issues{/number}"],
    "pulls_url": ["https://api.github.com/repos/michael-iuzzolino/CarPlanner/pulls{/number}"],
    "milestones_url": ["https://api.github.com/repos/michael-iuzzolino/CarPlanner/milestones{/number}"],
    "notifications_url": ["https://api.github.com/repos/michael-iuzzolino/CarPlanner/notifications{?since,all,participating}"],
    "labels_url": ["https://api.github.com/repos/michael-iuzzolino/CarPlanner/labels{/name}"],
    "releases_url": ["https://api.github.com/repos/michael-iuzzolino/CarPlanner/releases{/id}"],
    "deployments_url": ["https://api.github.com/repos/michael-iuzzolino/CarPlanner/deployments"],
    "created_at": ["2017-09-27T03:13:57Z"],
    "updated_at": ["2017-09-27T03:13:59Z"],
    "pushed_at": ["2016-05-11T23:08:08Z"],
    "git_url": ["git://github.com/michael-iuzzolino/CarPlanner.git"],
    "ssh_url": ["git@github.com:michael-iuzzolino/CarPlanner.git"],
    "clone_url": ["https://github.com/michael-iuzzolino/CarPlanner.git"],
    "svn_url": ["https://github.com/michael-iuzzolino/CarPlanner"],
    "homepage": [""],
    "size": [288],
    "stargazers_count": [0],
    "watchers_count": [0],
    "language": ["C++"],
    "has_issues": [false],
    "has_projects": [true],
    "has_downloads": [true],
    "has_wiki": [true],
    "has_pages": [false],
    "forks_count": [0],
    "mirror_url": {},
    "archived": [false],
    "disabled": [false],
    "open_issues_count": [0],
    "license": {},
    "forks": [0],
    "open_issues": [0],
    "watchers": [0],
    "default_branch": ["master"],
    "permissions": {
      "admin": [false],
      "push": [false],
      "pull": [true]
    }
  }
]
