[
  {
    "id": [89683116],
    "node_id": ["MDEwOlJlcG9zaXRvcnk4OTY4MzExNg=="],
    "name": ["AI_perceptions_survey_analysis"],
    "full_name": ["michael-iuzzolino/AI_perceptions_survey_analysis"],
    "private": [false],
    "owner": {
      "login": ["michael-iuzzolino"],
      "id": [21148987],
      "node_id": ["MDQ6VXNlcjIxMTQ4OTg3"],
      "avatar_url": ["https://avatars2.githubusercontent.com/u/21148987?v=4"],
      "gravatar_id": [""],
      "url": ["https://api.github.com/users/michael-iuzzolino"],
      "html_url": ["https://github.com/michael-iuzzolino"],
      "followers_url": ["https://api.github.com/users/michael-iuzzolino/followers"],
      "following_url": ["https://api.github.com/users/michael-iuzzolino/following{/other_user}"],
      "gists_url": ["https://api.github.com/users/michael-iuzzolino/gists{/gist_id}"],
      "starred_url": ["https://api.github.com/users/michael-iuzzolino/starred{/owner}{/repo}"],
      "subscriptions_url": ["https://api.github.com/users/michael-iuzzolino/subscriptions"],
      "organizations_url": ["https://api.github.com/users/michael-iuzzolino/orgs"],
      "repos_url": ["https://api.github.com/users/michael-iuzzolino/repos"],
      "events_url": ["https://api.github.com/users/michael-iuzzolino/events{/privacy}"],
      "received_events_url": ["https://api.github.com/users/michael-iuzzolino/received_events"],
      "type": ["User"],
      "site_admin": [false]
    },
    "html_url": ["https://github.com/michael-iuzzolino/AI_perceptions_survey_analysis"],
    "description": {},
    "fork": [false],
    "url": ["https://api.github.com/repos/michael-iuzzolino/AI_perceptions_survey_analysis"],
    "forks_url": ["https://api.github.com/repos/michael-iuzzolino/AI_perceptions_survey_analysis/forks"],
    "keys_url": ["https://api.github.com/repos/michael-iuzzolino/AI_perceptions_survey_analysis/keys{/key_id}"],
    "collaborators_url": ["https://api.github.com/repos/michael-iuzzolino/AI_perceptions_survey_analysis/collaborators{/collaborator}"],
    "teams_url": ["https://api.github.com/repos/michael-iuzzolino/AI_perceptions_survey_analysis/teams"],
    "hooks_url": ["https://api.github.com/repos/michael-iuzzolino/AI_perceptions_survey_analysis/hooks"],
    "issue_events_url": ["https://api.github.com/repos/michael-iuzzolino/AI_perceptions_survey_analysis/issues/events{/number}"],
    "events_url": ["https://api.github.com/repos/michael-iuzzolino/AI_perceptions_survey_analysis/events"],
    "assignees_url": ["https://api.github.com/repos/michael-iuzzolino/AI_perceptions_survey_analysis/assignees{/user}"],
    "branches_url": ["https://api.github.com/repos/michael-iuzzolino/AI_perceptions_survey_analysis/branches{/branch}"],
    "tags_url": ["https://api.github.com/repos/michael-iuzzolino/AI_perceptions_survey_analysis/tags"],
    "blobs_url": ["https://api.github.com/repos/michael-iuzzolino/AI_perceptions_survey_analysis/git/blobs{/sha}"],
    "git_tags_url": ["https://api.github.com/repos/michael-iuzzolino/AI_perceptions_survey_analysis/git/tags{/sha}"],
    "git_refs_url": ["https://api.github.com/repos/michael-iuzzolino/AI_perceptions_survey_analysis/git/refs{/sha}"],
    "trees_url": ["https://api.github.com/repos/michael-iuzzolino/AI_perceptions_survey_analysis/git/trees{/sha}"],
    "statuses_url": ["https://api.github.com/repos/michael-iuzzolino/AI_perceptions_survey_analysis/statuses/{sha}"],
    "languages_url": ["https://api.github.com/repos/michael-iuzzolino/AI_perceptions_survey_analysis/languages"],
    "stargazers_url": ["https://api.github.com/repos/michael-iuzzolino/AI_perceptions_survey_analysis/stargazers"],
    "contributors_url": ["https://api.github.com/repos/michael-iuzzolino/AI_perceptions_survey_analysis/contributors"],
    "subscribers_url": ["https://api.github.com/repos/michael-iuzzolino/AI_perceptions_survey_analysis/subscribers"],
    "subscription_url": ["https://api.github.com/repos/michael-iuzzolino/AI_perceptions_survey_analysis/subscription"],
    "commits_url": ["https://api.github.com/repos/michael-iuzzolino/AI_perceptions_survey_analysis/commits{/sha}"],
    "git_commits_url": ["https://api.github.com/repos/michael-iuzzolino/AI_perceptions_survey_analysis/git/commits{/sha}"],
    "comments_url": ["https://api.github.com/repos/michael-iuzzolino/AI_perceptions_survey_analysis/comments{/number}"],
    "issue_comment_url": ["https://api.github.com/repos/michael-iuzzolino/AI_perceptions_survey_analysis/issues/comments{/number}"],
    "contents_url": ["https://api.github.com/repos/michael-iuzzolino/AI_perceptions_survey_analysis/contents/{+path}"],
    "compare_url": ["https://api.github.com/repos/michael-iuzzolino/AI_perceptions_survey_analysis/compare/{base}...{head}"],
    "merges_url": ["https://api.github.com/repos/michael-iuzzolino/AI_perceptions_survey_analysis/merges"],
    "archive_url": ["https://api.github.com/repos/michael-iuzzolino/AI_perceptions_survey_analysis/{archive_format}{/ref}"],
    "downloads_url": ["https://api.github.com/repos/michael-iuzzolino/AI_perceptions_survey_analysis/downloads"],
    "issues_url": ["https://api.github.com/repos/michael-iuzzolino/AI_perceptions_survey_analysis/issues{/number}"],
    "pulls_url": ["https://api.github.com/repos/michael-iuzzolino/AI_perceptions_survey_analysis/pulls{/number}"],
    "milestones_url": ["https://api.github.com/repos/michael-iuzzolino/AI_perceptions_survey_analysis/milestones{/number}"],
    "notifications_url": ["https://api.github.com/repos/michael-iuzzolino/AI_perceptions_survey_analysis/notifications{?since,all,participating}"],
    "labels_url": ["https://api.github.com/repos/michael-iuzzolino/AI_perceptions_survey_analysis/labels{/name}"],
    "releases_url": ["https://api.github.com/repos/michael-iuzzolino/AI_perceptions_survey_analysis/releases{/id}"],
    "deployments_url": ["https://api.github.com/repos/michael-iuzzolino/AI_perceptions_survey_analysis/deployments"],
    "created_at": ["2017-04-28T08:02:57Z"],
    "updated_at": ["2017-04-28T08:04:13Z"],
    "pushed_at": ["2017-04-29T02:24:31Z"],
    "git_url": ["git://github.com/michael-iuzzolino/AI_perceptions_survey_analysis.git"],
    "ssh_url": ["git@github.com:michael-iuzzolino/AI_perceptions_survey_analysis.git"],
    "clone_url": ["https://github.com/michael-iuzzolino/AI_perceptions_survey_analysis.git"],
    "svn_url": ["https://github.com/michael-iuzzolino/AI_perceptions_survey_analysis"],
    "homepage": {},
    "size": [18841],
    "stargazers_count": [0],
    "watchers_count": [0],
    "language": ["Jupyter Notebook"],
    "has_issues": [true],
    "has_projects": [true],
    "has_downloads": [true],
    "has_wiki": [true],
    "has_pages": [false],
    "forks_count": [0],
    "mirror_url": {},
    "archived": [false],
    "disabled": [false],
    "open_issues_count": [0],
    "license": {},
    "forks": [0],
    "open_issues": [0],
    "watchers": [0],
    "default_branch": ["master"],
    "permissions": {
      "admin": [false],
      "push": [false],
      "pull": [true]
    }
  }
]
